user_id,signup_date,country,signup_channel
USR_000001,2025-04-13,US,Organic App Store Search
USR_000002,2025-04-17,US,Organic App Store Search
USR_000003,2025-03-13,US,Apple Search Ads
USR_000004,2025-07-08,US,Organic App Store Search
USR_000005,2025-01-21,UK,Apple Search Ads
USR_000006,2025-04-13,CA,Social Media Campaign
USR_000007,2025-05-02,US,Organic App Store Search
USR_000008,2025-08-03,AU,Apple Search Ads
USR_000009,2025-03-29,US,Web Referral
USR_000010,2025-04-10,DE,Apple Search Ads
USR_000011,2025-06-01,UK,Organic App Store Search
USR_000012,2025-05-11,UK,Organic App Store Search
USR_000013,2025-05-30,US,Apple Search Ads
USR_000014,2025-09-15,US,Organic App Store Search
USR_000015,2025-07-11,UK,Apple Search Ads
USR_000016,2025-06-10,CA,Web Referral
USR_000017,2025-01-22,US,Apple Search Ads
USR_000018,2025-09-10,JP,Organic App Store Search
USR_000019,2025-08-24,JP,Organic App Store Search
USR_000020,2025-02-18,UK,Web Referral
USR_000021,2025-02-28,JP,Social Media Campaign
USR_000022,2025-06-19,US,Organic App Store Search
USR_000023,2025-07-07,US,Organic App Store Search
USR_000024,2025-07-09,US,Apple Search Ads
USR_000025,2025-06-24,UK,Organic App Store Search
USR_000026,2025-02-20,US,Organic App Store Search
USR_000027,2025-02-24,JP,Organic App Store Search
USR_000028,2025-09-01,US,Organic App Store Search
USR_000029,2025-05-11,US,Organic App Store Search
USR_000030,2025-05-15,DE,Organic App Store Search
USR_000031,2025-01-21,US,Organic App Store Search
USR_000032,2025-06-16,US,Apple Search Ads
USR_000033,2025-03-30,CA,Apple Search Ads
USR_000034,2025-01-14,US,Organic App Store Search
USR_000035,2025-08-30,US,Web Referral
USR_000036,2025-09-22,US,Organic App Store Search
USR_000037,2025-02-22,UK,Organic App Store Search
USR_000038,2025-04-02,JP,Organic App Store Search
USR_000039,2025-09-21,DE,Apple Search Ads
USR_000040,2025-02-04,US,Organic App Store Search
USR_000041,2025-07-25,US,Organic App Store Search
USR_000042,2025-03-22,UK,Apple Search Ads
USR_000043,2025-02-19,JP,Apple Search Ads
USR_000044,2025-01-02,US,Social Media Campaign
USR_000045,2025-02-23,US,Social Media Campaign
USR_000046,2025-04-16,AU,Web Referral
USR_000047,2025-09-17,JP,Organic App Store Search
USR_000048,2025-07-10,US,Organic App Store Search
USR_000049,2025-08-06,US,Web Referral
USR_000050,2025-02-13,US,Apple Search Ads
USR_000051,2025-06-11,US,Apple Search Ads
USR_000052,2025-07-21,CA,Organic App Store Search
USR_000053,2025-09-27,CA,Organic App Store Search
USR_000054,2025-08-03,CA,Organic App Store Search
USR_000055,2025-09-09,US,Organic App Store Search
USR_000056,2025-07-09,US,Organic App Store Search
USR_000057,2025-08-01,US,Organic App Store Search
USR_000058,2025-07-27,US,Apple Search Ads
USR_000059,2025-08-25,DE,Organic App Store Search
USR_000060,2025-02-22,US,Organic App Store Search
USR_000061,2025-08-05,US,Organic App Store Search
USR_000062,2025-09-09,US,Organic App Store Search
USR_000063,2025-07-07,US,Organic App Store Search
USR_000064,2025-02-10,UK,Organic App Store Search
USR_000065,2025-06-06,DE,Organic App Store Search
USR_000066,2025-01-15,US,Apple Search Ads
USR_000067,2025-03-06,AU,Organic App Store Search
USR_000068,2025-01-09,US,Apple Search Ads
USR_000069,2025-05-09,US,Social Media Campaign
USR_000070,2025-05-16,FR,Apple Search Ads
USR_000071,2025-03-04,US,Organic App Store Search
USR_000072,2025-05-19,CA,Organic App Store Search
USR_000073,2025-03-22,US,Apple Search Ads
USR_000074,2025-06-12,UK,Web Referral
USR_000075,2025-09-18,DE,Web Referral
USR_000076,2025-08-19,FR,Organic App Store Search
USR_000077,2025-02-10,DE,Apple Search Ads
USR_000078,2025-01-28,UK,Social Media Campaign
USR_000079,2025-05-15,US,Social Media Campaign
USR_000080,2025-07-20,CA,Organic App Store Search
USR_000081,2025-09-25,AU,Organic App Store Search
USR_000082,2025-02-02,US,Organic App Store Search
USR_000083,2025-02-17,US,Organic App Store Search
USR_000084,2025-03-03,DE,Apple Search Ads
USR_000085,2025-08-04,UK,Web Referral
USR_000086,2025-04-09,US,Social Media Campaign
USR_000087,2025-06-21,FR,Organic App Store Search
USR_000088,2025-08-02,US,Apple Search Ads
USR_000089,2025-02-04,US,Organic App Store Search
USR_000090,2025-08-15,CA,Apple Search Ads
USR_000091,2025-04-11,US,Apple Search Ads
USR_000092,2025-05-11,AU,Organic App Store Search
USR_000093,2025-09-14,US,Organic App Store Search
USR_000094,2025-01-05,US,Organic App Store Search
USR_000095,2025-08-06,US,Organic App Store Search
USR_000096,2025-09-12,JP,Social Media Campaign
USR_000097,2025-07-26,US,Organic App Store Search
USR_000098,2025-01-15,US,Organic App Store Search
USR_000099,2025-02-11,US,Organic App Store Search
USR_000100,2025-06-28,US,Social Media Campaign
USR_000101,2025-03-04,US,Organic App Store Search
USR_000102,2025-08-19,US,Organic App Store Search
USR_000103,2025-08-29,UK,Apple Search Ads
USR_000104,2025-02-21,UK,Organic App Store Search
USR_000105,2025-04-06,DE,Organic App Store Search
USR_000106,2025-08-10,CA,Apple Search Ads
USR_000107,2025-08-19,US,Organic App Store Search
USR_000108,2025-08-25,US,Social Media Campaign
USR_000109,2025-05-23,AU,Apple Search Ads
USR_000110,2025-06-20,AU,Apple Search Ads
USR_000111,2025-01-29,US,Organic App Store Search
USR_000112,2025-02-05,FR,Social Media Campaign
USR_000113,2025-01-13,US,Apple Search Ads
USR_000114,2025-06-09,US,Organic App Store Search
USR_000115,2025-07-06,US,Organic App Store Search
USR_000116,2025-08-31,FR,Organic App Store Search
USR_000117,2025-03-27,UK,Social Media Campaign
USR_000118,2025-03-07,DE,Web Referral
USR_000119,2025-06-19,US,Apple Search Ads
USR_000120,2025-02-14,UK,Apple Search Ads
USR_000121,2025-03-03,US,Organic App Store Search
USR_000122,2025-05-14,DE,Apple Search Ads
USR_000123,2025-01-28,US,Web Referral
USR_000124,2025-04-18,US,Organic App Store Search
USR_000125,2025-02-13,US,Organic App Store Search
USR_000126,2025-05-08,FR,Organic App Store Search
USR_000127,2025-08-19,UK,Organic App Store Search
USR_000128,2025-07-09,US,Apple Search Ads
USR_000129,2025-08-13,US,Web Referral
USR_000130,2025-05-01,JP,Organic App Store Search
USR_000131,2025-04-26,FR,Organic App Store Search
USR_000132,2025-08-21,AU,Organic App Store Search
USR_000133,2025-09-16,US,Web Referral
USR_000134,2025-07-17,US,Organic App Store Search
USR_000135,2025-05-17,FR,Organic App Store Search
USR_000136,2025-06-14,US,Organic App Store Search
USR_000137,2025-08-13,US,Organic App Store Search
USR_000138,2025-08-22,UK,Social Media Campaign
USR_000139,2025-06-21,FR,Organic App Store Search
USR_000140,2025-06-01,US,Apple Search Ads
USR_000141,2025-06-09,UK,Apple Search Ads
USR_000142,2025-04-06,DE,Organic App Store Search
USR_000143,2025-08-21,US,Organic App Store Search
USR_000144,2025-06-29,US,Web Referral
USR_000145,2025-04-23,JP,Apple Search Ads
USR_000146,2025-02-21,JP,Apple Search Ads
USR_000147,2025-09-25,DE,Apple Search Ads
USR_000148,2025-04-23,CA,Web Referral
USR_000149,2025-04-11,US,Organic App Store Search
USR_000150,2025-04-23,FR,Organic App Store Search
USR_000151,2025-03-22,US,Organic App Store Search
USR_000152,2025-07-06,DE,Organic App Store Search
USR_000153,2025-04-23,FR,Organic App Store Search
USR_000154,2025-01-02,CA,Web Referral
USR_000155,2025-05-10,DE,Social Media Campaign
USR_000156,2025-08-08,DE,Organic App Store Search
USR_000157,2025-02-23,US,Organic App Store Search
USR_000158,2025-08-12,CA,Organic App Store Search
USR_000159,2025-08-13,US,Social Media Campaign
USR_000160,2025-05-06,UK,Organic App Store Search
USR_000161,2025-05-10,US,Apple Search Ads
USR_000162,2025-02-22,US,Web Referral
USR_000163,2025-06-21,DE,Organic App Store Search
USR_000164,2025-08-06,JP,Social Media Campaign
USR_000165,2025-06-09,US,Organic App Store Search
USR_000166,2025-07-17,UK,Apple Search Ads
USR_000167,2025-09-04,UK,Organic App Store Search
USR_000168,2025-07-22,JP,Organic App Store Search
USR_000169,2025-07-03,UK,Web Referral
USR_000170,2025-05-03,CA,Apple Search Ads
USR_000171,2025-09-12,FR,Organic App Store Search
USR_000172,2025-04-08,US,Organic App Store Search
USR_000173,2025-07-17,FR,Organic App Store Search
USR_000174,2025-08-28,FR,Apple Search Ads
USR_000175,2025-05-24,FR,Organic App Store Search
USR_000176,2025-04-07,US,Social Media Campaign
USR_000177,2025-07-20,US,Organic App Store Search
USR_000178,2025-05-04,FR,Organic App Store Search
USR_000179,2025-07-06,US,Social Media Campaign
USR_000180,2025-09-16,CA,Organic App Store Search
USR_000181,2025-05-28,US,Social Media Campaign
USR_000182,2025-09-09,US,Apple Search Ads
USR_000183,2025-05-27,US,Organic App Store Search
USR_000184,2025-05-28,UK,Apple Search Ads
USR_000185,2025-07-18,US,Organic App Store Search
USR_000186,2025-05-08,UK,Organic App Store Search
USR_000187,2025-02-08,UK,Organic App Store Search
USR_000188,2025-05-09,CA,Apple Search Ads
USR_000189,2025-09-24,CA,Organic App Store Search
USR_000190,2025-05-31,US,Organic App Store Search
USR_000191,2025-04-09,US,Organic App Store Search
USR_000192,2025-09-20,US,Organic App Store Search
USR_000193,2025-09-09,UK,Organic App Store Search
USR_000194,2025-05-24,UK,Organic App Store Search
USR_000195,2025-04-22,UK,Organic App Store Search
USR_000196,2025-03-01,US,Organic App Store Search
USR_000197,2025-01-02,AU,Organic App Store Search
USR_000198,2025-09-11,US,Social Media Campaign
USR_000199,2025-05-20,FR,Apple Search Ads
USR_000200,2025-02-06,US,Organic App Store Search
USR_000201,2025-06-09,JP,Web Referral
USR_000202,2025-01-09,UK,Organic App Store Search
USR_000203,2025-08-21,US,Organic App Store Search
USR_000204,2025-04-09,US,Social Media Campaign
USR_000205,2025-05-27,US,Apple Search Ads
USR_000206,2025-07-27,US,Web Referral
USR_000207,2025-05-11,US,Web Referral
USR_000208,2025-06-01,CA,Organic App Store Search
USR_000209,2025-02-23,US,Web Referral
USR_000210,2025-04-30,DE,Web Referral
USR_000211,2025-06-10,US,Organic App Store Search
USR_000212,2025-04-26,FR,Web Referral
USR_000213,2025-03-16,UK,Organic App Store Search
USR_000214,2025-04-23,US,Apple Search Ads
USR_000215,2025-04-14,US,Organic App Store Search
USR_000216,2025-09-11,US,Organic App Store Search
USR_000217,2025-08-15,US,Apple Search Ads
USR_000218,2025-04-22,UK,Organic App Store Search
USR_000219,2025-04-09,CA,Apple Search Ads
USR_000220,2025-06-02,FR,Apple Search Ads
USR_000221,2025-07-13,UK,Organic App Store Search
USR_000222,2025-06-12,JP,Organic App Store Search
USR_000223,2025-07-27,FR,Apple Search Ads
USR_000224,2025-06-18,FR,Social Media Campaign
USR_000225,2025-06-10,UK,Apple Search Ads
USR_000226,2025-03-09,US,Apple Search Ads
USR_000227,2025-05-15,US,Apple Search Ads
USR_000228,2025-07-14,CA,Organic App Store Search
USR_000229,2025-05-08,US,Organic App Store Search
USR_000230,2025-02-02,US,Web Referral
USR_000231,2025-06-25,UK,Apple Search Ads
USR_000232,2025-01-22,US,Organic App Store Search
USR_000233,2025-08-26,AU,Organic App Store Search
USR_000234,2025-06-07,US,Organic App Store Search
USR_000235,2025-02-07,CA,Apple Search Ads
USR_000236,2025-08-18,DE,Organic App Store Search
USR_000237,2025-02-20,US,Apple Search Ads
USR_000238,2025-09-21,UK,Organic App Store Search
USR_000239,2025-01-27,DE,Organic App Store Search
USR_000240,2025-08-14,US,Social Media Campaign
USR_000241,2025-04-07,US,Organic App Store Search
USR_000242,2025-05-27,US,Web Referral
USR_000243,2025-01-04,UK,Organic App Store Search
USR_000244,2025-02-04,UK,Organic App Store Search
USR_000245,2025-07-11,US,Organic App Store Search
USR_000246,2025-02-18,UK,Social Media Campaign
USR_000247,2025-01-17,US,Apple Search Ads
USR_000248,2025-06-21,DE,Organic App Store Search
USR_000249,2025-08-08,US,Organic App Store Search
USR_000250,2025-06-07,DE,Apple Search Ads
USR_000251,2025-02-15,US,Organic App Store Search
USR_000252,2025-01-06,AU,Organic App Store Search
USR_000253,2025-04-09,UK,Organic App Store Search
USR_000254,2025-08-21,CA,Apple Search Ads
USR_000255,2025-02-06,US,Organic App Store Search
USR_000256,2025-06-30,DE,Organic App Store Search
USR_000257,2025-04-05,US,Organic App Store Search
USR_000258,2025-04-09,UK,Organic App Store Search
USR_000259,2025-07-07,UK,Apple Search Ads
USR_000260,2025-04-26,DE,Social Media Campaign
USR_000261,2025-07-10,CA,Organic App Store Search
USR_000262,2025-09-10,US,Organic App Store Search
USR_000263,2025-06-10,CA,Organic App Store Search
USR_000264,2025-09-13,CA,Social Media Campaign
USR_000265,2025-05-08,FR,Organic App Store Search
USR_000266,2025-01-18,DE,Web Referral
USR_000267,2025-08-11,CA,Organic App Store Search
USR_000268,2025-02-23,US,Organic App Store Search
USR_000269,2025-02-27,DE,Organic App Store Search
USR_000270,2025-06-23,UK,Apple Search Ads
USR_000271,2025-04-24,JP,Apple Search Ads
USR_000272,2025-05-31,US,Organic App Store Search
USR_000273,2025-05-07,US,Organic App Store Search
USR_000274,2025-06-04,US,Organic App Store Search
USR_000275,2025-04-14,CA,Organic App Store Search
USR_000276,2025-09-03,FR,Organic App Store Search
USR_000277,2025-06-25,US,Organic App Store Search
USR_000278,2025-02-08,AU,Apple Search Ads
USR_000279,2025-06-19,CA,Organic App Store Search
USR_000280,2025-09-04,AU,Organic App Store Search
USR_000281,2025-01-26,US,Organic App Store Search
USR_000282,2025-01-13,DE,Organic App Store Search
USR_000283,2025-02-05,US,Organic App Store Search
USR_000284,2025-06-22,DE,Organic App Store Search
USR_000285,2025-01-20,US,Organic App Store Search
USR_000286,2025-09-21,UK,Web Referral
USR_000287,2025-05-22,DE,Organic App Store Search
USR_000288,2025-05-23,US,Organic App Store Search
USR_000289,2025-04-02,US,Social Media Campaign
USR_000290,2025-08-03,CA,Organic App Store Search
USR_000291,2025-02-20,UK,Social Media Campaign
USR_000292,2025-06-02,UK,Organic App Store Search
USR_000293,2025-07-05,US,Apple Search Ads
USR_000294,2025-03-04,US,Apple Search Ads
USR_000295,2025-07-09,US,Web Referral
USR_000296,2025-05-05,US,Apple Search Ads
USR_000297,2025-05-30,FR,Organic App Store Search
USR_000298,2025-02-27,US,Apple Search Ads
USR_000299,2025-06-29,US,Organic App Store Search
USR_000300,2025-06-19,US,Apple Search Ads
USR_000301,2025-02-23,US,Organic App Store Search
USR_000302,2025-04-11,CA,Apple Search Ads
USR_000303,2025-09-21,CA,Apple Search Ads
USR_000304,2025-02-22,US,Social Media Campaign
USR_000305,2025-03-01,US,Organic App Store Search
USR_000306,2025-04-18,US,Social Media Campaign
USR_000307,2025-01-05,DE,Organic App Store Search
USR_000308,2025-04-13,UK,Organic App Store Search
USR_000309,2025-07-15,US,Apple Search Ads
USR_000310,2025-09-19,UK,Apple Search Ads
USR_000311,2025-02-16,AU,Apple Search Ads
USR_000312,2025-05-24,FR,Apple Search Ads
USR_000313,2025-09-26,FR,Organic App Store Search
USR_000314,2025-05-04,US,Apple Search Ads
USR_000315,2025-04-16,US,Organic App Store Search
USR_000316,2025-06-07,US,Organic App Store Search
USR_000317,2025-05-27,DE,Organic App Store Search
USR_000318,2025-05-25,JP,Apple Search Ads
USR_000319,2025-04-30,UK,Apple Search Ads
USR_000320,2025-04-02,US,Organic App Store Search
USR_000321,2025-02-27,US,Apple Search Ads
USR_000322,2025-08-17,US,Organic App Store Search
USR_000323,2025-04-27,US,Social Media Campaign
USR_000324,2025-05-07,UK,Apple Search Ads
USR_000325,2025-05-09,US,Organic App Store Search
USR_000326,2025-02-27,US,Web Referral
USR_000327,2025-05-02,CA,Organic App Store Search
USR_000328,2025-01-01,US,Apple Search Ads
USR_000329,2025-08-27,US,Organic App Store Search
USR_000330,2025-04-06,US,Organic App Store Search
USR_000331,2025-05-06,FR,Apple Search Ads
USR_000332,2025-04-28,DE,Organic App Store Search
USR_000333,2025-02-17,US,Social Media Campaign
USR_000334,2025-03-30,UK,Organic App Store Search
USR_000335,2025-08-25,US,Organic App Store Search
USR_000336,2025-07-08,CA,Apple Search Ads
USR_000337,2025-07-11,AU,Organic App Store Search
USR_000338,2025-03-10,FR,Organic App Store Search
USR_000339,2025-09-04,UK,Social Media Campaign
USR_000340,2025-03-17,JP,Apple Search Ads
USR_000341,2025-06-03,JP,Organic App Store Search
USR_000342,2025-05-24,FR,Apple Search Ads
USR_000343,2025-03-27,UK,Web Referral
USR_000344,2025-07-04,US,Organic App Store Search
USR_000345,2025-08-08,US,Apple Search Ads
USR_000346,2025-03-10,US,Organic App Store Search
USR_000347,2025-02-16,US,Social Media Campaign
USR_000348,2025-04-04,AU,Apple Search Ads
USR_000349,2025-08-26,CA,Social Media Campaign
USR_000350,2025-07-23,FR,Web Referral
USR_000351,2025-08-06,US,Organic App Store Search
USR_000352,2025-02-08,US,Organic App Store Search
USR_000353,2025-04-10,DE,Organic App Store Search
USR_000354,2025-09-11,US,Organic App Store Search
USR_000355,2025-08-10,US,Apple Search Ads
USR_000356,2025-01-23,JP,Social Media Campaign
USR_000357,2025-09-07,DE,Organic App Store Search
USR_000358,2025-01-10,US,Organic App Store Search
USR_000359,2025-09-03,DE,Social Media Campaign
USR_000360,2025-04-10,CA,Organic App Store Search
USR_000361,2025-06-29,DE,Organic App Store Search
USR_000362,2025-08-11,DE,Apple Search Ads
USR_000363,2025-09-07,US,Organic App Store Search
USR_000364,2025-05-27,CA,Web Referral
USR_000365,2025-04-06,US,Organic App Store Search
USR_000366,2025-09-14,US,Social Media Campaign
USR_000367,2025-01-04,FR,Apple Search Ads
USR_000368,2025-01-16,UK,Organic App Store Search
USR_000369,2025-09-04,AU,Organic App Store Search
USR_000370,2025-09-15,DE,Organic App Store Search
USR_000371,2025-06-09,FR,Organic App Store Search
USR_000372,2025-06-01,FR,Organic App Store Search
USR_000373,2025-06-27,UK,Apple Search Ads
USR_000374,2025-06-12,US,Apple Search Ads
USR_000375,2025-02-02,US,Apple Search Ads
USR_000376,2025-06-28,US,Organic App Store Search
USR_000377,2025-04-11,US,Apple Search Ads
USR_000378,2025-09-25,UK,Organic App Store Search
USR_000379,2025-03-06,CA,Web Referral
USR_000380,2025-06-17,JP,Web Referral
USR_000381,2025-02-12,AU,Social Media Campaign
USR_000382,2025-02-13,CA,Apple Search Ads
USR_000383,2025-01-12,US,Organic App Store Search
USR_000384,2025-04-05,US,Organic App Store Search
USR_000385,2025-09-10,US,Social Media Campaign
USR_000386,2025-08-30,DE,Organic App Store Search
USR_000387,2025-02-04,US,Organic App Store Search
USR_000388,2025-08-03,AU,Social Media Campaign
USR_000389,2025-03-31,UK,Apple Search Ads
USR_000390,2025-09-21,US,Organic App Store Search
USR_000391,2025-04-03,US,Organic App Store Search
USR_000392,2025-03-31,UK,Organic App Store Search
USR_000393,2025-04-25,US,Apple Search Ads
USR_000394,2025-04-15,DE,Organic App Store Search
USR_000395,2025-07-15,AU,Web Referral
USR_000396,2025-04-24,UK,Apple Search Ads
USR_000397,2025-03-16,DE,Organic App Store Search
USR_000398,2025-08-05,UK,Organic App Store Search
USR_000399,2025-09-06,JP,Apple Search Ads
USR_000400,2025-06-13,US,Web Referral
USR_000401,2025-07-11,AU,Organic App Store Search
USR_000402,2025-08-15,US,Social Media Campaign
USR_000403,2025-06-26,US,Organic App Store Search
USR_000404,2025-04-09,US,Organic App Store Search
USR_000405,2025-02-05,UK,Web Referral
USR_000406,2025-04-06,US,Organic App Store Search
USR_000407,2025-06-01,US,Apple Search Ads
USR_000408,2025-05-31,JP,Organic App Store Search
USR_000409,2025-07-09,DE,Social Media Campaign
USR_000410,2025-08-12,AU,Social Media Campaign
USR_000411,2025-02-06,DE,Social Media Campaign
USR_000412,2025-09-25,JP,Organic App Store Search
USR_000413,2025-07-02,UK,Organic App Store Search
USR_000414,2025-01-13,US,Apple Search Ads
USR_000415,2025-08-05,FR,Organic App Store Search
USR_000416,2025-03-03,AU,Apple Search Ads
USR_000417,2025-03-25,US,Apple Search Ads
USR_000418,2025-08-05,UK,Organic App Store Search
USR_000419,2025-07-06,US,Apple Search Ads
USR_000420,2025-01-19,FR,Social Media Campaign
USR_000421,2025-06-26,US,Web Referral
USR_000422,2025-04-10,JP,Organic App Store Search
USR_000423,2025-08-21,FR,Organic App Store Search
USR_000424,2025-03-17,CA,Organic App Store Search
USR_000425,2025-09-22,UK,Organic App Store Search
USR_000426,2025-07-25,US,Organic App Store Search
USR_000427,2025-08-11,US,Web Referral
USR_000428,2025-02-21,US,Organic App Store Search
USR_000429,2025-05-24,DE,Organic App Store Search
USR_000430,2025-03-10,UK,Organic App Store Search
USR_000431,2025-04-09,US,Organic App Store Search
USR_000432,2025-01-25,US,Organic App Store Search
USR_000433,2025-02-22,FR,Apple Search Ads
USR_000434,2025-05-31,US,Organic App Store Search
USR_000435,2025-05-24,FR,Organic App Store Search
USR_000436,2025-02-26,US,Organic App Store Search
USR_000437,2025-02-08,UK,Apple Search Ads
USR_000438,2025-04-19,US,Organic App Store Search
USR_000439,2025-06-30,UK,Organic App Store Search
USR_000440,2025-02-11,CA,Web Referral
USR_000441,2025-07-05,US,Organic App Store Search
USR_000442,2025-08-11,UK,Apple Search Ads
USR_000443,2025-05-02,CA,Social Media Campaign
USR_000444,2025-05-13,CA,Organic App Store Search
USR_000445,2025-06-12,DE,Social Media Campaign
USR_000446,2025-08-03,US,Web Referral
USR_000447,2025-08-09,UK,Organic App Store Search
USR_000448,2025-08-23,JP,Social Media Campaign
USR_000449,2025-05-26,FR,Organic App Store Search
USR_000450,2025-08-27,JP,Organic App Store Search
USR_000451,2025-03-17,US,Social Media Campaign
USR_000452,2025-01-09,DE,Web Referral
USR_000453,2025-03-15,CA,Apple Search Ads
USR_000454,2025-09-10,US,Organic App Store Search
USR_000455,2025-08-18,DE,Apple Search Ads
USR_000456,2025-01-07,CA,Apple Search Ads
USR_000457,2025-06-23,US,Organic App Store Search
USR_000458,2025-05-21,US,Web Referral
USR_000459,2025-06-17,DE,Organic App Store Search
USR_000460,2025-06-19,US,Organic App Store Search
USR_000461,2025-05-02,US,Organic App Store Search
USR_000462,2025-07-13,US,Organic App Store Search
USR_000463,2025-01-05,US,Apple Search Ads
USR_000464,2025-01-29,FR,Organic App Store Search
USR_000465,2025-06-14,UK,Social Media Campaign
USR_000466,2025-05-16,UK,Organic App Store Search
USR_000467,2025-05-25,FR,Organic App Store Search
USR_000468,2025-08-05,UK,Apple Search Ads
USR_000469,2025-05-12,US,Organic App Store Search
USR_000470,2025-03-11,DE,Apple Search Ads
USR_000471,2025-09-09,US,Social Media Campaign
USR_000472,2025-07-01,US,Apple Search Ads
USR_000473,2025-06-16,AU,Apple Search Ads
USR_000474,2025-04-01,DE,Social Media Campaign
USR_000475,2025-07-21,DE,Web Referral
USR_000476,2025-01-19,JP,Organic App Store Search
USR_000477,2025-02-08,DE,Apple Search Ads
USR_000478,2025-05-06,DE,Organic App Store Search
USR_000479,2025-06-22,FR,Organic App Store Search
USR_000480,2025-05-21,US,Organic App Store Search
USR_000481,2025-08-30,US,Web Referral
USR_000482,2025-08-08,AU,Apple Search Ads
USR_000483,2025-05-06,UK,Organic App Store Search
USR_000484,2025-02-27,US,Organic App Store Search
USR_000485,2025-05-28,US,Web Referral
USR_000486,2025-01-01,US,Organic App Store Search
USR_000487,2025-07-09,UK,Organic App Store Search
USR_000488,2025-07-10,DE,Social Media Campaign
USR_000489,2025-04-27,FR,Apple Search Ads
USR_000490,2025-05-14,DE,Organic App Store Search
USR_000491,2025-02-27,DE,Organic App Store Search
USR_000492,2025-02-13,UK,Web Referral
USR_000493,2025-06-22,US,Web Referral
USR_000494,2025-06-09,US,Organic App Store Search
USR_000495,2025-06-22,CA,Organic App Store Search
USR_000496,2025-05-29,US,Organic App Store Search
USR_000497,2025-03-21,UK,Apple Search Ads
USR_000498,2025-08-01,CA,Apple Search Ads
USR_000499,2025-07-22,US,Organic App Store Search
USR_000500,2025-09-09,JP,Social Media Campaign
USR_000501,2025-08-17,CA,Apple Search Ads
USR_000502,2025-06-13,US,Apple Search Ads
USR_000503,2025-08-15,UK,Web Referral
USR_000504,2025-05-27,CA,Organic App Store Search
USR_000505,2025-01-20,US,Organic App Store Search
USR_000506,2025-02-16,US,Apple Search Ads
USR_000507,2025-08-21,UK,Social Media Campaign
USR_000508,2025-01-14,FR,Organic App Store Search
USR_000509,2025-05-23,UK,Social Media Campaign
USR_000510,2025-01-01,FR,Organic App Store Search
USR_000511,2025-02-23,DE,Organic App Store Search
USR_000512,2025-09-16,US,Organic App Store Search
USR_000513,2025-05-24,AU,Web Referral
USR_000514,2025-01-12,US,Apple Search Ads
USR_000515,2025-08-12,US,Organic App Store Search
USR_000516,2025-06-05,CA,Web Referral
USR_000517,2025-01-08,AU,Apple Search Ads
USR_000518,2025-05-02,US,Social Media Campaign
USR_000519,2025-06-13,FR,Organic App Store Search
USR_000520,2025-03-31,DE,Organic App Store Search
USR_000521,2025-05-16,FR,Apple Search Ads
USR_000522,2025-07-05,US,Social Media Campaign
USR_000523,2025-06-27,FR,Apple Search Ads
USR_000524,2025-01-28,US,Apple Search Ads
USR_000525,2025-08-08,US,Social Media Campaign
USR_000526,2025-02-10,DE,Organic App Store Search
USR_000527,2025-08-16,AU,Apple Search Ads
USR_000528,2025-07-11,UK,Organic App Store Search
USR_000529,2025-05-25,UK,Organic App Store Search
USR_000530,2025-07-20,US,Organic App Store Search
USR_000531,2025-07-31,CA,Social Media Campaign
USR_000532,2025-08-08,US,Social Media Campaign
USR_000533,2025-08-28,UK,Organic App Store Search
USR_000534,2025-02-15,US,Organic App Store Search
USR_000535,2025-02-04,JP,Organic App Store Search
USR_000536,2025-09-10,CA,Web Referral
USR_000537,2025-03-23,AU,Apple Search Ads
USR_000538,2025-09-13,FR,Web Referral
USR_000539,2025-07-16,UK,Social Media Campaign
USR_000540,2025-01-10,US,Organic App Store Search
USR_000541,2025-08-30,US,Organic App Store Search
USR_000542,2025-09-08,AU,Organic App Store Search
USR_000543,2025-01-05,US,Organic App Store Search
USR_000544,2025-04-29,UK,Organic App Store Search
USR_000545,2025-03-06,US,Organic App Store Search
USR_000546,2025-05-26,US,Apple Search Ads
USR_000547,2025-08-12,UK,Apple Search Ads
USR_000548,2025-08-27,JP,Organic App Store Search
USR_000549,2025-06-26,CA,Apple Search Ads
USR_000550,2025-09-24,FR,Organic App Store Search
USR_000551,2025-03-04,JP,Social Media Campaign
USR_000552,2025-08-05,US,Apple Search Ads
USR_000553,2025-06-26,US,Organic App Store Search
USR_000554,2025-04-08,DE,Apple Search Ads
USR_000555,2025-04-15,FR,Apple Search Ads
USR_000556,2025-04-09,UK,Organic App Store Search
USR_000557,2025-01-06,JP,Organic App Store Search
USR_000558,2025-07-16,US,Web Referral
USR_000559,2025-05-13,US,Organic App Store Search
USR_000560,2025-09-16,CA,Apple Search Ads
USR_000561,2025-01-23,UK,Social Media Campaign
USR_000562,2025-02-22,US,Organic App Store Search
USR_000563,2025-06-14,US,Organic App Store Search
USR_000564,2025-07-21,US,Social Media Campaign
USR_000565,2025-03-24,CA,Organic App Store Search
USR_000566,2025-05-25,FR,Apple Search Ads
USR_000567,2025-03-26,FR,Apple Search Ads
USR_000568,2025-03-19,CA,Social Media Campaign
USR_000569,2025-01-01,UK,Web Referral
USR_000570,2025-02-20,UK,Social Media Campaign
USR_000571,2025-06-22,US,Apple Search Ads
USR_000572,2025-07-24,US,Social Media Campaign
USR_000573,2025-09-17,US,Web Referral
USR_000574,2025-02-03,DE,Web Referral
USR_000575,2025-04-05,FR,Social Media Campaign
USR_000576,2025-03-13,UK,Organic App Store Search
USR_000577,2025-02-08,AU,Apple Search Ads
USR_000578,2025-06-03,US,Organic App Store Search
USR_000579,2025-09-07,CA,Organic App Store Search
USR_000580,2025-06-11,AU,Organic App Store Search
USR_000581,2025-04-28,UK,Web Referral
USR_000582,2025-09-16,US,Organic App Store Search
USR_000583,2025-09-25,FR,Apple Search Ads
USR_000584,2025-02-23,AU,Apple Search Ads
USR_000585,2025-08-24,FR,Organic App Store Search
USR_000586,2025-08-10,DE,Apple Search Ads
USR_000587,2025-09-08,JP,Apple Search Ads
USR_000588,2025-04-22,US,Social Media Campaign
USR_000589,2025-09-12,US,Organic App Store Search
USR_000590,2025-07-26,US,Organic App Store Search
USR_000591,2025-08-17,US,Apple Search Ads
USR_000592,2025-03-07,UK,Organic App Store Search
USR_000593,2025-03-16,CA,Organic App Store Search
USR_000594,2025-04-13,UK,Organic App Store Search
USR_000595,2025-07-11,US,Apple Search Ads
USR_000596,2025-09-09,FR,Organic App Store Search
USR_000597,2025-08-14,US,Apple Search Ads
USR_000598,2025-04-08,US,Web Referral
USR_000599,2025-09-06,AU,Social Media Campaign
USR_000600,2025-06-15,DE,Organic App Store Search
USR_000601,2025-01-30,US,Organic App Store Search
USR_000602,2025-09-04,US,Organic App Store Search
USR_000603,2025-04-16,CA,Organic App Store Search
USR_000604,2025-02-20,US,Organic App Store Search
USR_000605,2025-03-22,US,Organic App Store Search
USR_000606,2025-05-13,CA,Apple Search Ads
USR_000607,2025-05-18,US,Web Referral
USR_000608,2025-07-03,US,Web Referral
USR_000609,2025-03-10,UK,Organic App Store Search
USR_000610,2025-02-03,JP,Apple Search Ads
USR_000611,2025-09-19,JP,Organic App Store Search
USR_000612,2025-02-22,US,Apple Search Ads
USR_000613,2025-07-24,US,Organic App Store Search
USR_000614,2025-05-06,US,Web Referral
USR_000615,2025-08-23,US,Social Media Campaign
USR_000616,2025-02-12,UK,Organic App Store Search
USR_000617,2025-08-28,CA,Social Media Campaign
USR_000618,2025-04-21,UK,Apple Search Ads
USR_000619,2025-09-06,US,Organic App Store Search
USR_000620,2025-05-31,US,Apple Search Ads
USR_000621,2025-07-02,UK,Apple Search Ads
USR_000622,2025-04-05,US,Social Media Campaign
USR_000623,2025-01-08,UK,Social Media Campaign
USR_000624,2025-07-03,CA,Apple Search Ads
USR_000625,2025-07-14,CA,Social Media Campaign
USR_000626,2025-07-14,UK,Web Referral
USR_000627,2025-06-04,UK,Organic App Store Search
USR_000628,2025-04-03,US,Organic App Store Search
USR_000629,2025-06-09,US,Apple Search Ads
USR_000630,2025-03-02,CA,Web Referral
USR_000631,2025-05-02,US,Organic App Store Search
USR_000632,2025-02-20,CA,Organic App Store Search
USR_000633,2025-01-05,AU,Organic App Store Search
USR_000634,2025-04-02,FR,Social Media Campaign
USR_000635,2025-06-19,JP,Web Referral
USR_000636,2025-01-22,US,Organic App Store Search
USR_000637,2025-01-01,JP,Organic App Store Search
USR_000638,2025-05-13,CA,Web Referral
USR_000639,2025-08-21,CA,Organic App Store Search
USR_000640,2025-01-12,US,Social Media Campaign
USR_000641,2025-02-15,FR,Organic App Store Search
USR_000642,2025-02-03,US,Apple Search Ads
USR_000643,2025-03-19,DE,Apple Search Ads
USR_000644,2025-08-06,US,Apple Search Ads
USR_000645,2025-03-14,CA,Web Referral
USR_000646,2025-09-06,US,Web Referral
USR_000647,2025-02-16,US,Social Media Campaign
USR_000648,2025-05-01,US,Organic App Store Search
USR_000649,2025-08-02,US,Organic App Store Search
USR_000650,2025-08-27,US,Organic App Store Search
USR_000651,2025-02-25,UK,Web Referral
USR_000652,2025-04-17,CA,Apple Search Ads
USR_000653,2025-02-17,DE,Web Referral
USR_000654,2025-03-02,CA,Web Referral
USR_000655,2025-01-26,US,Apple Search Ads
USR_000656,2025-09-14,US,Social Media Campaign
USR_000657,2025-01-08,US,Web Referral
USR_000658,2025-04-23,FR,Social Media Campaign
USR_000659,2025-09-10,FR,Apple Search Ads
USR_000660,2025-06-29,US,Social Media Campaign
USR_000661,2025-07-26,US,Organic App Store Search
USR_000662,2025-05-07,FR,Apple Search Ads
USR_000663,2025-02-25,FR,Organic App Store Search
USR_000664,2025-08-02,FR,Organic App Store Search
USR_000665,2025-01-14,DE,Social Media Campaign
USR_000666,2025-01-28,UK,Apple Search Ads
USR_000667,2025-03-19,US,Organic App Store Search
USR_000668,2025-08-04,UK,Organic App Store Search
USR_000669,2025-06-03,UK,Web Referral
USR_000670,2025-01-14,UK,Social Media Campaign
USR_000671,2025-07-06,UK,Organic App Store Search
USR_000672,2025-01-07,US,Web Referral
USR_000673,2025-01-03,US,Organic App Store Search
USR_000674,2025-04-21,US,Apple Search Ads
USR_000675,2025-08-26,US,Apple Search Ads
USR_000676,2025-08-27,UK,Web Referral
USR_000677,2025-08-15,DE,Social Media Campaign
USR_000678,2025-01-15,DE,Organic App Store Search
USR_000679,2025-07-11,US,Apple Search Ads
USR_000680,2025-04-29,UK,Organic App Store Search
USR_000681,2025-01-28,US,Apple Search Ads
USR_000682,2025-07-21,CA,Apple Search Ads
USR_000683,2025-02-08,US,Organic App Store Search
USR_000684,2025-08-19,US,Organic App Store Search
USR_000685,2025-03-27,FR,Organic App Store Search
USR_000686,2025-05-06,UK,Apple Search Ads
USR_000687,2025-01-25,US,Social Media Campaign
USR_000688,2025-05-25,US,Organic App Store Search
USR_000689,2025-01-13,UK,Web Referral
USR_000690,2025-07-31,US,Organic App Store Search
USR_000691,2025-01-25,FR,Apple Search Ads
USR_000692,2025-03-09,UK,Apple Search Ads
USR_000693,2025-03-08,CA,Organic App Store Search
USR_000694,2025-08-21,UK,Organic App Store Search
USR_000695,2025-04-19,US,Web Referral
USR_000696,2025-05-26,US,Apple Search Ads
USR_000697,2025-04-21,US,Organic App Store Search
USR_000698,2025-08-16,UK,Organic App Store Search
USR_000699,2025-04-21,US,Social Media Campaign
USR_000700,2025-02-03,FR,Organic App Store Search
USR_000701,2025-04-21,US,Social Media Campaign
USR_000702,2025-09-21,US,Organic App Store Search
USR_000703,2025-08-24,US,Apple Search Ads
USR_000704,2025-03-24,US,Organic App Store Search
USR_000705,2025-02-11,US,Social Media Campaign
USR_000706,2025-04-11,US,Apple Search Ads
USR_000707,2025-01-06,US,Apple Search Ads
USR_000708,2025-06-29,UK,Organic App Store Search
USR_000709,2025-08-14,CA,Organic App Store Search
USR_000710,2025-08-17,US,Organic App Store Search
USR_000711,2025-05-30,UK,Organic App Store Search
USR_000712,2025-07-17,AU,Social Media Campaign
USR_000713,2025-03-11,JP,Social Media Campaign
USR_000714,2025-04-22,CA,Organic App Store Search
USR_000715,2025-01-04,US,Web Referral
USR_000716,2025-04-05,AU,Web Referral
USR_000717,2025-06-01,UK,Apple Search Ads
USR_000718,2025-05-17,US,Apple Search Ads
USR_000719,2025-09-04,FR,Web Referral
USR_000720,2025-08-31,US,Apple Search Ads
USR_000721,2025-01-31,JP,Apple Search Ads
USR_000722,2025-02-09,AU,Apple Search Ads
USR_000723,2025-08-17,CA,Organic App Store Search
USR_000724,2025-02-05,AU,Social Media Campaign
USR_000725,2025-08-11,UK,Apple Search Ads
USR_000726,2025-01-06,UK,Apple Search Ads
USR_000727,2025-08-08,FR,Organic App Store Search
USR_000728,2025-03-16,CA,Organic App Store Search
USR_000729,2025-01-04,FR,Organic App Store Search
USR_000730,2025-05-14,FR,Organic App Store Search
USR_000731,2025-04-28,JP,Social Media Campaign
USR_000732,2025-04-04,AU,Organic App Store Search
USR_000733,2025-03-03,UK,Organic App Store Search
USR_000734,2025-07-13,US,Apple Search Ads
USR_000735,2025-07-22,AU,Apple Search Ads
USR_000736,2025-01-26,US,Organic App Store Search
USR_000737,2025-06-22,US,Organic App Store Search
USR_000738,2025-05-13,US,Web Referral
USR_000739,2025-04-28,FR,Organic App Store Search
USR_000740,2025-07-31,FR,Social Media Campaign
USR_000741,2025-08-13,CA,Organic App Store Search
USR_000742,2025-01-20,UK,Apple Search Ads
USR_000743,2025-04-23,CA,Organic App Store Search
USR_000744,2025-05-20,CA,Social Media Campaign
USR_000745,2025-02-16,US,Organic App Store Search
USR_000746,2025-01-01,US,Organic App Store Search
USR_000747,2025-03-31,US,Organic App Store Search
USR_000748,2025-05-22,UK,Social Media Campaign
USR_000749,2025-02-07,CA,Social Media Campaign
USR_000750,2025-05-19,UK,Organic App Store Search
USR_000751,2025-09-16,JP,Organic App Store Search
USR_000752,2025-06-10,US,Social Media Campaign
USR_000753,2025-06-27,US,Social Media Campaign
USR_000754,2025-01-10,US,Apple Search Ads
USR_000755,2025-09-18,US,Web Referral
USR_000756,2025-05-18,US,Organic App Store Search
USR_000757,2025-06-21,US,Organic App Store Search
USR_000758,2025-01-13,UK,Organic App Store Search
USR_000759,2025-06-17,US,Apple Search Ads
USR_000760,2025-05-10,AU,Organic App Store Search
USR_000761,2025-03-25,UK,Organic App Store Search
USR_000762,2025-04-11,US,Organic App Store Search
USR_000763,2025-09-22,DE,Apple Search Ads
USR_000764,2025-02-07,US,Organic App Store Search
USR_000765,2025-04-04,DE,Organic App Store Search
USR_000766,2025-04-05,FR,Web Referral
USR_000767,2025-03-10,US,Organic App Store Search
USR_000768,2025-08-24,FR,Organic App Store Search
USR_000769,2025-05-17,DE,Apple Search Ads
USR_000770,2025-03-17,FR,Social Media Campaign
USR_000771,2025-02-04,CA,Apple Search Ads
USR_000772,2025-01-01,US,Organic App Store Search
USR_000773,2025-03-01,FR,Social Media Campaign
USR_000774,2025-09-24,US,Apple Search Ads
USR_000775,2025-08-17,US,Organic App Store Search
USR_000776,2025-09-27,US,Apple Search Ads
USR_000777,2025-08-01,US,Apple Search Ads
USR_000778,2025-06-14,UK,Apple Search Ads
USR_000779,2025-01-05,AU,Web Referral
USR_000780,2025-03-19,FR,Apple Search Ads
USR_000781,2025-03-03,US,Social Media Campaign
USR_000782,2025-05-12,JP,Apple Search Ads
USR_000783,2025-03-30,FR,Organic App Store Search
USR_000784,2025-08-25,US,Apple Search Ads
USR_000785,2025-02-11,US,Organic App Store Search
USR_000786,2025-03-30,DE,Organic App Store Search
USR_000787,2025-04-14,CA,Social Media Campaign
USR_000788,2025-01-14,DE,Apple Search Ads
USR_000789,2025-06-28,AU,Organic App Store Search
USR_000790,2025-05-05,UK,Organic App Store Search
USR_000791,2025-01-23,US,Organic App Store Search
USR_000792,2025-03-04,UK,Social Media Campaign
USR_000793,2025-05-23,US,Organic App Store Search
USR_000794,2025-06-02,CA,Apple Search Ads
USR_000795,2025-05-25,DE,Apple Search Ads
USR_000796,2025-08-13,UK,Organic App Store Search
USR_000797,2025-04-14,JP,Organic App Store Search
USR_000798,2025-04-14,UK,Organic App Store Search
USR_000799,2025-02-08,AU,Social Media Campaign
USR_000800,2025-07-17,CA,Social Media Campaign
USR_000801,2025-05-14,JP,Apple Search Ads
USR_000802,2025-03-08,AU,Apple Search Ads
USR_000803,2025-06-28,US,Organic App Store Search
USR_000804,2025-02-11,JP,Organic App Store Search
USR_000805,2025-01-15,CA,Social Media Campaign
USR_000806,2025-04-21,US,Social Media Campaign
USR_000807,2025-06-06,CA,Apple Search Ads
USR_000808,2025-08-19,FR,Apple Search Ads
USR_000809,2025-06-06,UK,Organic App Store Search
USR_000810,2025-02-07,US,Organic App Store Search
USR_000811,2025-04-07,DE,Apple Search Ads
USR_000812,2025-09-11,DE,Web Referral
USR_000813,2025-07-15,UK,Organic App Store Search
USR_000814,2025-03-27,US,Organic App Store Search
USR_000815,2025-01-10,US,Organic App Store Search
USR_000816,2025-01-05,AU,Organic App Store Search
USR_000817,2025-05-03,DE,Apple Search Ads
USR_000818,2025-04-28,US,Web Referral
USR_000819,2025-06-08,US,Social Media Campaign
USR_000820,2025-08-16,US,Social Media Campaign
USR_000821,2025-08-04,AU,Apple Search Ads
USR_000822,2025-07-03,US,Organic App Store Search
USR_000823,2025-01-15,US,Web Referral
USR_000824,2025-06-06,US,Organic App Store Search
USR_000825,2025-05-16,CA,Web Referral
USR_000826,2025-09-18,US,Social Media Campaign
USR_000827,2025-06-06,US,Organic App Store Search
USR_000828,2025-02-16,FR,Apple Search Ads
USR_000829,2025-06-22,US,Organic App Store Search
USR_000830,2025-05-10,US,Organic App Store Search
USR_000831,2025-04-05,FR,Organic App Store Search
USR_000832,2025-04-25,US,Social Media Campaign
USR_000833,2025-08-31,UK,Social Media Campaign
USR_000834,2025-03-10,US,Organic App Store Search
USR_000835,2025-05-28,DE,Organic App Store Search
USR_000836,2025-01-11,US,Apple Search Ads
USR_000837,2025-09-11,DE,Organic App Store Search
USR_000838,2025-02-07,US,Apple Search Ads
USR_000839,2025-05-14,US,Apple Search Ads
USR_000840,2025-07-19,DE,Organic App Store Search
USR_000841,2025-01-23,JP,Organic App Store Search
USR_000842,2025-08-06,US,Apple Search Ads
USR_000843,2025-05-21,DE,Organic App Store Search
USR_000844,2025-04-14,US,Organic App Store Search
USR_000845,2025-07-29,UK,Organic App Store Search
USR_000846,2025-04-21,US,Organic App Store Search
USR_000847,2025-04-14,CA,Social Media Campaign
USR_000848,2025-06-20,US,Apple Search Ads
USR_000849,2025-05-13,US,Apple Search Ads
USR_000850,2025-05-07,US,Organic App Store Search
USR_000851,2025-04-16,US,Organic App Store Search
USR_000852,2025-04-02,FR,Organic App Store Search
USR_000853,2025-02-20,JP,Social Media Campaign
USR_000854,2025-01-29,DE,Organic App Store Search
USR_000855,2025-08-02,US,Apple Search Ads
USR_000856,2025-09-24,US,Organic App Store Search
USR_000857,2025-09-14,AU,Web Referral
USR_000858,2025-04-11,JP,Web Referral
USR_000859,2025-04-20,UK,Organic App Store Search
USR_000860,2025-07-01,DE,Apple Search Ads
USR_000861,2025-01-01,JP,Organic App Store Search
USR_000862,2025-02-24,FR,Apple Search Ads
USR_000863,2025-05-29,US,Organic App Store Search
USR_000864,2025-05-17,US,Organic App Store Search
USR_000865,2025-07-21,UK,Organic App Store Search
USR_000866,2025-04-27,UK,Web Referral
USR_000867,2025-06-03,US,Social Media Campaign
USR_000868,2025-03-04,US,Organic App Store Search
USR_000869,2025-09-01,DE,Apple Search Ads
USR_000870,2025-01-25,UK,Organic App Store Search
USR_000871,2025-03-31,US,Organic App Store Search
USR_000872,2025-03-16,CA,Social Media Campaign
USR_000873,2025-07-29,CA,Organic App Store Search
USR_000874,2025-01-17,DE,Apple Search Ads
USR_000875,2025-05-08,US,Organic App Store Search
USR_000876,2025-09-08,AU,Organic App Store Search
USR_000877,2025-06-28,UK,Organic App Store Search
USR_000878,2025-07-01,US,Web Referral
USR_000879,2025-06-01,DE,Social Media Campaign
USR_000880,2025-01-25,US,Organic App Store Search
USR_000881,2025-06-29,US,Social Media Campaign
USR_000882,2025-07-17,US,Web Referral
USR_000883,2025-06-10,US,Organic App Store Search
USR_000884,2025-06-26,US,Organic App Store Search
USR_000885,2025-03-04,DE,Organic App Store Search
USR_000886,2025-05-30,US,Organic App Store Search
USR_000887,2025-06-03,JP,Apple Search Ads
USR_000888,2025-06-05,UK,Organic App Store Search
USR_000889,2025-02-18,US,Organic App Store Search
USR_000890,2025-03-25,US,Organic App Store Search
USR_000891,2025-06-26,UK,Organic App Store Search
USR_000892,2025-05-28,CA,Apple Search Ads
USR_000893,2025-04-28,US,Apple Search Ads
USR_000894,2025-03-04,US,Organic App Store Search
USR_000895,2025-07-08,DE,Organic App Store Search
USR_000896,2025-02-18,US,Organic App Store Search
USR_000897,2025-09-14,FR,Web Referral
USR_000898,2025-08-12,CA,Organic App Store Search
USR_000899,2025-05-21,US,Organic App Store Search
USR_000900,2025-08-03,US,Organic App Store Search
USR_000901,2025-07-30,US,Organic App Store Search
USR_000902,2025-02-01,DE,Organic App Store Search
USR_000903,2025-06-07,US,Apple Search Ads
USR_000904,2025-05-24,US,Social Media Campaign
USR_000905,2025-01-19,UK,Organic App Store Search
USR_000906,2025-01-18,US,Apple Search Ads
USR_000907,2025-09-14,UK,Apple Search Ads
USR_000908,2025-03-19,DE,Organic App Store Search
USR_000909,2025-06-24,UK,Organic App Store Search
USR_000910,2025-07-13,FR,Organic App Store Search
USR_000911,2025-04-23,DE,Social Media Campaign
USR_000912,2025-04-24,US,Social Media Campaign
USR_000913,2025-08-10,US,Organic App Store Search
USR_000914,2025-06-15,US,Organic App Store Search
USR_000915,2025-05-12,CA,Social Media Campaign
USR_000916,2025-09-21,US,Organic App Store Search
USR_000917,2025-02-24,JP,Social Media Campaign
USR_000918,2025-05-11,CA,Organic App Store Search
USR_000919,2025-09-23,US,Web Referral
USR_000920,2025-06-11,CA,Social Media Campaign
USR_000921,2025-03-28,US,Organic App Store Search
USR_000922,2025-02-24,DE,Apple Search Ads
USR_000923,2025-06-27,UK,Organic App Store Search
USR_000924,2025-01-08,US,Organic App Store Search
USR_000925,2025-09-04,US,Apple Search Ads
USR_000926,2025-09-12,FR,Organic App Store Search
USR_000927,2025-02-23,UK,Apple Search Ads
USR_000928,2025-09-06,JP,Organic App Store Search
USR_000929,2025-08-27,US,Apple Search Ads
USR_000930,2025-08-17,US,Organic App Store Search
USR_000931,2025-03-08,US,Social Media Campaign
USR_000932,2025-02-20,UK,Organic App Store Search
USR_000933,2025-04-07,US,Organic App Store Search
USR_000934,2025-04-02,US,Organic App Store Search
USR_000935,2025-09-21,CA,Organic App Store Search
USR_000936,2025-04-06,UK,Organic App Store Search
USR_000937,2025-03-29,US,Organic App Store Search
USR_000938,2025-03-19,UK,Web Referral
USR_000939,2025-04-30,AU,Organic App Store Search
USR_000940,2025-06-14,US,Social Media Campaign
USR_000941,2025-07-01,US,Apple Search Ads
USR_000942,2025-08-11,US,Organic App Store Search
USR_000943,2025-01-07,AU,Apple Search Ads
USR_000944,2025-09-20,DE,Social Media Campaign
USR_000945,2025-06-10,US,Organic App Store Search
USR_000946,2025-05-31,US,Social Media Campaign
USR_000947,2025-03-26,FR,Organic App Store Search
USR_000948,2025-05-27,JP,Apple Search Ads
USR_000949,2025-04-22,CA,Organic App Store Search
USR_000950,2025-02-05,JP,Organic App Store Search
USR_000951,2025-07-07,CA,Apple Search Ads
USR_000952,2025-03-23,AU,Organic App Store Search
USR_000953,2025-01-02,US,Organic App Store Search
USR_000954,2025-07-16,US,Organic App Store Search
USR_000955,2025-01-11,US,Apple Search Ads
USR_000956,2025-08-22,DE,Apple Search Ads
USR_000957,2025-07-14,FR,Organic App Store Search
USR_000958,2025-04-29,CA,Organic App Store Search
USR_000959,2025-01-20,US,Social Media Campaign
USR_000960,2025-09-18,US,Social Media Campaign
USR_000961,2025-09-13,US,Organic App Store Search
USR_000962,2025-08-10,US,Organic App Store Search
USR_000963,2025-08-14,CA,Organic App Store Search
USR_000964,2025-02-22,FR,Social Media Campaign
USR_000965,2025-03-22,US,Social Media Campaign
USR_000966,2025-07-21,US,Organic App Store Search
USR_000967,2025-06-07,CA,Social Media Campaign
USR_000968,2025-04-30,US,Organic App Store Search
USR_000969,2025-02-28,FR,Organic App Store Search
USR_000970,2025-08-03,US,Web Referral
USR_000971,2025-05-08,US,Social Media Campaign
USR_000972,2025-08-12,US,Social Media Campaign
USR_000973,2025-07-28,US,Organic App Store Search
USR_000974,2025-04-25,UK,Organic App Store Search
USR_000975,2025-07-28,US,Social Media Campaign
USR_000976,2025-01-14,US,Apple Search Ads
USR_000977,2025-01-09,UK,Organic App Store Search
USR_000978,2025-02-09,US,Organic App Store Search
USR_000979,2025-08-25,US,Social Media Campaign
USR_000980,2025-07-20,UK,Web Referral
USR_000981,2025-09-03,CA,Apple Search Ads
USR_000982,2025-08-23,FR,Apple Search Ads
USR_000983,2025-01-04,US,Organic App Store Search
USR_000984,2025-06-03,US,Apple Search Ads
USR_000985,2025-01-29,US,Apple Search Ads
USR_000986,2025-04-19,US,Organic App Store Search
USR_000987,2025-04-08,CA,Social Media Campaign
USR_000988,2025-08-03,DE,Web Referral
USR_000989,2025-03-16,CA,Organic App Store Search
USR_000990,2025-05-26,US,Social Media Campaign
USR_000991,2025-05-08,UK,Apple Search Ads
USR_000992,2025-02-11,FR,Apple Search Ads
USR_000993,2025-02-10,US,Social Media Campaign
USR_000994,2025-02-03,UK,Organic App Store Search
USR_000995,2025-01-17,JP,Social Media Campaign
USR_000996,2025-06-14,AU,Organic App Store Search
USR_000997,2025-06-02,AU,Social Media Campaign
USR_000998,2025-03-17,US,Organic App Store Search
USR_000999,2025-03-28,US,Organic App Store Search
USR_001000,2025-04-27,US,Organic App Store Search
USR_001001,2025-01-27,CA,Organic App Store Search
USR_001002,2025-05-14,US,Organic App Store Search
USR_001003,2025-08-07,DE,Organic App Store Search
USR_001004,2025-06-17,DE,Social Media Campaign
USR_001005,2025-04-08,UK,Social Media Campaign
USR_001006,2025-09-25,US,Web Referral
USR_001007,2025-08-25,US,Social Media Campaign
USR_001008,2025-06-22,DE,Social Media Campaign
USR_001009,2025-07-09,CA,Organic App Store Search
USR_001010,2025-05-02,AU,Social Media Campaign
USR_001011,2025-02-15,US,Social Media Campaign
USR_001012,2025-03-05,UK,Organic App Store Search
USR_001013,2025-05-10,AU,Apple Search Ads
USR_001014,2025-07-12,UK,Organic App Store Search
USR_001015,2025-06-30,CA,Web Referral
USR_001016,2025-01-29,DE,Apple Search Ads
USR_001017,2025-05-29,US,Web Referral
USR_001018,2025-09-24,US,Organic App Store Search
USR_001019,2025-01-11,UK,Organic App Store Search
USR_001020,2025-06-13,US,Web Referral
USR_001021,2025-04-23,DE,Organic App Store Search
USR_001022,2025-07-06,AU,Organic App Store Search
USR_001023,2025-08-20,FR,Apple Search Ads
USR_001024,2025-08-15,CA,Social Media Campaign
USR_001025,2025-04-08,US,Organic App Store Search
USR_001026,2025-02-24,US,Organic App Store Search
USR_001027,2025-04-21,DE,Apple Search Ads
USR_001028,2025-06-01,US,Organic App Store Search
USR_001029,2025-09-03,CA,Organic App Store Search
USR_001030,2025-03-10,DE,Social Media Campaign
USR_001031,2025-09-07,US,Apple Search Ads
USR_001032,2025-02-05,US,Social Media Campaign
USR_001033,2025-08-27,UK,Organic App Store Search
USR_001034,2025-05-28,FR,Apple Search Ads
USR_001035,2025-08-15,US,Web Referral
USR_001036,2025-09-01,FR,Apple Search Ads
USR_001037,2025-07-20,UK,Organic App Store Search
USR_001038,2025-06-03,JP,Web Referral
USR_001039,2025-03-14,US,Apple Search Ads
USR_001040,2025-07-20,US,Social Media Campaign
USR_001041,2025-01-17,DE,Organic App Store Search
USR_001042,2025-05-09,FR,Apple Search Ads
USR_001043,2025-08-05,US,Web Referral
USR_001044,2025-03-02,AU,Apple Search Ads
USR_001045,2025-04-14,FR,Organic App Store Search
USR_001046,2025-02-11,US,Organic App Store Search
USR_001047,2025-01-25,UK,Organic App Store Search
USR_001048,2025-02-08,FR,Organic App Store Search
USR_001049,2025-05-11,US,Apple Search Ads
USR_001050,2025-08-17,US,Organic App Store Search
USR_001051,2025-04-18,DE,Organic App Store Search
USR_001052,2025-06-21,US,Organic App Store Search
USR_001053,2025-04-12,US,Organic App Store Search
USR_001054,2025-01-12,JP,Apple Search Ads
USR_001055,2025-04-11,UK,Apple Search Ads
USR_001056,2025-02-13,DE,Social Media Campaign
USR_001057,2025-01-17,DE,Organic App Store Search
USR_001058,2025-02-26,US,Apple Search Ads
USR_001059,2025-01-12,US,Organic App Store Search
USR_001060,2025-03-21,US,Organic App Store Search
USR_001061,2025-08-04,US,Apple Search Ads
USR_001062,2025-09-21,CA,Social Media Campaign
USR_001063,2025-05-29,CA,Organic App Store Search
USR_001064,2025-03-22,UK,Organic App Store Search
USR_001065,2025-08-03,US,Apple Search Ads
USR_001066,2025-07-17,US,Apple Search Ads
USR_001067,2025-07-19,UK,Organic App Store Search
USR_001068,2025-01-25,UK,Apple Search Ads
USR_001069,2025-03-30,US,Web Referral
USR_001070,2025-09-25,CA,Organic App Store Search
USR_001071,2025-05-23,US,Organic App Store Search
USR_001072,2025-02-28,US,Organic App Store Search
USR_001073,2025-01-26,AU,Apple Search Ads
USR_001074,2025-02-16,US,Organic App Store Search
USR_001075,2025-09-23,UK,Web Referral
USR_001076,2025-01-16,US,Apple Search Ads
USR_001077,2025-07-18,US,Organic App Store Search
USR_001078,2025-03-27,US,Organic App Store Search
USR_001079,2025-09-07,FR,Apple Search Ads
USR_001080,2025-09-27,UK,Organic App Store Search
USR_001081,2025-04-27,JP,Web Referral
USR_001082,2025-01-07,UK,Organic App Store Search
USR_001083,2025-05-17,UK,Organic App Store Search
USR_001084,2025-06-25,US,Apple Search Ads
USR_001085,2025-08-03,US,Organic App Store Search
USR_001086,2025-03-23,US,Apple Search Ads
USR_001087,2025-08-11,US,Organic App Store Search
USR_001088,2025-04-13,UK,Apple Search Ads
USR_001089,2025-01-14,US,Apple Search Ads
USR_001090,2025-06-08,US,Apple Search Ads
USR_001091,2025-06-01,US,Apple Search Ads
USR_001092,2025-04-18,US,Organic App Store Search
USR_001093,2025-07-07,CA,Organic App Store Search
USR_001094,2025-04-08,FR,Organic App Store Search
USR_001095,2025-05-11,US,Organic App Store Search
USR_001096,2025-06-20,US,Web Referral
USR_001097,2025-07-02,US,Organic App Store Search
USR_001098,2025-02-08,FR,Apple Search Ads
USR_001099,2025-01-15,US,Organic App Store Search
USR_001100,2025-01-04,CA,Apple Search Ads
USR_001101,2025-07-29,UK,Social Media Campaign
USR_001102,2025-06-10,US,Organic App Store Search
USR_001103,2025-01-16,US,Social Media Campaign
USR_001104,2025-04-18,US,Organic App Store Search
USR_001105,2025-08-15,FR,Organic App Store Search
USR_001106,2025-06-19,UK,Apple Search Ads
USR_001107,2025-02-03,UK,Organic App Store Search
USR_001108,2025-09-08,UK,Social Media Campaign
USR_001109,2025-09-04,CA,Organic App Store Search
USR_001110,2025-09-26,UK,Social Media Campaign
USR_001111,2025-05-21,US,Organic App Store Search
USR_001112,2025-04-06,US,Apple Search Ads
USR_001113,2025-08-15,US,Web Referral
USR_001114,2025-02-08,CA,Organic App Store Search
USR_001115,2025-01-29,US,Organic App Store Search
USR_001116,2025-09-02,UK,Social Media Campaign
USR_001117,2025-08-24,US,Organic App Store Search
USR_001118,2025-07-04,FR,Apple Search Ads
USR_001119,2025-08-24,US,Web Referral
USR_001120,2025-08-27,US,Apple Search Ads
USR_001121,2025-09-23,FR,Organic App Store Search
USR_001122,2025-03-06,US,Organic App Store Search
USR_001123,2025-06-26,JP,Organic App Store Search
USR_001124,2025-01-03,US,Organic App Store Search
USR_001125,2025-05-22,US,Organic App Store Search
USR_001126,2025-06-07,CA,Social Media Campaign
USR_001127,2025-05-26,FR,Organic App Store Search
USR_001128,2025-06-02,US,Web Referral
USR_001129,2025-07-12,FR,Social Media Campaign
USR_001130,2025-03-14,UK,Web Referral
USR_001131,2025-05-20,DE,Organic App Store Search
USR_001132,2025-07-06,US,Apple Search Ads
USR_001133,2025-03-02,US,Organic App Store Search
USR_001134,2025-07-17,FR,Organic App Store Search
USR_001135,2025-01-11,FR,Apple Search Ads
USR_001136,2025-03-03,UK,Social Media Campaign
USR_001137,2025-08-14,US,Organic App Store Search
USR_001138,2025-06-02,US,Organic App Store Search
USR_001139,2025-07-18,UK,Organic App Store Search
USR_001140,2025-02-21,US,Social Media Campaign
USR_001141,2025-09-17,US,Web Referral
USR_001142,2025-02-28,US,Organic App Store Search
USR_001143,2025-03-13,AU,Organic App Store Search
USR_001144,2025-05-28,US,Web Referral
USR_001145,2025-03-04,UK,Organic App Store Search
USR_001146,2025-08-31,UK,Apple Search Ads
USR_001147,2025-04-17,CA,Organic App Store Search
USR_001148,2025-08-14,US,Organic App Store Search
USR_001149,2025-08-06,US,Apple Search Ads
USR_001150,2025-08-29,CA,Social Media Campaign
USR_001151,2025-09-16,DE,Organic App Store Search
USR_001152,2025-09-19,CA,Organic App Store Search
USR_001153,2025-01-05,FR,Organic App Store Search
USR_001154,2025-09-18,AU,Apple Search Ads
USR_001155,2025-02-23,DE,Social Media Campaign
USR_001156,2025-02-16,US,Social Media Campaign
USR_001157,2025-08-03,US,Organic App Store Search
USR_001158,2025-06-26,UK,Social Media Campaign
USR_001159,2025-01-09,US,Organic App Store Search
USR_001160,2025-04-09,UK,Organic App Store Search
USR_001161,2025-01-20,US,Social Media Campaign
USR_001162,2025-08-29,CA,Organic App Store Search
USR_001163,2025-03-02,UK,Organic App Store Search
USR_001164,2025-06-27,UK,Organic App Store Search
USR_001165,2025-03-03,JP,Apple Search Ads
USR_001166,2025-05-25,US,Apple Search Ads
USR_001167,2025-08-04,US,Organic App Store Search
USR_001168,2025-01-03,US,Social Media Campaign
USR_001169,2025-06-09,FR,Social Media Campaign
USR_001170,2025-08-15,UK,Social Media Campaign
USR_001171,2025-09-26,CA,Organic App Store Search
USR_001172,2025-04-30,US,Organic App Store Search
USR_001173,2025-03-30,UK,Organic App Store Search
USR_001174,2025-03-09,US,Apple Search Ads
USR_001175,2025-04-08,AU,Social Media Campaign
USR_001176,2025-09-24,DE,Web Referral
USR_001177,2025-04-15,AU,Organic App Store Search
USR_001178,2025-05-03,AU,Organic App Store Search
USR_001179,2025-01-29,UK,Organic App Store Search
USR_001180,2025-05-17,AU,Organic App Store Search
USR_001181,2025-07-14,US,Apple Search Ads
USR_001182,2025-08-14,CA,Web Referral
USR_001183,2025-06-19,US,Apple Search Ads
USR_001184,2025-01-09,US,Apple Search Ads
USR_001185,2025-02-09,US,Apple Search Ads
USR_001186,2025-01-25,UK,Organic App Store Search
USR_001187,2025-09-18,US,Social Media Campaign
USR_001188,2025-08-14,AU,Apple Search Ads
USR_001189,2025-05-04,US,Organic App Store Search
USR_001190,2025-02-07,US,Apple Search Ads
USR_001191,2025-09-08,AU,Apple Search Ads
USR_001192,2025-06-25,US,Organic App Store Search
USR_001193,2025-03-31,AU,Organic App Store Search
USR_001194,2025-02-06,UK,Organic App Store Search
USR_001195,2025-06-25,JP,Organic App Store Search
USR_001196,2025-03-22,UK,Organic App Store Search
USR_001197,2025-04-24,US,Apple Search Ads
USR_001198,2025-02-09,US,Organic App Store Search
USR_001199,2025-08-12,US,Apple Search Ads
USR_001200,2025-04-25,FR,Web Referral
USR_001201,2025-07-05,US,Apple Search Ads
USR_001202,2025-02-25,US,Apple Search Ads
USR_001203,2025-02-09,US,Social Media Campaign
USR_001204,2025-02-09,DE,Apple Search Ads
USR_001205,2025-08-25,US,Organic App Store Search
USR_001206,2025-09-19,JP,Organic App Store Search
USR_001207,2025-08-04,US,Apple Search Ads
USR_001208,2025-05-27,US,Apple Search Ads
USR_001209,2025-06-17,US,Web Referral
USR_001210,2025-04-02,DE,Apple Search Ads
USR_001211,2025-02-28,FR,Social Media Campaign
USR_001212,2025-02-28,US,Organic App Store Search
USR_001213,2025-06-18,US,Apple Search Ads
USR_001214,2025-09-26,AU,Web Referral
USR_001215,2025-02-14,US,Organic App Store Search
USR_001216,2025-06-30,US,Organic App Store Search
USR_001217,2025-06-19,US,Organic App Store Search
USR_001218,2025-07-10,US,Social Media Campaign
USR_001219,2025-06-04,US,Organic App Store Search
USR_001220,2025-07-07,US,Apple Search Ads
USR_001221,2025-01-07,US,Organic App Store Search
USR_001222,2025-05-13,DE,Organic App Store Search
USR_001223,2025-08-23,US,Web Referral
USR_001224,2025-02-14,AU,Organic App Store Search
USR_001225,2025-09-06,US,Organic App Store Search
USR_001226,2025-01-31,CA,Organic App Store Search
USR_001227,2025-01-23,US,Apple Search Ads
USR_001228,2025-06-09,AU,Organic App Store Search
USR_001229,2025-06-07,US,Apple Search Ads
USR_001230,2025-02-08,FR,Web Referral
USR_001231,2025-03-23,US,Organic App Store Search
USR_001232,2025-09-15,US,Organic App Store Search
USR_001233,2025-07-25,JP,Organic App Store Search
USR_001234,2025-03-18,UK,Apple Search Ads
USR_001235,2025-01-12,US,Organic App Store Search
USR_001236,2025-08-12,FR,Apple Search Ads
USR_001237,2025-01-13,US,Web Referral
USR_001238,2025-02-15,US,Organic App Store Search
USR_001239,2025-06-04,JP,Apple Search Ads
USR_001240,2025-04-23,US,Organic App Store Search
USR_001241,2025-08-21,FR,Apple Search Ads
USR_001242,2025-01-17,US,Organic App Store Search
USR_001243,2025-08-11,AU,Apple Search Ads
USR_001244,2025-07-07,UK,Apple Search Ads
USR_001245,2025-06-12,JP,Organic App Store Search
USR_001246,2025-03-15,UK,Social Media Campaign
USR_001247,2025-08-21,US,Apple Search Ads
USR_001248,2025-08-12,CA,Organic App Store Search
USR_001249,2025-03-01,US,Web Referral
USR_001250,2025-08-10,DE,Organic App Store Search
USR_001251,2025-02-06,FR,Apple Search Ads
USR_001252,2025-07-15,UK,Organic App Store Search
USR_001253,2025-08-30,DE,Apple Search Ads
USR_001254,2025-08-07,US,Organic App Store Search
USR_001255,2025-07-11,UK,Organic App Store Search
USR_001256,2025-01-17,US,Organic App Store Search
USR_001257,2025-01-12,CA,Apple Search Ads
USR_001258,2025-07-12,US,Apple Search Ads
USR_001259,2025-01-22,DE,Apple Search Ads
USR_001260,2025-04-30,US,Social Media Campaign
USR_001261,2025-07-29,CA,Web Referral
USR_001262,2025-09-27,US,Apple Search Ads
USR_001263,2025-07-11,DE,Apple Search Ads
USR_001264,2025-06-24,US,Organic App Store Search
USR_001265,2025-07-23,UK,Social Media Campaign
USR_001266,2025-06-13,US,Social Media Campaign
USR_001267,2025-09-08,AU,Organic App Store Search
USR_001268,2025-08-15,US,Apple Search Ads
USR_001269,2025-01-07,AU,Web Referral
USR_001270,2025-01-29,US,Organic App Store Search
USR_001271,2025-02-02,DE,Organic App Store Search
USR_001272,2025-05-14,US,Organic App Store Search
USR_001273,2025-03-20,US,Organic App Store Search
USR_001274,2025-02-27,UK,Organic App Store Search
USR_001275,2025-01-26,US,Organic App Store Search
USR_001276,2025-08-14,US,Organic App Store Search
USR_001277,2025-01-04,FR,Social Media Campaign
USR_001278,2025-04-09,JP,Organic App Store Search
USR_001279,2025-02-08,AU,Organic App Store Search
USR_001280,2025-06-06,US,Organic App Store Search
USR_001281,2025-03-16,US,Organic App Store Search
USR_001282,2025-05-10,CA,Web Referral
USR_001283,2025-06-24,US,Social Media Campaign
USR_001284,2025-03-25,FR,Apple Search Ads
USR_001285,2025-01-22,US,Organic App Store Search
USR_001286,2025-01-27,JP,Apple Search Ads
USR_001287,2025-07-14,UK,Organic App Store Search
USR_001288,2025-08-24,DE,Organic App Store Search
USR_001289,2025-04-02,US,Organic App Store Search
USR_001290,2025-01-21,FR,Web Referral
USR_001291,2025-03-25,US,Organic App Store Search
USR_001292,2025-09-19,CA,Apple Search Ads
USR_001293,2025-05-27,DE,Organic App Store Search
USR_001294,2025-09-14,US,Organic App Store Search
USR_001295,2025-02-27,US,Apple Search Ads
USR_001296,2025-01-15,UK,Organic App Store Search
USR_001297,2025-06-11,US,Web Referral
USR_001298,2025-06-12,UK,Organic App Store Search
USR_001299,2025-01-12,US,Organic App Store Search
USR_001300,2025-07-27,US,Apple Search Ads
USR_001301,2025-01-27,CA,Social Media Campaign
USR_001302,2025-03-13,CA,Organic App Store Search
USR_001303,2025-03-01,US,Apple Search Ads
USR_001304,2025-05-25,FR,Social Media Campaign
USR_001305,2025-04-03,FR,Organic App Store Search
USR_001306,2025-01-08,UK,Web Referral
USR_001307,2025-03-20,US,Organic App Store Search
USR_001308,2025-01-27,US,Organic App Store Search
USR_001309,2025-06-23,AU,Apple Search Ads
USR_001310,2025-02-19,CA,Organic App Store Search
USR_001311,2025-07-18,US,Apple Search Ads
USR_001312,2025-06-30,CA,Organic App Store Search
USR_001313,2025-01-24,US,Organic App Store Search
USR_001314,2025-02-15,US,Web Referral
USR_001315,2025-01-15,CA,Apple Search Ads
USR_001316,2025-06-02,CA,Apple Search Ads
USR_001317,2025-08-10,US,Organic App Store Search
USR_001318,2025-07-25,UK,Organic App Store Search
USR_001319,2025-08-24,FR,Apple Search Ads
USR_001320,2025-08-16,UK,Social Media Campaign
USR_001321,2025-01-09,CA,Organic App Store Search
USR_001322,2025-06-15,US,Organic App Store Search
USR_001323,2025-08-02,US,Organic App Store Search
USR_001324,2025-04-27,US,Organic App Store Search
USR_001325,2025-03-13,UK,Social Media Campaign
USR_001326,2025-03-05,DE,Organic App Store Search
USR_001327,2025-07-24,US,Organic App Store Search
USR_001328,2025-07-28,US,Organic App Store Search
USR_001329,2025-03-13,US,Organic App Store Search
USR_001330,2025-04-05,US,Organic App Store Search
USR_001331,2025-06-15,FR,Social Media Campaign
USR_001332,2025-02-01,CA,Apple Search Ads
USR_001333,2025-01-11,US,Organic App Store Search
USR_001334,2025-08-05,AU,Apple Search Ads
USR_001335,2025-04-12,AU,Apple Search Ads
USR_001336,2025-09-24,CA,Organic App Store Search
USR_001337,2025-08-02,US,Organic App Store Search
USR_001338,2025-06-28,US,Organic App Store Search
USR_001339,2025-03-29,US,Organic App Store Search
USR_001340,2025-02-10,DE,Social Media Campaign
USR_001341,2025-03-17,CA,Organic App Store Search
USR_001342,2025-02-15,UK,Web Referral
USR_001343,2025-06-09,US,Social Media Campaign
USR_001344,2025-03-21,US,Organic App Store Search
USR_001345,2025-03-27,US,Social Media Campaign
USR_001346,2025-04-02,JP,Organic App Store Search
USR_001347,2025-05-28,US,Organic App Store Search
USR_001348,2025-06-10,US,Apple Search Ads
USR_001349,2025-07-21,JP,Organic App Store Search
USR_001350,2025-08-30,UK,Organic App Store Search
USR_001351,2025-01-02,DE,Apple Search Ads
USR_001352,2025-08-13,US,Social Media Campaign
USR_001353,2025-08-21,UK,Organic App Store Search
USR_001354,2025-03-18,US,Organic App Store Search
USR_001355,2025-04-26,DE,Apple Search Ads
USR_001356,2025-06-03,US,Apple Search Ads
USR_001357,2025-04-13,US,Organic App Store Search
USR_001358,2025-07-13,DE,Web Referral
USR_001359,2025-06-15,UK,Apple Search Ads
USR_001360,2025-03-31,UK,Apple Search Ads
USR_001361,2025-06-23,US,Web Referral
USR_001362,2025-05-02,US,Web Referral
USR_001363,2025-05-23,CA,Organic App Store Search
USR_001364,2025-04-16,CA,Organic App Store Search
USR_001365,2025-05-03,JP,Social Media Campaign
USR_001366,2025-01-09,AU,Web Referral
USR_001367,2025-09-19,UK,Apple Search Ads
USR_001368,2025-03-14,FR,Organic App Store Search
USR_001369,2025-08-11,US,Apple Search Ads
USR_001370,2025-02-10,US,Organic App Store Search
USR_001371,2025-07-23,US,Web Referral
USR_001372,2025-09-21,US,Organic App Store Search
USR_001373,2025-06-27,DE,Web Referral
USR_001374,2025-03-25,UK,Organic App Store Search
USR_001375,2025-04-21,UK,Web Referral
USR_001376,2025-09-08,US,Organic App Store Search
USR_001377,2025-01-07,UK,Social Media Campaign
USR_001378,2025-03-25,US,Web Referral
USR_001379,2025-07-27,CA,Apple Search Ads
USR_001380,2025-01-22,US,Apple Search Ads
USR_001381,2025-01-03,DE,Organic App Store Search
USR_001382,2025-05-07,US,Organic App Store Search
USR_001383,2025-07-07,US,Social Media Campaign
USR_001384,2025-01-14,CA,Organic App Store Search
USR_001385,2025-01-12,DE,Social Media Campaign
USR_001386,2025-03-28,UK,Apple Search Ads
USR_001387,2025-01-12,AU,Organic App Store Search
USR_001388,2025-01-25,JP,Organic App Store Search
USR_001389,2025-08-31,JP,Organic App Store Search
USR_001390,2025-05-02,AU,Organic App Store Search
USR_001391,2025-05-27,AU,Web Referral
USR_001392,2025-02-24,US,Apple Search Ads
USR_001393,2025-08-26,DE,Organic App Store Search
USR_001394,2025-06-22,US,Organic App Store Search
USR_001395,2025-08-09,JP,Apple Search Ads
USR_001396,2025-04-29,US,Organic App Store Search
USR_001397,2025-07-02,US,Organic App Store Search
USR_001398,2025-03-23,UK,Organic App Store Search
USR_001399,2025-07-30,US,Social Media Campaign
USR_001400,2025-05-30,US,Organic App Store Search
USR_001401,2025-02-06,UK,Organic App Store Search
USR_001402,2025-02-28,DE,Web Referral
USR_001403,2025-05-11,CA,Organic App Store Search
USR_001404,2025-07-21,US,Social Media Campaign
USR_001405,2025-08-31,AU,Organic App Store Search
USR_001406,2025-02-04,US,Organic App Store Search
USR_001407,2025-04-03,US,Organic App Store Search
USR_001408,2025-07-26,CA,Organic App Store Search
USR_001409,2025-08-01,DE,Organic App Store Search
USR_001410,2025-06-08,UK,Organic App Store Search
USR_001411,2025-01-24,UK,Organic App Store Search
USR_001412,2025-01-04,US,Organic App Store Search
USR_001413,2025-08-08,UK,Apple Search Ads
USR_001414,2025-01-20,US,Social Media Campaign
USR_001415,2025-06-01,JP,Social Media Campaign
USR_001416,2025-02-19,DE,Apple Search Ads
USR_001417,2025-06-26,CA,Web Referral
USR_001418,2025-04-06,UK,Organic App Store Search
USR_001419,2025-04-15,DE,Organic App Store Search
USR_001420,2025-09-07,UK,Organic App Store Search
USR_001421,2025-04-27,US,Social Media Campaign
USR_001422,2025-08-16,US,Social Media Campaign
USR_001423,2025-03-07,CA,Apple Search Ads
USR_001424,2025-09-19,FR,Organic App Store Search
USR_001425,2025-08-31,US,Apple Search Ads
USR_001426,2025-07-05,US,Organic App Store Search
USR_001427,2025-09-03,US,Organic App Store Search
USR_001428,2025-05-05,DE,Apple Search Ads
USR_001429,2025-09-25,US,Organic App Store Search
USR_001430,2025-05-11,US,Organic App Store Search
USR_001431,2025-08-25,CA,Social Media Campaign
USR_001432,2025-01-18,UK,Apple Search Ads
USR_001433,2025-02-09,US,Organic App Store Search
USR_001434,2025-01-21,US,Organic App Store Search
USR_001435,2025-08-13,CA,Web Referral
USR_001436,2025-01-08,UK,Organic App Store Search
USR_001437,2025-04-10,JP,Organic App Store Search
USR_001438,2025-08-28,CA,Organic App Store Search
USR_001439,2025-03-28,US,Apple Search Ads
USR_001440,2025-01-14,UK,Organic App Store Search
USR_001441,2025-01-02,US,Organic App Store Search
USR_001442,2025-02-10,US,Organic App Store Search
USR_001443,2025-04-21,FR,Organic App Store Search
USR_001444,2025-01-14,DE,Organic App Store Search
USR_001445,2025-08-19,US,Apple Search Ads
USR_001446,2025-03-25,US,Web Referral
USR_001447,2025-05-10,US,Web Referral
USR_001448,2025-08-19,US,Apple Search Ads
USR_001449,2025-05-25,UK,Apple Search Ads
USR_001450,2025-01-28,US,Social Media Campaign
USR_001451,2025-03-07,JP,Social Media Campaign
USR_001452,2025-06-12,US,Social Media Campaign
USR_001453,2025-08-17,UK,Organic App Store Search
USR_001454,2025-09-18,FR,Organic App Store Search
USR_001455,2025-06-13,UK,Web Referral
USR_001456,2025-01-10,US,Web Referral
USR_001457,2025-07-14,US,Apple Search Ads
USR_001458,2025-04-28,US,Web Referral
USR_001459,2025-09-27,JP,Social Media Campaign
USR_001460,2025-03-21,FR,Apple Search Ads
USR_001461,2025-04-03,FR,Organic App Store Search
USR_001462,2025-09-23,DE,Apple Search Ads
USR_001463,2025-09-14,US,Apple Search Ads
USR_001464,2025-05-13,FR,Web Referral
USR_001465,2025-09-21,JP,Organic App Store Search
USR_001466,2025-06-20,US,Social Media Campaign
USR_001467,2025-01-01,US,Social Media Campaign
USR_001468,2025-03-05,UK,Organic App Store Search
USR_001469,2025-05-01,US,Organic App Store Search
USR_001470,2025-04-17,US,Apple Search Ads
USR_001471,2025-06-24,FR,Organic App Store Search
USR_001472,2025-07-23,FR,Apple Search Ads
USR_001473,2025-06-14,US,Organic App Store Search
USR_001474,2025-04-30,US,Organic App Store Search
USR_001475,2025-02-13,DE,Organic App Store Search
USR_001476,2025-06-05,CA,Organic App Store Search
USR_001477,2025-07-26,US,Organic App Store Search
USR_001478,2025-04-18,AU,Web Referral
USR_001479,2025-09-08,FR,Organic App Store Search
USR_001480,2025-05-10,FR,Web Referral
USR_001481,2025-01-20,US,Web Referral
USR_001482,2025-01-01,US,Web Referral
USR_001483,2025-04-29,FR,Organic App Store Search
USR_001484,2025-02-04,US,Social Media Campaign
USR_001485,2025-07-17,AU,Organic App Store Search
USR_001486,2025-09-02,US,Organic App Store Search
USR_001487,2025-02-28,US,Social Media Campaign
USR_001488,2025-06-10,US,Organic App Store Search
USR_001489,2025-06-28,US,Web Referral
USR_001490,2025-07-25,FR,Apple Search Ads
USR_001491,2025-01-12,US,Organic App Store Search
USR_001492,2025-06-30,FR,Organic App Store Search
USR_001493,2025-08-30,FR,Apple Search Ads
USR_001494,2025-08-04,US,Apple Search Ads
USR_001495,2025-09-08,AU,Apple Search Ads
USR_001496,2025-05-06,US,Organic App Store Search
USR_001497,2025-08-05,DE,Organic App Store Search
USR_001498,2025-07-04,UK,Organic App Store Search
USR_001499,2025-02-08,US,Organic App Store Search
USR_001500,2025-08-11,US,Organic App Store Search
USR_001501,2025-07-03,CA,Organic App Store Search
USR_001502,2025-06-27,FR,Organic App Store Search
USR_001503,2025-05-31,US,Apple Search Ads
USR_001504,2025-05-06,UK,Apple Search Ads
USR_001505,2025-08-22,US,Organic App Store Search
USR_001506,2025-01-08,DE,Apple Search Ads
USR_001507,2025-05-09,US,Apple Search Ads
USR_001508,2025-09-21,CA,Apple Search Ads
USR_001509,2025-06-06,US,Apple Search Ads
USR_001510,2025-01-05,UK,Organic App Store Search
USR_001511,2025-03-27,DE,Organic App Store Search
USR_001512,2025-06-24,DE,Organic App Store Search
USR_001513,2025-07-12,DE,Organic App Store Search
USR_001514,2025-04-29,UK,Apple Search Ads
USR_001515,2025-08-06,FR,Social Media Campaign
USR_001516,2025-04-24,UK,Organic App Store Search
USR_001517,2025-05-25,FR,Apple Search Ads
USR_001518,2025-01-26,UK,Social Media Campaign
USR_001519,2025-05-16,UK,Organic App Store Search
USR_001520,2025-08-20,US,Web Referral
USR_001521,2025-03-17,UK,Organic App Store Search
USR_001522,2025-01-01,US,Web Referral
USR_001523,2025-05-27,FR,Organic App Store Search
USR_001524,2025-05-22,CA,Organic App Store Search
USR_001525,2025-02-22,JP,Apple Search Ads
USR_001526,2025-03-10,US,Web Referral
USR_001527,2025-03-31,US,Organic App Store Search
USR_001528,2025-08-08,FR,Social Media Campaign
USR_001529,2025-07-11,US,Apple Search Ads
USR_001530,2025-03-04,UK,Organic App Store Search
USR_001531,2025-03-14,FR,Organic App Store Search
USR_001532,2025-06-10,UK,Organic App Store Search
USR_001533,2025-06-18,US,Organic App Store Search
USR_001534,2025-03-30,FR,Social Media Campaign
USR_001535,2025-06-25,US,Web Referral
USR_001536,2025-09-26,FR,Apple Search Ads
USR_001537,2025-03-14,US,Web Referral
USR_001538,2025-09-02,CA,Organic App Store Search
USR_001539,2025-03-18,US,Organic App Store Search
USR_001540,2025-06-08,AU,Social Media Campaign
USR_001541,2025-04-08,US,Social Media Campaign
USR_001542,2025-04-12,DE,Organic App Store Search
USR_001543,2025-05-12,UK,Organic App Store Search
USR_001544,2025-04-12,US,Social Media Campaign
USR_001545,2025-01-19,AU,Organic App Store Search
USR_001546,2025-03-23,UK,Organic App Store Search
USR_001547,2025-05-09,US,Apple Search Ads
USR_001548,2025-03-30,US,Web Referral
USR_001549,2025-08-01,US,Social Media Campaign
USR_001550,2025-05-23,US,Social Media Campaign
USR_001551,2025-03-06,US,Organic App Store Search
USR_001552,2025-03-17,US,Apple Search Ads
USR_001553,2025-07-18,CA,Organic App Store Search
USR_001554,2025-05-23,UK,Web Referral
USR_001555,2025-04-03,US,Organic App Store Search
USR_001556,2025-08-12,JP,Apple Search Ads
USR_001557,2025-04-12,FR,Social Media Campaign
USR_001558,2025-09-24,US,Organic App Store Search
USR_001559,2025-04-20,US,Web Referral
USR_001560,2025-09-22,FR,Organic App Store Search
USR_001561,2025-01-03,UK,Organic App Store Search
USR_001562,2025-03-26,US,Organic App Store Search
USR_001563,2025-04-27,UK,Social Media Campaign
USR_001564,2025-08-09,DE,Social Media Campaign
USR_001565,2025-06-03,US,Organic App Store Search
USR_001566,2025-06-02,DE,Organic App Store Search
USR_001567,2025-01-12,AU,Web Referral
USR_001568,2025-05-13,UK,Organic App Store Search
USR_001569,2025-08-16,FR,Apple Search Ads
USR_001570,2025-02-12,US,Apple Search Ads
USR_001571,2025-01-21,UK,Social Media Campaign
USR_001572,2025-04-17,US,Apple Search Ads
USR_001573,2025-04-27,US,Organic App Store Search
USR_001574,2025-05-04,US,Web Referral
USR_001575,2025-07-22,US,Organic App Store Search
USR_001576,2025-02-20,US,Organic App Store Search
USR_001577,2025-05-21,US,Organic App Store Search
USR_001578,2025-02-21,US,Web Referral
USR_001579,2025-01-27,AU,Apple Search Ads
USR_001580,2025-06-06,US,Organic App Store Search
USR_001581,2025-08-27,CA,Apple Search Ads
USR_001582,2025-06-05,US,Organic App Store Search
USR_001583,2025-05-16,US,Web Referral
USR_001584,2025-05-24,US,Organic App Store Search
USR_001585,2025-04-16,US,Apple Search Ads
USR_001586,2025-06-07,UK,Apple Search Ads
USR_001587,2025-05-26,US,Organic App Store Search
USR_001588,2025-01-02,JP,Social Media Campaign
USR_001589,2025-03-18,JP,Organic App Store Search
USR_001590,2025-05-12,US,Apple Search Ads
USR_001591,2025-03-31,DE,Social Media Campaign
USR_001592,2025-09-20,US,Apple Search Ads
USR_001593,2025-04-18,UK,Organic App Store Search
USR_001594,2025-03-15,AU,Web Referral
USR_001595,2025-02-08,US,Organic App Store Search
USR_001596,2025-06-08,US,Apple Search Ads
USR_001597,2025-03-12,US,Social Media Campaign
USR_001598,2025-08-29,US,Web Referral
USR_001599,2025-02-05,UK,Apple Search Ads
USR_001600,2025-03-25,US,Organic App Store Search
USR_001601,2025-09-20,US,Social Media Campaign
USR_001602,2025-06-21,UK,Organic App Store Search
USR_001603,2025-06-22,DE,Organic App Store Search
USR_001604,2025-02-16,US,Web Referral
USR_001605,2025-05-21,DE,Apple Search Ads
USR_001606,2025-04-28,CA,Organic App Store Search
USR_001607,2025-08-02,AU,Apple Search Ads
USR_001608,2025-08-08,AU,Organic App Store Search
USR_001609,2025-01-26,UK,Organic App Store Search
USR_001610,2025-01-09,US,Organic App Store Search
USR_001611,2025-01-10,UK,Social Media Campaign
USR_001612,2025-05-01,JP,Social Media Campaign
USR_001613,2025-05-05,UK,Apple Search Ads
USR_001614,2025-06-19,US,Organic App Store Search
USR_001615,2025-03-13,US,Apple Search Ads
USR_001616,2025-06-01,JP,Organic App Store Search
USR_001617,2025-07-27,US,Apple Search Ads
USR_001618,2025-02-18,US,Social Media Campaign
USR_001619,2025-06-03,US,Organic App Store Search
USR_001620,2025-03-09,JP,Apple Search Ads
USR_001621,2025-02-19,US,Web Referral
USR_001622,2025-06-01,US,Organic App Store Search
USR_001623,2025-01-19,CA,Apple Search Ads
USR_001624,2025-04-10,US,Apple Search Ads
USR_001625,2025-03-01,FR,Organic App Store Search
USR_001626,2025-06-16,UK,Apple Search Ads
USR_001627,2025-07-21,UK,Apple Search Ads
USR_001628,2025-05-26,FR,Organic App Store Search
USR_001629,2025-06-13,JP,Organic App Store Search
USR_001630,2025-08-30,US,Web Referral
USR_001631,2025-03-10,US,Apple Search Ads
USR_001632,2025-06-24,DE,Organic App Store Search
USR_001633,2025-02-18,US,Organic App Store Search
USR_001634,2025-04-18,FR,Apple Search Ads
USR_001635,2025-08-14,FR,Organic App Store Search
USR_001636,2025-06-10,US,Organic App Store Search
USR_001637,2025-04-29,JP,Social Media Campaign
USR_001638,2025-05-29,US,Apple Search Ads
USR_001639,2025-05-30,CA,Organic App Store Search
USR_001640,2025-05-23,US,Organic App Store Search
USR_001641,2025-06-09,FR,Organic App Store Search
USR_001642,2025-01-11,CA,Organic App Store Search
USR_001643,2025-05-18,CA,Organic App Store Search
USR_001644,2025-03-19,FR,Organic App Store Search
USR_001645,2025-03-18,UK,Organic App Store Search
USR_001646,2025-09-11,US,Organic App Store Search
USR_001647,2025-09-15,FR,Web Referral
USR_001648,2025-09-20,AU,Organic App Store Search
USR_001649,2025-03-26,FR,Organic App Store Search
USR_001650,2025-05-26,FR,Organic App Store Search
USR_001651,2025-02-11,US,Organic App Store Search
USR_001652,2025-05-05,US,Social Media Campaign
USR_001653,2025-06-16,US,Organic App Store Search
USR_001654,2025-08-29,CA,Social Media Campaign
USR_001655,2025-07-07,US,Organic App Store Search
USR_001656,2025-01-19,DE,Social Media Campaign
USR_001657,2025-03-09,US,Organic App Store Search
USR_001658,2025-08-06,US,Organic App Store Search
USR_001659,2025-04-12,US,Organic App Store Search
USR_001660,2025-02-11,US,Organic App Store Search
USR_001661,2025-06-16,CA,Apple Search Ads
USR_001662,2025-04-19,US,Organic App Store Search
USR_001663,2025-02-05,US,Apple Search Ads
USR_001664,2025-08-20,US,Organic App Store Search
USR_001665,2025-08-17,DE,Organic App Store Search
USR_001666,2025-06-13,DE,Organic App Store Search
USR_001667,2025-03-14,US,Apple Search Ads
USR_001668,2025-05-16,AU,Organic App Store Search
USR_001669,2025-03-11,US,Organic App Store Search
USR_001670,2025-07-15,US,Organic App Store Search
USR_001671,2025-09-26,CA,Social Media Campaign
USR_001672,2025-02-18,US,Apple Search Ads
USR_001673,2025-05-10,DE,Organic App Store Search
USR_001674,2025-01-05,US,Organic App Store Search
USR_001675,2025-01-27,JP,Organic App Store Search
USR_001676,2025-06-09,US,Organic App Store Search
USR_001677,2025-05-29,UK,Apple Search Ads
USR_001678,2025-09-21,FR,Organic App Store Search
USR_001679,2025-08-18,US,Organic App Store Search
USR_001680,2025-07-19,UK,Apple Search Ads
USR_001681,2025-02-19,US,Organic App Store Search
USR_001682,2025-03-08,UK,Organic App Store Search
USR_001683,2025-02-27,US,Organic App Store Search
USR_001684,2025-09-16,US,Organic App Store Search
USR_001685,2025-05-10,CA,Social Media Campaign
USR_001686,2025-08-03,US,Social Media Campaign
USR_001687,2025-06-21,CA,Organic App Store Search
USR_001688,2025-09-15,US,Organic App Store Search
USR_001689,2025-04-12,US,Organic App Store Search
USR_001690,2025-07-28,UK,Organic App Store Search
USR_001691,2025-04-26,UK,Web Referral
USR_001692,2025-09-21,US,Organic App Store Search
USR_001693,2025-05-30,US,Social Media Campaign
USR_001694,2025-02-05,US,Apple Search Ads
USR_001695,2025-07-27,US,Social Media Campaign
USR_001696,2025-04-16,US,Apple Search Ads
USR_001697,2025-06-07,US,Apple Search Ads
USR_001698,2025-05-01,CA,Apple Search Ads
USR_001699,2025-02-24,UK,Social Media Campaign
USR_001700,2025-01-12,US,Organic App Store Search
USR_001701,2025-05-25,US,Web Referral
USR_001702,2025-05-16,US,Apple Search Ads
USR_001703,2025-01-03,UK,Organic App Store Search
USR_001704,2025-05-24,FR,Web Referral
USR_001705,2025-01-30,CA,Social Media Campaign
USR_001706,2025-08-25,AU,Social Media Campaign
USR_001707,2025-04-25,DE,Organic App Store Search
USR_001708,2025-04-14,US,Web Referral
USR_001709,2025-04-28,US,Apple Search Ads
USR_001710,2025-01-05,CA,Apple Search Ads
USR_001711,2025-09-05,US,Web Referral
USR_001712,2025-05-01,UK,Organic App Store Search
USR_001713,2025-05-29,AU,Organic App Store Search
USR_001714,2025-03-25,DE,Apple Search Ads
USR_001715,2025-08-19,US,Organic App Store Search
USR_001716,2025-06-10,UK,Apple Search Ads
USR_001717,2025-02-07,CA,Organic App Store Search
USR_001718,2025-08-14,DE,Organic App Store Search
USR_001719,2025-05-22,DE,Organic App Store Search
USR_001720,2025-05-31,JP,Organic App Store Search
USR_001721,2025-04-24,US,Organic App Store Search
USR_001722,2025-08-25,US,Organic App Store Search
USR_001723,2025-03-07,US,Organic App Store Search
USR_001724,2025-09-15,US,Social Media Campaign
USR_001725,2025-09-06,FR,Social Media Campaign
USR_001726,2025-06-29,JP,Organic App Store Search
USR_001727,2025-07-09,US,Apple Search Ads
USR_001728,2025-06-03,US,Organic App Store Search
USR_001729,2025-07-15,US,Organic App Store Search
USR_001730,2025-09-19,DE,Web Referral
USR_001731,2025-05-23,US,Organic App Store Search
USR_001732,2025-04-11,US,Organic App Store Search
USR_001733,2025-09-01,US,Organic App Store Search
USR_001734,2025-01-12,US,Web Referral
USR_001735,2025-08-27,FR,Organic App Store Search
USR_001736,2025-02-18,US,Apple Search Ads
USR_001737,2025-02-11,US,Organic App Store Search
USR_001738,2025-06-15,US,Organic App Store Search
USR_001739,2025-03-23,UK,Social Media Campaign
USR_001740,2025-06-07,CA,Organic App Store Search
USR_001741,2025-08-04,US,Apple Search Ads
USR_001742,2025-06-07,US,Apple Search Ads
USR_001743,2025-05-14,DE,Organic App Store Search
USR_001744,2025-03-08,US,Organic App Store Search
USR_001745,2025-01-07,CA,Apple Search Ads
USR_001746,2025-01-14,US,Organic App Store Search
USR_001747,2025-03-14,US,Organic App Store Search
USR_001748,2025-06-12,CA,Organic App Store Search
USR_001749,2025-03-07,DE,Social Media Campaign
USR_001750,2025-05-10,UK,Social Media Campaign
USR_001751,2025-07-25,US,Social Media Campaign
USR_001752,2025-09-13,UK,Organic App Store Search
USR_001753,2025-09-23,UK,Apple Search Ads
USR_001754,2025-01-25,UK,Organic App Store Search
USR_001755,2025-09-10,CA,Organic App Store Search
USR_001756,2025-06-13,US,Social Media Campaign
USR_001757,2025-04-05,UK,Social Media Campaign
USR_001758,2025-09-27,UK,Social Media Campaign
USR_001759,2025-04-20,US,Organic App Store Search
USR_001760,2025-08-26,CA,Social Media Campaign
USR_001761,2025-01-25,US,Web Referral
USR_001762,2025-05-21,US,Organic App Store Search
USR_001763,2025-04-27,JP,Organic App Store Search
USR_001764,2025-01-25,US,Organic App Store Search
USR_001765,2025-03-20,US,Organic App Store Search
USR_001766,2025-03-09,UK,Social Media Campaign
USR_001767,2025-06-22,JP,Organic App Store Search
USR_001768,2025-01-12,JP,Apple Search Ads
USR_001769,2025-05-08,UK,Apple Search Ads
USR_001770,2025-04-06,US,Apple Search Ads
USR_001771,2025-04-02,FR,Organic App Store Search
USR_001772,2025-05-21,UK,Web Referral
USR_001773,2025-01-31,US,Organic App Store Search
USR_001774,2025-01-20,DE,Social Media Campaign
USR_001775,2025-05-26,US,Social Media Campaign
USR_001776,2025-06-09,US,Organic App Store Search
USR_001777,2025-02-12,DE,Web Referral
USR_001778,2025-09-11,UK,Organic App Store Search
USR_001779,2025-05-10,US,Apple Search Ads
USR_001780,2025-03-01,US,Apple Search Ads
USR_001781,2025-05-31,UK,Apple Search Ads
USR_001782,2025-01-05,US,Organic App Store Search
USR_001783,2025-09-23,US,Social Media Campaign
USR_001784,2025-05-10,CA,Apple Search Ads
USR_001785,2025-09-24,FR,Organic App Store Search
USR_001786,2025-06-27,UK,Apple Search Ads
USR_001787,2025-09-10,DE,Apple Search Ads
USR_001788,2025-02-25,DE,Apple Search Ads
USR_001789,2025-03-24,CA,Organic App Store Search
USR_001790,2025-04-09,US,Organic App Store Search
USR_001791,2025-05-29,FR,Organic App Store Search
USR_001792,2025-06-05,US,Organic App Store Search
USR_001793,2025-07-09,US,Web Referral
USR_001794,2025-09-20,US,Organic App Store Search
USR_001795,2025-03-21,DE,Organic App Store Search
USR_001796,2025-09-09,US,Social Media Campaign
USR_001797,2025-04-07,US,Organic App Store Search
USR_001798,2025-09-17,CA,Organic App Store Search
USR_001799,2025-09-17,FR,Apple Search Ads
USR_001800,2025-04-13,CA,Social Media Campaign
USR_001801,2025-02-09,US,Social Media Campaign
USR_001802,2025-04-11,US,Social Media Campaign
USR_001803,2025-08-09,CA,Organic App Store Search
USR_001804,2025-05-04,US,Social Media Campaign
USR_001805,2025-08-19,CA,Organic App Store Search
USR_001806,2025-06-27,US,Organic App Store Search
USR_001807,2025-03-04,FR,Organic App Store Search
USR_001808,2025-04-26,UK,Organic App Store Search
USR_001809,2025-07-10,US,Organic App Store Search
USR_001810,2025-03-03,FR,Apple Search Ads
USR_001811,2025-09-13,US,Apple Search Ads
USR_001812,2025-01-07,US,Organic App Store Search
USR_001813,2025-06-04,DE,Apple Search Ads
USR_001814,2025-04-02,US,Apple Search Ads
USR_001815,2025-01-14,US,Organic App Store Search
USR_001816,2025-08-17,US,Organic App Store Search
USR_001817,2025-03-27,US,Organic App Store Search
USR_001818,2025-05-13,US,Organic App Store Search
USR_001819,2025-07-02,AU,Social Media Campaign
USR_001820,2025-03-03,CA,Organic App Store Search
USR_001821,2025-08-07,US,Organic App Store Search
USR_001822,2025-09-03,US,Organic App Store Search
USR_001823,2025-08-18,FR,Social Media Campaign
USR_001824,2025-03-20,JP,Organic App Store Search
USR_001825,2025-05-29,UK,Apple Search Ads
USR_001826,2025-05-18,DE,Organic App Store Search
USR_001827,2025-03-06,AU,Social Media Campaign
USR_001828,2025-01-13,US,Web Referral
USR_001829,2025-08-01,US,Organic App Store Search
USR_001830,2025-08-30,US,Social Media Campaign
USR_001831,2025-08-01,DE,Apple Search Ads
USR_001832,2025-06-30,AU,Social Media Campaign
USR_001833,2025-06-22,CA,Social Media Campaign
USR_001834,2025-06-09,US,Organic App Store Search
USR_001835,2025-06-13,CA,Organic App Store Search
USR_001836,2025-07-07,DE,Web Referral
USR_001837,2025-07-10,FR,Organic App Store Search
USR_001838,2025-09-13,US,Web Referral
USR_001839,2025-07-02,CA,Apple Search Ads
USR_001840,2025-04-27,US,Organic App Store Search
USR_001841,2025-07-15,AU,Apple Search Ads
USR_001842,2025-02-03,CA,Social Media Campaign
USR_001843,2025-02-21,US,Organic App Store Search
USR_001844,2025-04-22,DE,Organic App Store Search
USR_001845,2025-09-09,US,Apple Search Ads
USR_001846,2025-03-23,DE,Web Referral
USR_001847,2025-08-20,US,Apple Search Ads
USR_001848,2025-08-15,CA,Organic App Store Search
USR_001849,2025-08-21,FR,Organic App Store Search
USR_001850,2025-08-09,US,Web Referral
USR_001851,2025-02-11,UK,Organic App Store Search
USR_001852,2025-01-21,UK,Apple Search Ads
USR_001853,2025-02-11,US,Organic App Store Search
USR_001854,2025-04-23,UK,Organic App Store Search
USR_001855,2025-04-15,AU,Organic App Store Search
USR_001856,2025-07-11,FR,Organic App Store Search
USR_001857,2025-01-17,FR,Social Media Campaign
USR_001858,2025-04-30,UK,Organic App Store Search
USR_001859,2025-05-09,AU,Organic App Store Search
USR_001860,2025-05-10,DE,Organic App Store Search
USR_001861,2025-03-01,UK,Web Referral
USR_001862,2025-02-17,US,Apple Search Ads
USR_001863,2025-01-29,US,Organic App Store Search
USR_001864,2025-04-07,DE,Organic App Store Search
USR_001865,2025-01-10,UK,Apple Search Ads
USR_001866,2025-08-30,AU,Social Media Campaign
USR_001867,2025-08-20,US,Organic App Store Search
USR_001868,2025-07-22,JP,Organic App Store Search
USR_001869,2025-09-04,US,Apple Search Ads
USR_001870,2025-09-21,CA,Apple Search Ads
USR_001871,2025-08-02,US,Apple Search Ads
USR_001872,2025-07-19,US,Organic App Store Search
USR_001873,2025-03-20,DE,Organic App Store Search
USR_001874,2025-06-22,JP,Organic App Store Search
USR_001875,2025-03-10,US,Organic App Store Search
USR_001876,2025-03-28,US,Web Referral
USR_001877,2025-04-11,US,Organic App Store Search
USR_001878,2025-01-08,US,Apple Search Ads
USR_001879,2025-07-19,US,Apple Search Ads
USR_001880,2025-03-28,DE,Organic App Store Search
USR_001881,2025-02-12,FR,Social Media Campaign
USR_001882,2025-04-19,US,Apple Search Ads
USR_001883,2025-06-01,UK,Web Referral
USR_001884,2025-01-17,US,Organic App Store Search
USR_001885,2025-05-13,US,Organic App Store Search
USR_001886,2025-05-28,US,Organic App Store Search
USR_001887,2025-08-20,UK,Organic App Store Search
USR_001888,2025-08-16,US,Organic App Store Search
USR_001889,2025-05-19,US,Social Media Campaign
USR_001890,2025-07-30,US,Organic App Store Search
USR_001891,2025-01-28,US,Web Referral
USR_001892,2025-02-20,US,Organic App Store Search
USR_001893,2025-09-18,FR,Apple Search Ads
USR_001894,2025-09-18,AU,Organic App Store Search
USR_001895,2025-01-08,FR,Organic App Store Search
USR_001896,2025-05-18,US,Social Media Campaign
USR_001897,2025-02-07,US,Organic App Store Search
USR_001898,2025-04-21,US,Social Media Campaign
USR_001899,2025-08-08,US,Apple Search Ads
USR_001900,2025-08-11,AU,Social Media Campaign
USR_001901,2025-05-16,US,Apple Search Ads
USR_001902,2025-09-13,US,Organic App Store Search
USR_001903,2025-02-18,UK,Apple Search Ads
USR_001904,2025-03-19,US,Organic App Store Search
USR_001905,2025-04-15,JP,Organic App Store Search
USR_001906,2025-06-18,US,Organic App Store Search
USR_001907,2025-08-05,CA,Organic App Store Search
USR_001908,2025-04-29,US,Organic App Store Search
USR_001909,2025-07-09,JP,Web Referral
USR_001910,2025-09-12,US,Apple Search Ads
USR_001911,2025-09-23,CA,Web Referral
USR_001912,2025-05-29,US,Organic App Store Search
USR_001913,2025-06-13,AU,Apple Search Ads
USR_001914,2025-05-20,US,Organic App Store Search
USR_001915,2025-09-15,US,Organic App Store Search
USR_001916,2025-09-26,FR,Social Media Campaign
USR_001917,2025-06-30,JP,Web Referral
USR_001918,2025-06-09,US,Organic App Store Search
USR_001919,2025-08-14,DE,Web Referral
USR_001920,2025-01-11,US,Apple Search Ads
USR_001921,2025-01-10,DE,Web Referral
USR_001922,2025-07-02,CA,Apple Search Ads
USR_001923,2025-06-02,UK,Web Referral
USR_001924,2025-05-04,FR,Social Media Campaign
USR_001925,2025-04-24,DE,Organic App Store Search
USR_001926,2025-08-01,US,Organic App Store Search
USR_001927,2025-06-21,DE,Organic App Store Search
USR_001928,2025-06-23,US,Apple Search Ads
USR_001929,2025-04-23,DE,Social Media Campaign
USR_001930,2025-05-02,CA,Social Media Campaign
USR_001931,2025-02-01,US,Apple Search Ads
USR_001932,2025-08-10,CA,Organic App Store Search
USR_001933,2025-04-29,UK,Organic App Store Search
USR_001934,2025-02-08,UK,Organic App Store Search
USR_001935,2025-09-25,US,Apple Search Ads
USR_001936,2025-08-21,US,Organic App Store Search
USR_001937,2025-01-18,DE,Organic App Store Search
USR_001938,2025-05-29,US,Organic App Store Search
USR_001939,2025-05-29,US,Organic App Store Search
USR_001940,2025-05-06,CA,Organic App Store Search
USR_001941,2025-08-26,US,Organic App Store Search
USR_001942,2025-05-15,UK,Web Referral
USR_001943,2025-05-31,UK,Organic App Store Search
USR_001944,2025-08-24,CA,Social Media Campaign
USR_001945,2025-08-12,US,Organic App Store Search
USR_001946,2025-07-22,US,Social Media Campaign
USR_001947,2025-09-13,US,Apple Search Ads
USR_001948,2025-03-27,DE,Social Media Campaign
USR_001949,2025-05-30,US,Social Media Campaign
USR_001950,2025-08-23,JP,Apple Search Ads
USR_001951,2025-01-22,CA,Web Referral
USR_001952,2025-09-26,FR,Apple Search Ads
USR_001953,2025-09-15,US,Apple Search Ads
USR_001954,2025-01-29,US,Organic App Store Search
USR_001955,2025-08-01,FR,Web Referral
USR_001956,2025-02-19,US,Social Media Campaign
USR_001957,2025-04-05,US,Organic App Store Search
USR_001958,2025-03-29,US,Apple Search Ads
USR_001959,2025-02-13,JP,Social Media Campaign
USR_001960,2025-06-20,CA,Social Media Campaign
USR_001961,2025-07-08,UK,Web Referral
USR_001962,2025-07-03,AU,Organic App Store Search
USR_001963,2025-01-03,US,Organic App Store Search
USR_001964,2025-07-10,DE,Apple Search Ads
USR_001965,2025-04-28,US,Organic App Store Search
USR_001966,2025-01-19,DE,Organic App Store Search
USR_001967,2025-01-23,US,Apple Search Ads
USR_001968,2025-01-30,US,Organic App Store Search
USR_001969,2025-04-18,UK,Organic App Store Search
USR_001970,2025-05-08,US,Organic App Store Search
USR_001971,2025-08-17,CA,Apple Search Ads
USR_001972,2025-04-21,US,Organic App Store Search
USR_001973,2025-05-16,US,Organic App Store Search
USR_001974,2025-07-05,UK,Apple Search Ads
USR_001975,2025-05-24,UK,Organic App Store Search
USR_001976,2025-03-13,US,Web Referral
USR_001977,2025-05-09,UK,Organic App Store Search
USR_001978,2025-09-18,US,Social Media Campaign
USR_001979,2025-01-03,US,Organic App Store Search
USR_001980,2025-04-14,US,Social Media Campaign
USR_001981,2025-08-12,FR,Organic App Store Search
USR_001982,2025-01-10,CA,Organic App Store Search
USR_001983,2025-08-19,US,Social Media Campaign
USR_001984,2025-08-07,CA,Organic App Store Search
USR_001985,2025-03-07,DE,Apple Search Ads
USR_001986,2025-04-22,US,Organic App Store Search
USR_001987,2025-01-13,DE,Apple Search Ads
USR_001988,2025-03-27,US,Web Referral
USR_001989,2025-08-22,DE,Web Referral
USR_001990,2025-03-31,UK,Organic App Store Search
USR_001991,2025-02-23,US,Organic App Store Search
USR_001992,2025-01-12,US,Web Referral
USR_001993,2025-07-28,JP,Social Media Campaign
USR_001994,2025-01-14,DE,Organic App Store Search
USR_001995,2025-05-01,UK,Apple Search Ads
USR_001996,2025-01-20,US,Organic App Store Search
USR_001997,2025-03-16,US,Web Referral
USR_001998,2025-08-31,US,Organic App Store Search
USR_001999,2025-08-11,US,Apple Search Ads
USR_002000,2025-03-11,UK,Apple Search Ads
USR_002001,2025-07-30,FR,Web Referral
USR_002002,2025-04-11,CA,Social Media Campaign
USR_002003,2025-07-05,US,Organic App Store Search
USR_002004,2025-05-12,UK,Apple Search Ads
USR_002005,2025-04-21,FR,Web Referral
USR_002006,2025-05-12,AU,Apple Search Ads
USR_002007,2025-01-20,CA,Apple Search Ads
USR_002008,2025-01-24,JP,Social Media Campaign
USR_002009,2025-08-15,DE,Organic App Store Search
USR_002010,2025-06-03,US,Apple Search Ads
USR_002011,2025-08-18,US,Organic App Store Search
USR_002012,2025-07-21,JP,Organic App Store Search
USR_002013,2025-02-07,UK,Social Media Campaign
USR_002014,2025-09-17,US,Organic App Store Search
USR_002015,2025-07-07,UK,Organic App Store Search
USR_002016,2025-02-26,CA,Organic App Store Search
USR_002017,2025-01-20,JP,Organic App Store Search
USR_002018,2025-04-29,US,Social Media Campaign
USR_002019,2025-03-12,UK,Apple Search Ads
USR_002020,2025-01-04,FR,Organic App Store Search
USR_002021,2025-08-09,US,Organic App Store Search
USR_002022,2025-01-14,US,Organic App Store Search
USR_002023,2025-01-03,FR,Organic App Store Search
USR_002024,2025-08-04,UK,Social Media Campaign
USR_002025,2025-08-17,UK,Organic App Store Search
USR_002026,2025-07-05,CA,Social Media Campaign
USR_002027,2025-02-24,US,Organic App Store Search
USR_002028,2025-09-11,FR,Organic App Store Search
USR_002029,2025-01-24,US,Organic App Store Search
USR_002030,2025-06-11,US,Organic App Store Search
USR_002031,2025-06-07,US,Social Media Campaign
USR_002032,2025-03-23,US,Organic App Store Search
USR_002033,2025-06-08,DE,Organic App Store Search
USR_002034,2025-07-07,DE,Web Referral
USR_002035,2025-03-01,FR,Apple Search Ads
USR_002036,2025-07-30,US,Organic App Store Search
USR_002037,2025-06-01,AU,Web Referral
USR_002038,2025-04-19,UK,Organic App Store Search
USR_002039,2025-03-17,DE,Social Media Campaign
USR_002040,2025-01-30,AU,Organic App Store Search
USR_002041,2025-04-27,US,Apple Search Ads
USR_002042,2025-07-11,US,Apple Search Ads
USR_002043,2025-01-19,US,Organic App Store Search
USR_002044,2025-06-22,UK,Apple Search Ads
USR_002045,2025-08-16,JP,Apple Search Ads
USR_002046,2025-07-02,US,Social Media Campaign
USR_002047,2025-04-23,US,Social Media Campaign
USR_002048,2025-07-02,US,Apple Search Ads
USR_002049,2025-05-26,DE,Organic App Store Search
USR_002050,2025-04-26,US,Apple Search Ads
USR_002051,2025-04-23,US,Apple Search Ads
USR_002052,2025-09-08,US,Organic App Store Search
USR_002053,2025-09-08,CA,Apple Search Ads
USR_002054,2025-04-28,UK,Apple Search Ads
USR_002055,2025-06-10,AU,Web Referral
USR_002056,2025-07-17,US,Apple Search Ads
USR_002057,2025-09-17,UK,Organic App Store Search
USR_002058,2025-05-28,US,Apple Search Ads
USR_002059,2025-08-28,US,Social Media Campaign
USR_002060,2025-02-16,UK,Social Media Campaign
USR_002061,2025-07-17,US,Social Media Campaign
USR_002062,2025-02-16,CA,Social Media Campaign
USR_002063,2025-03-19,US,Organic App Store Search
USR_002064,2025-05-04,US,Apple Search Ads
USR_002065,2025-03-16,FR,Social Media Campaign
USR_002066,2025-05-17,UK,Organic App Store Search
USR_002067,2025-03-31,AU,Organic App Store Search
USR_002068,2025-03-02,DE,Social Media Campaign
USR_002069,2025-05-18,UK,Social Media Campaign
USR_002070,2025-02-19,DE,Web Referral
USR_002071,2025-09-16,UK,Web Referral
USR_002072,2025-04-17,US,Organic App Store Search
USR_002073,2025-04-23,US,Web Referral
USR_002074,2025-09-11,UK,Organic App Store Search
USR_002075,2025-04-28,US,Apple Search Ads
USR_002076,2025-07-17,US,Organic App Store Search
USR_002077,2025-02-20,US,Organic App Store Search
USR_002078,2025-09-02,US,Web Referral
USR_002079,2025-02-04,US,Organic App Store Search
USR_002080,2025-03-10,US,Apple Search Ads
USR_002081,2025-02-18,US,Organic App Store Search
USR_002082,2025-03-15,US,Organic App Store Search
USR_002083,2025-07-11,UK,Organic App Store Search
USR_002084,2025-09-18,US,Apple Search Ads
USR_002085,2025-03-11,FR,Organic App Store Search
USR_002086,2025-03-31,DE,Organic App Store Search
USR_002087,2025-09-17,UK,Apple Search Ads
USR_002088,2025-05-06,AU,Organic App Store Search
USR_002089,2025-08-19,US,Organic App Store Search
USR_002090,2025-05-09,US,Web Referral
USR_002091,2025-04-10,FR,Organic App Store Search
USR_002092,2025-07-01,US,Organic App Store Search
USR_002093,2025-06-23,FR,Apple Search Ads
USR_002094,2025-07-07,UK,Social Media Campaign
USR_002095,2025-02-26,US,Social Media Campaign
USR_002096,2025-01-31,UK,Web Referral
USR_002097,2025-03-25,UK,Organic App Store Search
USR_002098,2025-06-01,US,Web Referral
USR_002099,2025-02-05,US,Web Referral
USR_002100,2025-08-01,AU,Social Media Campaign
USR_002101,2025-04-16,UK,Organic App Store Search
USR_002102,2025-08-08,US,Social Media Campaign
USR_002103,2025-06-12,US,Organic App Store Search
USR_002104,2025-08-08,FR,Social Media Campaign
USR_002105,2025-09-27,UK,Organic App Store Search
USR_002106,2025-04-30,UK,Social Media Campaign
USR_002107,2025-07-01,JP,Apple Search Ads
USR_002108,2025-04-16,US,Organic App Store Search
USR_002109,2025-08-05,UK,Social Media Campaign
USR_002110,2025-07-24,DE,Apple Search Ads
USR_002111,2025-03-11,DE,Apple Search Ads
USR_002112,2025-02-13,US,Organic App Store Search
USR_002113,2025-08-16,US,Social Media Campaign
USR_002114,2025-07-03,AU,Apple Search Ads
USR_002115,2025-04-17,US,Organic App Store Search
USR_002116,2025-03-25,FR,Apple Search Ads
USR_002117,2025-09-07,US,Apple Search Ads
USR_002118,2025-01-21,US,Apple Search Ads
USR_002119,2025-07-15,US,Organic App Store Search
USR_002120,2025-06-27,AU,Organic App Store Search
USR_002121,2025-01-07,FR,Apple Search Ads
USR_002122,2025-03-11,CA,Web Referral
USR_002123,2025-05-07,FR,Apple Search Ads
USR_002124,2025-06-09,US,Organic App Store Search
USR_002125,2025-09-05,US,Organic App Store Search
USR_002126,2025-07-22,DE,Apple Search Ads
USR_002127,2025-05-28,FR,Social Media Campaign
USR_002128,2025-05-23,DE,Organic App Store Search
USR_002129,2025-07-18,DE,Apple Search Ads
USR_002130,2025-06-03,US,Organic App Store Search
USR_002131,2025-05-22,US,Organic App Store Search
USR_002132,2025-06-14,FR,Organic App Store Search
USR_002133,2025-01-21,US,Social Media Campaign
USR_002134,2025-03-23,US,Web Referral
USR_002135,2025-03-10,CA,Organic App Store Search
USR_002136,2025-05-11,US,Apple Search Ads
USR_002137,2025-03-28,DE,Organic App Store Search
USR_002138,2025-08-06,US,Social Media Campaign
USR_002139,2025-06-10,DE,Apple Search Ads
USR_002140,2025-06-27,CA,Organic App Store Search
USR_002141,2025-04-27,UK,Organic App Store Search
USR_002142,2025-07-15,UK,Social Media Campaign
USR_002143,2025-03-27,US,Apple Search Ads
USR_002144,2025-03-22,UK,Organic App Store Search
USR_002145,2025-06-01,UK,Apple Search Ads
USR_002146,2025-03-02,UK,Social Media Campaign
USR_002147,2025-03-02,US,Apple Search Ads
USR_002148,2025-01-28,US,Organic App Store Search
USR_002149,2025-02-12,US,Apple Search Ads
USR_002150,2025-06-18,CA,Apple Search Ads
USR_002151,2025-03-27,US,Apple Search Ads
USR_002152,2025-06-26,FR,Web Referral
USR_002153,2025-01-17,CA,Organic App Store Search
USR_002154,2025-04-08,DE,Apple Search Ads
USR_002155,2025-07-17,DE,Organic App Store Search
USR_002156,2025-04-08,US,Organic App Store Search
USR_002157,2025-03-06,DE,Apple Search Ads
USR_002158,2025-01-05,UK,Web Referral
USR_002159,2025-01-02,FR,Organic App Store Search
USR_002160,2025-01-22,FR,Web Referral
USR_002161,2025-04-22,US,Organic App Store Search
USR_002162,2025-02-26,US,Organic App Store Search
USR_002163,2025-03-07,UK,Organic App Store Search
USR_002164,2025-04-08,CA,Apple Search Ads
USR_002165,2025-05-24,US,Apple Search Ads
USR_002166,2025-05-05,US,Organic App Store Search
USR_002167,2025-06-16,US,Organic App Store Search
USR_002168,2025-03-27,UK,Apple Search Ads
USR_002169,2025-03-17,JP,Apple Search Ads
USR_002170,2025-02-28,DE,Organic App Store Search
USR_002171,2025-05-18,US,Social Media Campaign
USR_002172,2025-04-09,US,Apple Search Ads
USR_002173,2025-07-11,US,Organic App Store Search
USR_002174,2025-08-31,UK,Organic App Store Search
USR_002175,2025-02-18,DE,Social Media Campaign
USR_002176,2025-02-01,US,Organic App Store Search
USR_002177,2025-01-20,UK,Social Media Campaign
USR_002178,2025-06-03,FR,Organic App Store Search
USR_002179,2025-03-09,FR,Apple Search Ads
USR_002180,2025-08-02,US,Organic App Store Search
USR_002181,2025-05-23,US,Web Referral
USR_002182,2025-08-20,US,Web Referral
USR_002183,2025-08-01,CA,Web Referral
USR_002184,2025-03-20,JP,Organic App Store Search
USR_002185,2025-08-02,US,Social Media Campaign
USR_002186,2025-04-26,US,Apple Search Ads
USR_002187,2025-04-02,FR,Apple Search Ads
USR_002188,2025-09-27,AU,Organic App Store Search
USR_002189,2025-06-17,JP,Apple Search Ads
USR_002190,2025-02-27,US,Web Referral
USR_002191,2025-01-26,US,Organic App Store Search
USR_002192,2025-03-07,US,Organic App Store Search
USR_002193,2025-09-05,US,Organic App Store Search
USR_002194,2025-09-11,UK,Organic App Store Search
USR_002195,2025-02-13,US,Apple Search Ads
USR_002196,2025-04-07,US,Social Media Campaign
USR_002197,2025-02-11,FR,Organic App Store Search
USR_002198,2025-08-15,US,Apple Search Ads
USR_002199,2025-09-19,AU,Organic App Store Search
USR_002200,2025-06-16,US,Organic App Store Search
USR_002201,2025-03-30,DE,Apple Search Ads
USR_002202,2025-06-27,US,Organic App Store Search
USR_002203,2025-07-16,DE,Apple Search Ads
USR_002204,2025-09-24,US,Organic App Store Search
USR_002205,2025-09-25,US,Apple Search Ads
USR_002206,2025-03-15,AU,Organic App Store Search
USR_002207,2025-01-08,US,Web Referral
USR_002208,2025-06-13,US,Social Media Campaign
USR_002209,2025-03-26,FR,Organic App Store Search
USR_002210,2025-03-13,FR,Organic App Store Search
USR_002211,2025-02-24,US,Organic App Store Search
USR_002212,2025-02-16,US,Social Media Campaign
USR_002213,2025-08-26,US,Organic App Store Search
USR_002214,2025-04-14,US,Social Media Campaign
USR_002215,2025-07-29,JP,Organic App Store Search
USR_002216,2025-02-11,UK,Organic App Store Search
USR_002217,2025-09-25,UK,Organic App Store Search
USR_002218,2025-09-20,JP,Organic App Store Search
USR_002219,2025-09-16,UK,Apple Search Ads
USR_002220,2025-04-24,CA,Organic App Store Search
USR_002221,2025-02-09,US,Social Media Campaign
USR_002222,2025-08-08,US,Social Media Campaign
USR_002223,2025-05-09,UK,Organic App Store Search
USR_002224,2025-01-08,US,Organic App Store Search
USR_002225,2025-04-11,US,Organic App Store Search
USR_002226,2025-06-25,US,Apple Search Ads
USR_002227,2025-04-17,US,Organic App Store Search
USR_002228,2025-04-11,UK,Organic App Store Search
USR_002229,2025-09-17,UK,Organic App Store Search
USR_002230,2025-09-03,US,Organic App Store Search
USR_002231,2025-02-01,US,Web Referral
USR_002232,2025-05-17,CA,Social Media Campaign
USR_002233,2025-01-12,US,Organic App Store Search
USR_002234,2025-01-16,UK,Apple Search Ads
USR_002235,2025-05-09,DE,Web Referral
USR_002236,2025-03-04,US,Organic App Store Search
USR_002237,2025-04-19,DE,Apple Search Ads
USR_002238,2025-01-21,DE,Organic App Store Search
USR_002239,2025-06-07,US,Apple Search Ads
USR_002240,2025-09-26,US,Apple Search Ads
USR_002241,2025-06-11,JP,Web Referral
USR_002242,2025-09-17,US,Organic App Store Search
USR_002243,2025-04-12,DE,Social Media Campaign
USR_002244,2025-08-11,UK,Organic App Store Search
USR_002245,2025-02-28,US,Organic App Store Search
USR_002246,2025-09-04,US,Web Referral
USR_002247,2025-05-08,UK,Social Media Campaign
USR_002248,2025-01-25,US,Organic App Store Search
USR_002249,2025-05-11,CA,Apple Search Ads
USR_002250,2025-07-15,FR,Organic App Store Search
USR_002251,2025-06-03,DE,Organic App Store Search
USR_002252,2025-05-13,US,Apple Search Ads
USR_002253,2025-08-15,FR,Apple Search Ads
USR_002254,2025-07-08,DE,Organic App Store Search
USR_002255,2025-09-22,FR,Apple Search Ads
USR_002256,2025-05-14,UK,Organic App Store Search
USR_002257,2025-07-30,DE,Organic App Store Search
USR_002258,2025-03-01,UK,Organic App Store Search
USR_002259,2025-08-01,US,Web Referral
USR_002260,2025-08-04,JP,Social Media Campaign
USR_002261,2025-08-14,US,Organic App Store Search
USR_002262,2025-05-11,US,Organic App Store Search
USR_002263,2025-03-17,FR,Apple Search Ads
USR_002264,2025-06-05,US,Apple Search Ads
USR_002265,2025-09-05,FR,Organic App Store Search
USR_002266,2025-08-06,AU,Organic App Store Search
USR_002267,2025-07-09,US,Web Referral
USR_002268,2025-06-12,US,Apple Search Ads
USR_002269,2025-06-29,DE,Organic App Store Search
USR_002270,2025-02-03,UK,Apple Search Ads
USR_002271,2025-02-10,FR,Organic App Store Search
USR_002272,2025-03-16,FR,Organic App Store Search
USR_002273,2025-06-25,US,Web Referral
USR_002274,2025-05-30,US,Organic App Store Search
USR_002275,2025-04-18,FR,Organic App Store Search
USR_002276,2025-05-19,UK,Apple Search Ads
USR_002277,2025-07-31,US,Social Media Campaign
USR_002278,2025-03-07,DE,Social Media Campaign
USR_002279,2025-09-05,FR,Organic App Store Search
USR_002280,2025-06-05,CA,Apple Search Ads
USR_002281,2025-02-16,US,Apple Search Ads
USR_002282,2025-07-20,CA,Organic App Store Search
USR_002283,2025-05-28,AU,Apple Search Ads
USR_002284,2025-05-04,FR,Organic App Store Search
USR_002285,2025-01-01,JP,Web Referral
USR_002286,2025-09-04,UK,Apple Search Ads
USR_002287,2025-05-08,DE,Organic App Store Search
USR_002288,2025-07-10,JP,Apple Search Ads
USR_002289,2025-03-08,US,Organic App Store Search
USR_002290,2025-01-04,US,Apple Search Ads
USR_002291,2025-05-23,FR,Organic App Store Search
USR_002292,2025-07-10,US,Organic App Store Search
USR_002293,2025-01-21,US,Apple Search Ads
USR_002294,2025-08-15,US,Social Media Campaign
USR_002295,2025-04-27,US,Organic App Store Search
USR_002296,2025-05-22,US,Apple Search Ads
USR_002297,2025-02-08,US,Apple Search Ads
USR_002298,2025-09-09,JP,Organic App Store Search
USR_002299,2025-07-26,AU,Organic App Store Search
USR_002300,2025-07-29,AU,Apple Search Ads
USR_002301,2025-04-25,US,Organic App Store Search
USR_002302,2025-08-13,AU,Web Referral
USR_002303,2025-05-14,AU,Apple Search Ads
USR_002304,2025-09-08,CA,Social Media Campaign
USR_002305,2025-08-07,US,Organic App Store Search
USR_002306,2025-04-01,US,Social Media Campaign
USR_002307,2025-02-15,DE,Organic App Store Search
USR_002308,2025-02-07,CA,Social Media Campaign
USR_002309,2025-05-22,AU,Organic App Store Search
USR_002310,2025-04-10,UK,Organic App Store Search
USR_002311,2025-07-09,US,Organic App Store Search
USR_002312,2025-02-04,DE,Organic App Store Search
USR_002313,2025-05-27,US,Apple Search Ads
USR_002314,2025-01-30,CA,Apple Search Ads
USR_002315,2025-03-25,JP,Apple Search Ads
USR_002316,2025-09-27,DE,Organic App Store Search
USR_002317,2025-06-03,US,Organic App Store Search
USR_002318,2025-04-12,US,Social Media Campaign
USR_002319,2025-08-03,CA,Social Media Campaign
USR_002320,2025-05-30,FR,Organic App Store Search
USR_002321,2025-03-24,UK,Apple Search Ads
USR_002322,2025-04-20,UK,Social Media Campaign
USR_002323,2025-07-20,US,Social Media Campaign
USR_002324,2025-06-22,AU,Organic App Store Search
USR_002325,2025-07-25,AU,Social Media Campaign
USR_002326,2025-03-04,JP,Organic App Store Search
USR_002327,2025-03-14,US,Apple Search Ads
USR_002328,2025-09-08,DE,Organic App Store Search
USR_002329,2025-05-04,US,Apple Search Ads
USR_002330,2025-05-01,UK,Apple Search Ads
USR_002331,2025-04-30,DE,Organic App Store Search
USR_002332,2025-06-13,US,Apple Search Ads
USR_002333,2025-09-22,US,Apple Search Ads
USR_002334,2025-06-10,DE,Organic App Store Search
USR_002335,2025-03-30,UK,Organic App Store Search
USR_002336,2025-05-22,US,Organic App Store Search
USR_002337,2025-07-22,US,Apple Search Ads
USR_002338,2025-08-15,UK,Social Media Campaign
USR_002339,2025-08-10,FR,Social Media Campaign
USR_002340,2025-02-10,US,Organic App Store Search
USR_002341,2025-07-15,DE,Organic App Store Search
USR_002342,2025-03-09,US,Organic App Store Search
USR_002343,2025-09-21,US,Web Referral
USR_002344,2025-01-02,US,Organic App Store Search
USR_002345,2025-05-05,FR,Organic App Store Search
USR_002346,2025-04-20,US,Apple Search Ads
USR_002347,2025-03-27,DE,Social Media Campaign
USR_002348,2025-04-30,UK,Organic App Store Search
USR_002349,2025-05-07,JP,Organic App Store Search
USR_002350,2025-09-12,DE,Apple Search Ads
USR_002351,2025-07-02,AU,Apple Search Ads
USR_002352,2025-01-16,FR,Organic App Store Search
USR_002353,2025-03-03,CA,Apple Search Ads
USR_002354,2025-06-07,DE,Apple Search Ads
USR_002355,2025-09-25,US,Social Media Campaign
USR_002356,2025-02-04,US,Organic App Store Search
USR_002357,2025-09-24,CA,Organic App Store Search
USR_002358,2025-03-05,US,Social Media Campaign
USR_002359,2025-02-19,US,Apple Search Ads
USR_002360,2025-09-12,UK,Social Media Campaign
USR_002361,2025-05-29,US,Social Media Campaign
USR_002362,2025-06-21,CA,Organic App Store Search
USR_002363,2025-07-20,US,Organic App Store Search
USR_002364,2025-02-04,JP,Organic App Store Search
USR_002365,2025-08-04,FR,Web Referral
USR_002366,2025-03-06,FR,Organic App Store Search
USR_002367,2025-01-08,US,Organic App Store Search
USR_002368,2025-03-17,UK,Organic App Store Search
USR_002369,2025-06-23,JP,Social Media Campaign
USR_002370,2025-02-16,FR,Social Media Campaign
USR_002371,2025-01-15,DE,Web Referral
USR_002372,2025-05-27,US,Organic App Store Search
USR_002373,2025-01-26,UK,Apple Search Ads
USR_002374,2025-04-03,DE,Organic App Store Search
USR_002375,2025-08-20,US,Organic App Store Search
USR_002376,2025-01-21,CA,Organic App Store Search
USR_002377,2025-02-07,DE,Organic App Store Search
USR_002378,2025-06-06,AU,Apple Search Ads
USR_002379,2025-06-28,UK,Web Referral
USR_002380,2025-05-12,UK,Organic App Store Search
USR_002381,2025-01-28,JP,Web Referral
USR_002382,2025-09-17,CA,Organic App Store Search
USR_002383,2025-03-17,DE,Organic App Store Search
USR_002384,2025-03-08,AU,Organic App Store Search
USR_002385,2025-07-13,AU,Organic App Store Search
USR_002386,2025-06-11,AU,Organic App Store Search
USR_002387,2025-09-14,UK,Apple Search Ads
USR_002388,2025-03-13,UK,Social Media Campaign
USR_002389,2025-03-28,UK,Social Media Campaign
USR_002390,2025-09-19,US,Organic App Store Search
USR_002391,2025-08-02,US,Social Media Campaign
USR_002392,2025-06-02,US,Apple Search Ads
USR_002393,2025-07-29,FR,Web Referral
USR_002394,2025-03-02,US,Organic App Store Search
USR_002395,2025-09-25,US,Web Referral
USR_002396,2025-09-19,US,Apple Search Ads
USR_002397,2025-08-06,CA,Social Media Campaign
USR_002398,2025-05-16,US,Organic App Store Search
USR_002399,2025-04-03,UK,Organic App Store Search
USR_002400,2025-04-19,US,Apple Search Ads
USR_002401,2025-08-29,DE,Organic App Store Search
USR_002402,2025-05-22,JP,Organic App Store Search
USR_002403,2025-08-25,JP,Web Referral
USR_002404,2025-06-26,US,Organic App Store Search
USR_002405,2025-05-21,CA,Organic App Store Search
USR_002406,2025-07-08,UK,Apple Search Ads
USR_002407,2025-02-18,US,Organic App Store Search
USR_002408,2025-07-09,US,Apple Search Ads
USR_002409,2025-05-16,US,Apple Search Ads
USR_002410,2025-02-12,DE,Organic App Store Search
USR_002411,2025-03-31,US,Social Media Campaign
USR_002412,2025-09-02,UK,Organic App Store Search
USR_002413,2025-07-11,UK,Social Media Campaign
USR_002414,2025-04-16,UK,Web Referral
USR_002415,2025-08-21,DE,Organic App Store Search
USR_002416,2025-09-22,CA,Social Media Campaign
USR_002417,2025-02-06,CA,Apple Search Ads
USR_002418,2025-02-10,UK,Organic App Store Search
USR_002419,2025-01-17,US,Organic App Store Search
USR_002420,2025-02-28,US,Organic App Store Search
USR_002421,2025-07-02,JP,Web Referral
USR_002422,2025-02-10,JP,Organic App Store Search
USR_002423,2025-02-08,AU,Organic App Store Search
USR_002424,2025-07-11,US,Organic App Store Search
USR_002425,2025-09-24,US,Apple Search Ads
USR_002426,2025-05-27,US,Web Referral
USR_002427,2025-05-07,FR,Apple Search Ads
USR_002428,2025-02-15,AU,Organic App Store Search
USR_002429,2025-02-14,FR,Organic App Store Search
USR_002430,2025-01-01,CA,Organic App Store Search
USR_002431,2025-06-17,US,Organic App Store Search
USR_002432,2025-04-18,US,Apple Search Ads
USR_002433,2025-01-19,US,Organic App Store Search
USR_002434,2025-03-13,UK,Social Media Campaign
USR_002435,2025-04-19,US,Apple Search Ads
USR_002436,2025-09-25,AU,Social Media Campaign
USR_002437,2025-08-28,CA,Web Referral
USR_002438,2025-03-31,US,Web Referral
USR_002439,2025-04-13,US,Organic App Store Search
USR_002440,2025-09-07,US,Web Referral
USR_002441,2025-01-08,AU,Social Media Campaign
USR_002442,2025-06-02,UK,Social Media Campaign
USR_002443,2025-06-23,US,Organic App Store Search
USR_002444,2025-06-07,FR,Organic App Store Search
USR_002445,2025-08-03,UK,Web Referral
USR_002446,2025-06-26,UK,Organic App Store Search
USR_002447,2025-06-24,AU,Organic App Store Search
USR_002448,2025-05-26,DE,Organic App Store Search
USR_002449,2025-06-10,CA,Web Referral
USR_002450,2025-05-07,US,Organic App Store Search
USR_002451,2025-03-23,US,Web Referral
USR_002452,2025-05-27,DE,Organic App Store Search
USR_002453,2025-08-27,UK,Organic App Store Search
USR_002454,2025-03-25,AU,Organic App Store Search
USR_002455,2025-04-23,FR,Apple Search Ads
USR_002456,2025-08-13,FR,Organic App Store Search
USR_002457,2025-08-31,US,Organic App Store Search
USR_002458,2025-05-23,US,Organic App Store Search
USR_002459,2025-02-10,US,Organic App Store Search
USR_002460,2025-09-15,DE,Apple Search Ads
USR_002461,2025-04-15,US,Organic App Store Search
USR_002462,2025-07-21,US,Organic App Store Search
USR_002463,2025-09-23,US,Organic App Store Search
USR_002464,2025-07-29,US,Organic App Store Search
USR_002465,2025-02-20,US,Web Referral
USR_002466,2025-04-28,US,Organic App Store Search
USR_002467,2025-07-20,CA,Organic App Store Search
USR_002468,2025-02-08,US,Organic App Store Search
USR_002469,2025-01-28,US,Apple Search Ads
USR_002470,2025-09-16,DE,Apple Search Ads
USR_002471,2025-03-25,DE,Organic App Store Search
USR_002472,2025-06-04,US,Apple Search Ads
USR_002473,2025-04-27,US,Apple Search Ads
USR_002474,2025-01-02,AU,Organic App Store Search
USR_002475,2025-04-03,US,Organic App Store Search
USR_002476,2025-06-15,US,Apple Search Ads
USR_002477,2025-09-15,US,Apple Search Ads
USR_002478,2025-03-22,US,Web Referral
USR_002479,2025-09-25,UK,Organic App Store Search
USR_002480,2025-08-23,FR,Social Media Campaign
USR_002481,2025-08-01,DE,Organic App Store Search
USR_002482,2025-03-03,UK,Social Media Campaign
USR_002483,2025-02-18,US,Apple Search Ads
USR_002484,2025-05-07,CA,Apple Search Ads
USR_002485,2025-08-11,US,Organic App Store Search
USR_002486,2025-04-17,US,Organic App Store Search
USR_002487,2025-05-26,CA,Apple Search Ads
USR_002488,2025-04-09,FR,Organic App Store Search
USR_002489,2025-03-14,US,Organic App Store Search
USR_002490,2025-05-02,DE,Organic App Store Search
USR_002491,2025-01-30,US,Organic App Store Search
USR_002492,2025-07-07,US,Apple Search Ads
USR_002493,2025-07-14,US,Organic App Store Search
USR_002494,2025-06-05,CA,Organic App Store Search
USR_002495,2025-06-21,DE,Organic App Store Search
USR_002496,2025-02-10,CA,Social Media Campaign
USR_002497,2025-03-04,US,Web Referral
USR_002498,2025-01-23,US,Organic App Store Search
USR_002499,2025-03-16,UK,Apple Search Ads
USR_002500,2025-02-17,US,Organic App Store Search
USR_002501,2025-06-09,US,Apple Search Ads
USR_002502,2025-04-28,JP,Apple Search Ads
USR_002503,2025-04-10,AU,Organic App Store Search
USR_002504,2025-06-16,US,Organic App Store Search
USR_002505,2025-06-05,US,Apple Search Ads
USR_002506,2025-01-07,US,Web Referral
USR_002507,2025-07-15,CA,Social Media Campaign
USR_002508,2025-02-25,DE,Social Media Campaign
USR_002509,2025-07-12,AU,Organic App Store Search
USR_002510,2025-02-16,US,Organic App Store Search
USR_002511,2025-05-28,US,Social Media Campaign
USR_002512,2025-06-06,JP,Organic App Store Search
USR_002513,2025-07-21,JP,Apple Search Ads
USR_002514,2025-05-06,UK,Organic App Store Search
USR_002515,2025-03-05,US,Organic App Store Search
USR_002516,2025-06-25,UK,Organic App Store Search
USR_002517,2025-04-26,FR,Social Media Campaign
USR_002518,2025-07-23,CA,Organic App Store Search
USR_002519,2025-01-31,AU,Social Media Campaign
USR_002520,2025-04-23,US,Social Media Campaign
USR_002521,2025-03-08,US,Web Referral
USR_002522,2025-03-16,US,Organic App Store Search
USR_002523,2025-02-14,FR,Apple Search Ads
USR_002524,2025-09-17,UK,Web Referral
USR_002525,2025-06-03,DE,Organic App Store Search
USR_002526,2025-06-04,US,Apple Search Ads
USR_002527,2025-08-22,FR,Organic App Store Search
USR_002528,2025-02-20,DE,Organic App Store Search
USR_002529,2025-09-19,US,Organic App Store Search
USR_002530,2025-05-05,FR,Apple Search Ads
USR_002531,2025-09-02,US,Apple Search Ads
USR_002532,2025-01-30,US,Organic App Store Search
USR_002533,2025-05-02,US,Social Media Campaign
USR_002534,2025-05-05,FR,Organic App Store Search
USR_002535,2025-02-06,FR,Apple Search Ads
USR_002536,2025-06-19,US,Web Referral
USR_002537,2025-05-04,AU,Organic App Store Search
USR_002538,2025-02-04,CA,Social Media Campaign
USR_002539,2025-03-28,DE,Apple Search Ads
USR_002540,2025-05-14,US,Apple Search Ads
USR_002541,2025-07-15,UK,Organic App Store Search
USR_002542,2025-07-20,CA,Organic App Store Search
USR_002543,2025-03-18,US,Apple Search Ads
USR_002544,2025-02-28,US,Organic App Store Search
USR_002545,2025-05-06,CA,Organic App Store Search
USR_002546,2025-04-19,US,Social Media Campaign
USR_002547,2025-08-12,JP,Organic App Store Search
USR_002548,2025-03-09,US,Social Media Campaign
USR_002549,2025-03-10,JP,Organic App Store Search
USR_002550,2025-06-14,US,Apple Search Ads
USR_002551,2025-06-11,US,Web Referral
USR_002552,2025-02-11,US,Web Referral
USR_002553,2025-04-19,DE,Organic App Store Search
USR_002554,2025-02-20,DE,Social Media Campaign
USR_002555,2025-09-07,US,Organic App Store Search
USR_002556,2025-01-21,US,Organic App Store Search
USR_002557,2025-05-19,CA,Apple Search Ads
USR_002558,2025-04-02,UK,Web Referral
USR_002559,2025-05-05,DE,Web Referral
USR_002560,2025-04-21,US,Organic App Store Search
USR_002561,2025-05-19,CA,Social Media Campaign
USR_002562,2025-04-09,AU,Social Media Campaign
USR_002563,2025-09-09,JP,Organic App Store Search
USR_002564,2025-04-14,CA,Apple Search Ads
USR_002565,2025-08-02,US,Organic App Store Search
USR_002566,2025-09-06,US,Organic App Store Search
USR_002567,2025-06-01,CA,Social Media Campaign
USR_002568,2025-09-07,UK,Organic App Store Search
USR_002569,2025-06-14,FR,Organic App Store Search
USR_002570,2025-01-08,AU,Organic App Store Search
USR_002571,2025-01-05,UK,Apple Search Ads
USR_002572,2025-05-25,US,Organic App Store Search
USR_002573,2025-04-11,US,Organic App Store Search
USR_002574,2025-06-13,US,Apple Search Ads
USR_002575,2025-05-27,US,Organic App Store Search
USR_002576,2025-03-05,UK,Social Media Campaign
USR_002577,2025-04-01,US,Organic App Store Search
USR_002578,2025-04-27,US,Organic App Store Search
USR_002579,2025-09-24,US,Organic App Store Search
USR_002580,2025-06-22,US,Organic App Store Search
USR_002581,2025-02-16,US,Web Referral
USR_002582,2025-05-20,CA,Organic App Store Search
USR_002583,2025-09-03,US,Apple Search Ads
USR_002584,2025-05-29,UK,Organic App Store Search
USR_002585,2025-09-03,CA,Apple Search Ads
USR_002586,2025-01-05,JP,Web Referral
USR_002587,2025-07-03,US,Organic App Store Search
USR_002588,2025-01-20,US,Apple Search Ads
USR_002589,2025-02-15,US,Web Referral
USR_002590,2025-01-12,UK,Apple Search Ads
USR_002591,2025-03-11,FR,Organic App Store Search
USR_002592,2025-01-17,AU,Organic App Store Search
USR_002593,2025-05-27,CA,Organic App Store Search
USR_002594,2025-06-03,US,Social Media Campaign
USR_002595,2025-04-18,CA,Apple Search Ads
USR_002596,2025-08-24,US,Web Referral
USR_002597,2025-03-11,UK,Organic App Store Search
USR_002598,2025-07-02,UK,Organic App Store Search
USR_002599,2025-09-07,US,Organic App Store Search
USR_002600,2025-08-16,US,Organic App Store Search
USR_002601,2025-04-12,DE,Organic App Store Search
USR_002602,2025-03-16,US,Organic App Store Search
USR_002603,2025-08-04,US,Social Media Campaign
USR_002604,2025-07-22,US,Organic App Store Search
USR_002605,2025-07-11,US,Organic App Store Search
USR_002606,2025-09-06,AU,Web Referral
USR_002607,2025-08-30,CA,Web Referral
USR_002608,2025-06-28,DE,Organic App Store Search
USR_002609,2025-08-07,US,Web Referral
USR_002610,2025-03-23,AU,Organic App Store Search
USR_002611,2025-04-02,FR,Organic App Store Search
USR_002612,2025-06-24,US,Social Media Campaign
USR_002613,2025-08-27,US,Social Media Campaign
USR_002614,2025-09-17,FR,Social Media Campaign
USR_002615,2025-06-12,US,Social Media Campaign
USR_002616,2025-02-17,US,Organic App Store Search
USR_002617,2025-04-26,US,Apple Search Ads
USR_002618,2025-08-13,US,Organic App Store Search
USR_002619,2025-05-27,US,Organic App Store Search
USR_002620,2025-03-04,US,Organic App Store Search
USR_002621,2025-01-13,CA,Organic App Store Search
USR_002622,2025-07-08,US,Social Media Campaign
USR_002623,2025-07-27,DE,Social Media Campaign
USR_002624,2025-04-24,US,Apple Search Ads
USR_002625,2025-01-22,JP,Organic App Store Search
USR_002626,2025-08-02,JP,Apple Search Ads
USR_002627,2025-06-20,DE,Apple Search Ads
USR_002628,2025-02-23,FR,Web Referral
USR_002629,2025-05-06,AU,Organic App Store Search
USR_002630,2025-07-23,FR,Organic App Store Search
USR_002631,2025-07-13,US,Web Referral
USR_002632,2025-06-18,US,Web Referral
USR_002633,2025-06-01,DE,Organic App Store Search
USR_002634,2025-02-04,US,Organic App Store Search
USR_002635,2025-07-03,DE,Social Media Campaign
USR_002636,2025-02-26,FR,Apple Search Ads
USR_002637,2025-08-10,US,Social Media Campaign
USR_002638,2025-06-12,DE,Organic App Store Search
USR_002639,2025-01-19,US,Organic App Store Search
USR_002640,2025-09-21,US,Organic App Store Search
USR_002641,2025-04-23,UK,Apple Search Ads
USR_002642,2025-01-30,US,Organic App Store Search
USR_002643,2025-05-15,UK,Organic App Store Search
USR_002644,2025-03-08,UK,Organic App Store Search
USR_002645,2025-03-06,US,Organic App Store Search
USR_002646,2025-01-25,DE,Organic App Store Search
USR_002647,2025-02-06,CA,Organic App Store Search
USR_002648,2025-01-01,US,Web Referral
USR_002649,2025-02-06,US,Organic App Store Search
USR_002650,2025-05-21,FR,Organic App Store Search
USR_002651,2025-08-20,DE,Organic App Store Search
USR_002652,2025-05-16,US,Social Media Campaign
USR_002653,2025-07-07,US,Organic App Store Search
USR_002654,2025-05-08,DE,Organic App Store Search
USR_002655,2025-07-20,CA,Organic App Store Search
USR_002656,2025-05-07,US,Apple Search Ads
USR_002657,2025-09-14,UK,Apple Search Ads
USR_002658,2025-06-13,UK,Organic App Store Search
USR_002659,2025-02-04,DE,Organic App Store Search
USR_002660,2025-07-13,US,Organic App Store Search
USR_002661,2025-07-10,UK,Apple Search Ads
USR_002662,2025-04-14,US,Apple Search Ads
USR_002663,2025-01-23,JP,Organic App Store Search
USR_002664,2025-09-22,DE,Apple Search Ads
USR_002665,2025-09-17,AU,Organic App Store Search
USR_002666,2025-03-16,CA,Apple Search Ads
USR_002667,2025-03-13,US,Apple Search Ads
USR_002668,2025-09-16,FR,Web Referral
USR_002669,2025-07-07,US,Organic App Store Search
USR_002670,2025-06-22,DE,Apple Search Ads
USR_002671,2025-02-14,US,Organic App Store Search
USR_002672,2025-03-02,US,Organic App Store Search
USR_002673,2025-03-24,UK,Organic App Store Search
USR_002674,2025-05-03,DE,Organic App Store Search
USR_002675,2025-01-16,DE,Organic App Store Search
USR_002676,2025-03-07,UK,Web Referral
USR_002677,2025-05-25,US,Apple Search Ads
USR_002678,2025-06-11,FR,Organic App Store Search
USR_002679,2025-08-22,US,Organic App Store Search
USR_002680,2025-05-24,DE,Organic App Store Search
USR_002681,2025-07-07,CA,Organic App Store Search
USR_002682,2025-01-13,US,Organic App Store Search
USR_002683,2025-07-03,US,Organic App Store Search
USR_002684,2025-04-21,US,Web Referral
USR_002685,2025-08-03,US,Apple Search Ads
USR_002686,2025-04-30,US,Apple Search Ads
USR_002687,2025-02-24,US,Social Media Campaign
USR_002688,2025-01-27,US,Organic App Store Search
USR_002689,2025-04-28,CA,Organic App Store Search
USR_002690,2025-08-09,DE,Organic App Store Search
USR_002691,2025-08-19,US,Apple Search Ads
USR_002692,2025-02-22,US,Organic App Store Search
USR_002693,2025-08-21,US,Organic App Store Search
USR_002694,2025-06-07,UK,Web Referral
USR_002695,2025-09-26,DE,Organic App Store Search
USR_002696,2025-01-21,UK,Social Media Campaign
USR_002697,2025-02-22,DE,Social Media Campaign
USR_002698,2025-08-02,UK,Organic App Store Search
USR_002699,2025-01-31,CA,Social Media Campaign
USR_002700,2025-07-02,US,Apple Search Ads
USR_002701,2025-01-23,DE,Web Referral
USR_002702,2025-02-01,FR,Organic App Store Search
USR_002703,2025-03-15,CA,Web Referral
USR_002704,2025-01-10,DE,Organic App Store Search
USR_002705,2025-02-23,US,Social Media Campaign
USR_002706,2025-02-21,FR,Organic App Store Search
USR_002707,2025-05-28,US,Organic App Store Search
USR_002708,2025-06-09,US,Organic App Store Search
USR_002709,2025-01-14,US,Organic App Store Search
USR_002710,2025-06-27,JP,Organic App Store Search
USR_002711,2025-02-22,FR,Organic App Store Search
USR_002712,2025-01-22,FR,Organic App Store Search
USR_002713,2025-01-30,DE,Organic App Store Search
USR_002714,2025-07-10,UK,Organic App Store Search
USR_002715,2025-09-17,FR,Organic App Store Search
USR_002716,2025-07-24,JP,Social Media Campaign
USR_002717,2025-02-28,UK,Apple Search Ads
USR_002718,2025-09-21,US,Organic App Store Search
USR_002719,2025-01-12,CA,Apple Search Ads
USR_002720,2025-04-29,JP,Social Media Campaign
USR_002721,2025-09-05,FR,Organic App Store Search
USR_002722,2025-05-07,FR,Organic App Store Search
USR_002723,2025-03-16,FR,Organic App Store Search
USR_002724,2025-07-23,FR,Web Referral
USR_002725,2025-02-18,DE,Organic App Store Search
USR_002726,2025-03-20,AU,Apple Search Ads
USR_002727,2025-08-29,US,Organic App Store Search
USR_002728,2025-06-03,CA,Social Media Campaign
USR_002729,2025-04-06,UK,Organic App Store Search
USR_002730,2025-08-02,FR,Organic App Store Search
USR_002731,2025-07-28,UK,Organic App Store Search
USR_002732,2025-03-29,US,Web Referral
USR_002733,2025-09-21,US,Organic App Store Search
USR_002734,2025-06-06,CA,Organic App Store Search
USR_002735,2025-06-05,UK,Apple Search Ads
USR_002736,2025-05-19,US,Apple Search Ads
USR_002737,2025-05-01,US,Organic App Store Search
USR_002738,2025-03-06,UK,Organic App Store Search
USR_002739,2025-04-17,US,Organic App Store Search
USR_002740,2025-05-27,US,Organic App Store Search
USR_002741,2025-05-17,US,Social Media Campaign
USR_002742,2025-06-11,UK,Organic App Store Search
USR_002743,2025-04-10,UK,Social Media Campaign
USR_002744,2025-05-21,US,Organic App Store Search
USR_002745,2025-03-24,FR,Organic App Store Search
USR_002746,2025-06-26,US,Apple Search Ads
USR_002747,2025-07-17,US,Apple Search Ads
USR_002748,2025-04-22,US,Organic App Store Search
USR_002749,2025-02-25,US,Apple Search Ads
USR_002750,2025-06-28,US,Social Media Campaign
USR_002751,2025-07-05,US,Organic App Store Search
USR_002752,2025-08-06,CA,Organic App Store Search
USR_002753,2025-08-05,CA,Organic App Store Search
USR_002754,2025-04-30,UK,Social Media Campaign
USR_002755,2025-06-24,DE,Organic App Store Search
USR_002756,2025-01-23,US,Social Media Campaign
USR_002757,2025-08-01,FR,Apple Search Ads
USR_002758,2025-08-23,US,Social Media Campaign
USR_002759,2025-01-13,CA,Apple Search Ads
USR_002760,2025-04-11,US,Organic App Store Search
USR_002761,2025-01-24,FR,Web Referral
USR_002762,2025-01-11,UK,Apple Search Ads
USR_002763,2025-04-04,US,Organic App Store Search
USR_002764,2025-07-20,CA,Apple Search Ads
USR_002765,2025-01-21,US,Apple Search Ads
USR_002766,2025-07-30,DE,Organic App Store Search
USR_002767,2025-05-20,CA,Organic App Store Search
USR_002768,2025-04-11,US,Organic App Store Search
USR_002769,2025-01-28,US,Web Referral
USR_002770,2025-02-10,US,Apple Search Ads
USR_002771,2025-05-26,CA,Organic App Store Search
USR_002772,2025-09-13,US,Apple Search Ads
USR_002773,2025-08-15,UK,Organic App Store Search
USR_002774,2025-08-24,JP,Organic App Store Search
USR_002775,2025-01-13,US,Organic App Store Search
USR_002776,2025-07-29,JP,Apple Search Ads
USR_002777,2025-08-17,CA,Web Referral
USR_002778,2025-04-10,US,Web Referral
USR_002779,2025-01-31,US,Organic App Store Search
USR_002780,2025-01-16,AU,Apple Search Ads
USR_002781,2025-05-17,US,Social Media Campaign
USR_002782,2025-06-15,US,Organic App Store Search
USR_002783,2025-04-10,US,Social Media Campaign
USR_002784,2025-04-19,DE,Social Media Campaign
USR_002785,2025-06-22,CA,Apple Search Ads
USR_002786,2025-08-25,UK,Organic App Store Search
USR_002787,2025-06-11,US,Web Referral
USR_002788,2025-08-04,DE,Social Media Campaign
USR_002789,2025-09-21,JP,Apple Search Ads
USR_002790,2025-09-20,US,Organic App Store Search
USR_002791,2025-01-03,US,Social Media Campaign
USR_002792,2025-01-28,FR,Organic App Store Search
USR_002793,2025-05-29,DE,Organic App Store Search
USR_002794,2025-01-28,CA,Apple Search Ads
USR_002795,2025-03-06,FR,Web Referral
USR_002796,2025-01-21,CA,Social Media Campaign
USR_002797,2025-09-09,US,Apple Search Ads
USR_002798,2025-08-23,AU,Organic App Store Search
USR_002799,2025-08-15,CA,Organic App Store Search
USR_002800,2025-01-13,JP,Social Media Campaign
USR_002801,2025-02-18,US,Apple Search Ads
USR_002802,2025-04-28,UK,Social Media Campaign
USR_002803,2025-02-23,DE,Organic App Store Search
USR_002804,2025-05-18,US,Social Media Campaign
USR_002805,2025-02-22,US,Social Media Campaign
USR_002806,2025-02-13,FR,Organic App Store Search
USR_002807,2025-02-22,US,Organic App Store Search
USR_002808,2025-03-15,CA,Organic App Store Search
USR_002809,2025-02-15,FR,Web Referral
USR_002810,2025-01-13,US,Apple Search Ads
USR_002811,2025-06-14,JP,Apple Search Ads
USR_002812,2025-04-12,AU,Organic App Store Search
USR_002813,2025-09-15,UK,Apple Search Ads
USR_002814,2025-05-18,US,Apple Search Ads
USR_002815,2025-06-12,JP,Organic App Store Search
USR_002816,2025-04-21,US,Web Referral
USR_002817,2025-04-12,US,Organic App Store Search
USR_002818,2025-01-17,US,Organic App Store Search
USR_002819,2025-09-25,US,Organic App Store Search
USR_002820,2025-07-01,UK,Organic App Store Search
USR_002821,2025-01-24,JP,Apple Search Ads
USR_002822,2025-01-29,FR,Organic App Store Search
USR_002823,2025-06-20,US,Social Media Campaign
USR_002824,2025-08-16,US,Organic App Store Search
USR_002825,2025-07-07,CA,Organic App Store Search
USR_002826,2025-08-18,US,Apple Search Ads
USR_002827,2025-04-29,DE,Social Media Campaign
USR_002828,2025-06-05,FR,Organic App Store Search
USR_002829,2025-06-24,FR,Web Referral
USR_002830,2025-04-14,US,Apple Search Ads
USR_002831,2025-04-02,UK,Organic App Store Search
USR_002832,2025-07-05,US,Organic App Store Search
USR_002833,2025-06-30,US,Organic App Store Search
USR_002834,2025-06-19,UK,Social Media Campaign
USR_002835,2025-07-06,FR,Organic App Store Search
USR_002836,2025-06-24,FR,Organic App Store Search
USR_002837,2025-08-10,JP,Organic App Store Search
USR_002838,2025-08-21,FR,Organic App Store Search
USR_002839,2025-06-11,US,Apple Search Ads
USR_002840,2025-05-14,CA,Apple Search Ads
USR_002841,2025-08-12,US,Organic App Store Search
USR_002842,2025-06-02,US,Organic App Store Search
USR_002843,2025-02-02,UK,Organic App Store Search
USR_002844,2025-02-24,AU,Apple Search Ads
USR_002845,2025-01-07,CA,Social Media Campaign
USR_002846,2025-09-01,US,Organic App Store Search
USR_002847,2025-05-06,US,Organic App Store Search
USR_002848,2025-01-12,US,Organic App Store Search
USR_002849,2025-01-16,US,Web Referral
USR_002850,2025-07-27,US,Apple Search Ads
USR_002851,2025-02-12,CA,Organic App Store Search
USR_002852,2025-05-15,DE,Organic App Store Search
USR_002853,2025-08-16,US,Organic App Store Search
USR_002854,2025-04-21,CA,Apple Search Ads
USR_002855,2025-06-09,US,Organic App Store Search
USR_002856,2025-09-21,JP,Organic App Store Search
USR_002857,2025-08-13,US,Apple Search Ads
USR_002858,2025-08-05,DE,Organic App Store Search
USR_002859,2025-02-14,FR,Apple Search Ads
USR_002860,2025-08-02,FR,Organic App Store Search
USR_002861,2025-02-28,US,Social Media Campaign
USR_002862,2025-05-12,CA,Organic App Store Search
USR_002863,2025-04-14,US,Web Referral
USR_002864,2025-07-14,US,Organic App Store Search
USR_002865,2025-06-06,US,Organic App Store Search
USR_002866,2025-04-08,FR,Social Media Campaign
USR_002867,2025-08-14,FR,Social Media Campaign
USR_002868,2025-07-24,US,Organic App Store Search
USR_002869,2025-03-20,UK,Web Referral
USR_002870,2025-05-04,JP,Organic App Store Search
USR_002871,2025-08-06,UK,Apple Search Ads
USR_002872,2025-01-04,US,Organic App Store Search
USR_002873,2025-03-31,UK,Organic App Store Search
USR_002874,2025-04-14,DE,Organic App Store Search
USR_002875,2025-04-29,UK,Apple Search Ads
USR_002876,2025-05-13,DE,Apple Search Ads
USR_002877,2025-04-06,US,Organic App Store Search
USR_002878,2025-05-23,US,Web Referral
USR_002879,2025-01-28,US,Organic App Store Search
USR_002880,2025-08-21,US,Organic App Store Search
USR_002881,2025-01-17,UK,Apple Search Ads
USR_002882,2025-02-28,US,Organic App Store Search
USR_002883,2025-03-31,DE,Organic App Store Search
USR_002884,2025-07-18,US,Organic App Store Search
USR_002885,2025-01-26,DE,Organic App Store Search
USR_002886,2025-01-25,JP,Web Referral
USR_002887,2025-09-24,DE,Organic App Store Search
USR_002888,2025-06-30,JP,Organic App Store Search
USR_002889,2025-03-09,UK,Organic App Store Search
USR_002890,2025-02-18,US,Organic App Store Search
USR_002891,2025-06-24,FR,Organic App Store Search
USR_002892,2025-02-21,FR,Apple Search Ads
USR_002893,2025-04-12,FR,Apple Search Ads
USR_002894,2025-08-04,CA,Social Media Campaign
USR_002895,2025-07-07,CA,Organic App Store Search
USR_002896,2025-02-26,US,Organic App Store Search
USR_002897,2025-02-16,AU,Web Referral
USR_002898,2025-06-08,US,Organic App Store Search
USR_002899,2025-06-23,US,Web Referral
USR_002900,2025-08-30,UK,Social Media Campaign
USR_002901,2025-08-29,UK,Web Referral
USR_002902,2025-01-05,US,Organic App Store Search
USR_002903,2025-03-25,DE,Organic App Store Search
USR_002904,2025-09-05,FR,Apple Search Ads
USR_002905,2025-02-23,CA,Apple Search Ads
USR_002906,2025-06-10,UK,Organic App Store Search
USR_002907,2025-08-14,JP,Social Media Campaign
USR_002908,2025-01-15,US,Organic App Store Search
USR_002909,2025-08-12,AU,Organic App Store Search
USR_002910,2025-03-02,US,Social Media Campaign
USR_002911,2025-05-02,US,Organic App Store Search
USR_002912,2025-02-15,UK,Organic App Store Search
USR_002913,2025-03-03,AU,Organic App Store Search
USR_002914,2025-03-27,US,Organic App Store Search
USR_002915,2025-07-29,US,Organic App Store Search
USR_002916,2025-03-19,UK,Organic App Store Search
USR_002917,2025-07-21,UK,Organic App Store Search
USR_002918,2025-08-11,CA,Social Media Campaign
USR_002919,2025-08-10,US,Web Referral
USR_002920,2025-01-03,UK,Organic App Store Search
USR_002921,2025-01-06,US,Organic App Store Search
USR_002922,2025-04-03,US,Organic App Store Search
USR_002923,2025-01-08,UK,Apple Search Ads
USR_002924,2025-08-23,CA,Apple Search Ads
USR_002925,2025-04-18,US,Web Referral
USR_002926,2025-06-10,US,Organic App Store Search
USR_002927,2025-07-28,UK,Social Media Campaign
USR_002928,2025-08-28,US,Apple Search Ads
USR_002929,2025-02-19,US,Web Referral
USR_002930,2025-01-11,US,Apple Search Ads
USR_002931,2025-06-05,US,Organic App Store Search
USR_002932,2025-03-11,US,Apple Search Ads
USR_002933,2025-06-18,FR,Social Media Campaign
USR_002934,2025-03-09,AU,Organic App Store Search
USR_002935,2025-09-09,CA,Organic App Store Search
USR_002936,2025-02-17,UK,Organic App Store Search
USR_002937,2025-07-03,AU,Organic App Store Search
USR_002938,2025-07-06,FR,Organic App Store Search
USR_002939,2025-03-31,CA,Web Referral
USR_002940,2025-05-19,US,Apple Search Ads
USR_002941,2025-03-30,UK,Apple Search Ads
USR_002942,2025-01-19,US,Apple Search Ads
USR_002943,2025-06-03,UK,Social Media Campaign
USR_002944,2025-09-17,UK,Web Referral
USR_002945,2025-04-18,FR,Apple Search Ads
USR_002946,2025-02-28,CA,Organic App Store Search
USR_002947,2025-05-05,US,Organic App Store Search
USR_002948,2025-04-17,US,Organic App Store Search
USR_002949,2025-09-02,US,Organic App Store Search
USR_002950,2025-09-04,US,Organic App Store Search
USR_002951,2025-01-08,US,Apple Search Ads
USR_002952,2025-05-21,US,Apple Search Ads
USR_002953,2025-01-08,US,Organic App Store Search
USR_002954,2025-04-04,JP,Web Referral
USR_002955,2025-02-08,US,Organic App Store Search
USR_002956,2025-03-22,US,Apple Search Ads
USR_002957,2025-07-06,US,Apple Search Ads
USR_002958,2025-03-25,UK,Apple Search Ads
USR_002959,2025-03-29,US,Organic App Store Search
USR_002960,2025-08-30,CA,Social Media Campaign
USR_002961,2025-04-03,US,Organic App Store Search
USR_002962,2025-03-27,UK,Apple Search Ads
USR_002963,2025-02-13,DE,Organic App Store Search
USR_002964,2025-05-17,US,Apple Search Ads
USR_002965,2025-03-15,US,Organic App Store Search
USR_002966,2025-02-05,UK,Social Media Campaign
USR_002967,2025-04-11,DE,Organic App Store Search
USR_002968,2025-06-05,UK,Social Media Campaign
USR_002969,2025-09-12,UK,Social Media Campaign
USR_002970,2025-06-20,DE,Organic App Store Search
USR_002971,2025-08-04,UK,Organic App Store Search
USR_002972,2025-06-19,US,Apple Search Ads
USR_002973,2025-09-09,US,Organic App Store Search
USR_002974,2025-02-24,AU,Organic App Store Search
USR_002975,2025-04-01,FR,Organic App Store Search
USR_002976,2025-04-11,JP,Apple Search Ads
USR_002977,2025-06-04,FR,Organic App Store Search
USR_002978,2025-05-21,DE,Organic App Store Search
USR_002979,2025-06-22,CA,Apple Search Ads
USR_002980,2025-01-10,DE,Organic App Store Search
USR_002981,2025-08-16,US,Organic App Store Search
USR_002982,2025-09-22,UK,Web Referral
USR_002983,2025-09-05,US,Apple Search Ads
USR_002984,2025-09-04,US,Organic App Store Search
USR_002985,2025-06-04,DE,Organic App Store Search
USR_002986,2025-02-03,UK,Apple Search Ads
USR_002987,2025-05-09,US,Organic App Store Search
USR_002988,2025-06-09,US,Web Referral
USR_002989,2025-03-30,FR,Apple Search Ads
USR_002990,2025-04-03,CA,Web Referral
USR_002991,2025-08-29,UK,Social Media Campaign
USR_002992,2025-04-27,US,Organic App Store Search
USR_002993,2025-04-04,US,Apple Search Ads
USR_002994,2025-06-12,US,Social Media Campaign
USR_002995,2025-04-09,UK,Apple Search Ads
USR_002996,2025-04-23,DE,Organic App Store Search
USR_002997,2025-04-01,US,Organic App Store Search
USR_002998,2025-07-25,US,Organic App Store Search
USR_002999,2025-01-17,US,Apple Search Ads
USR_003000,2025-06-22,UK,Apple Search Ads
USR_003001,2025-04-26,US,Web Referral
USR_003002,2025-06-30,UK,Apple Search Ads
USR_003003,2025-04-01,UK,Social Media Campaign
USR_003004,2025-03-23,DE,Organic App Store Search
USR_003005,2025-04-24,UK,Organic App Store Search
USR_003006,2025-09-14,US,Web Referral
USR_003007,2025-02-27,UK,Social Media Campaign
USR_003008,2025-06-03,CA,Apple Search Ads
USR_003009,2025-04-26,US,Organic App Store Search
USR_003010,2025-09-23,CA,Apple Search Ads
USR_003011,2025-07-22,FR,Social Media Campaign
USR_003012,2025-02-10,US,Organic App Store Search
USR_003013,2025-04-15,CA,Apple Search Ads
USR_003014,2025-07-12,DE,Organic App Store Search
USR_003015,2025-08-25,UK,Organic App Store Search
USR_003016,2025-08-09,AU,Social Media Campaign
USR_003017,2025-03-09,US,Organic App Store Search
USR_003018,2025-07-16,US,Organic App Store Search
USR_003019,2025-09-13,CA,Social Media Campaign
USR_003020,2025-05-19,AU,Apple Search Ads
USR_003021,2025-05-29,FR,Organic App Store Search
USR_003022,2025-04-09,US,Web Referral
USR_003023,2025-03-17,UK,Organic App Store Search
USR_003024,2025-04-19,US,Web Referral
USR_003025,2025-07-07,US,Apple Search Ads
USR_003026,2025-07-18,US,Organic App Store Search
USR_003027,2025-06-03,US,Organic App Store Search
USR_003028,2025-02-09,US,Organic App Store Search
USR_003029,2025-05-13,US,Organic App Store Search
USR_003030,2025-05-12,US,Apple Search Ads
USR_003031,2025-03-25,JP,Organic App Store Search
USR_003032,2025-08-30,DE,Organic App Store Search
USR_003033,2025-04-26,US,Social Media Campaign
USR_003034,2025-04-19,FR,Organic App Store Search
USR_003035,2025-08-09,CA,Apple Search Ads
USR_003036,2025-02-10,FR,Organic App Store Search
USR_003037,2025-05-27,US,Apple Search Ads
USR_003038,2025-04-22,UK,Apple Search Ads
USR_003039,2025-04-13,FR,Social Media Campaign
USR_003040,2025-02-15,US,Organic App Store Search
USR_003041,2025-07-14,FR,Organic App Store Search
USR_003042,2025-02-09,DE,Organic App Store Search
USR_003043,2025-07-08,JP,Organic App Store Search
USR_003044,2025-06-13,US,Organic App Store Search
USR_003045,2025-01-24,US,Apple Search Ads
USR_003046,2025-01-24,US,Apple Search Ads
USR_003047,2025-01-04,JP,Social Media Campaign
USR_003048,2025-06-30,US,Organic App Store Search
USR_003049,2025-09-05,UK,Apple Search Ads
USR_003050,2025-04-26,US,Web Referral
USR_003051,2025-03-10,US,Apple Search Ads
USR_003052,2025-09-11,US,Apple Search Ads
USR_003053,2025-06-30,UK,Web Referral
USR_003054,2025-06-18,DE,Web Referral
USR_003055,2025-09-06,US,Organic App Store Search
USR_003056,2025-07-07,FR,Apple Search Ads
USR_003057,2025-02-23,CA,Organic App Store Search
USR_003058,2025-05-18,CA,Apple Search Ads
USR_003059,2025-06-17,CA,Web Referral
USR_003060,2025-04-13,US,Organic App Store Search
USR_003061,2025-03-26,US,Social Media Campaign
USR_003062,2025-07-31,DE,Apple Search Ads
USR_003063,2025-01-03,US,Organic App Store Search
USR_003064,2025-06-28,UK,Social Media Campaign
USR_003065,2025-02-07,US,Organic App Store Search
USR_003066,2025-08-27,AU,Organic App Store Search
USR_003067,2025-06-18,US,Web Referral
USR_003068,2025-01-30,UK,Organic App Store Search
USR_003069,2025-07-09,US,Apple Search Ads
USR_003070,2025-01-25,JP,Social Media Campaign
USR_003071,2025-04-22,US,Web Referral
USR_003072,2025-07-25,CA,Social Media Campaign
USR_003073,2025-07-04,UK,Apple Search Ads
USR_003074,2025-02-16,DE,Apple Search Ads
USR_003075,2025-08-16,US,Organic App Store Search
USR_003076,2025-02-08,DE,Organic App Store Search
USR_003077,2025-01-16,US,Web Referral
USR_003078,2025-01-22,US,Apple Search Ads
USR_003079,2025-08-01,CA,Organic App Store Search
USR_003080,2025-05-29,DE,Organic App Store Search
USR_003081,2025-08-29,CA,Web Referral
USR_003082,2025-02-28,FR,Social Media Campaign
USR_003083,2025-07-21,US,Organic App Store Search
USR_003084,2025-02-01,FR,Apple Search Ads
USR_003085,2025-06-11,US,Organic App Store Search
USR_003086,2025-09-12,CA,Social Media Campaign
USR_003087,2025-09-11,UK,Apple Search Ads
USR_003088,2025-01-09,UK,Apple Search Ads
USR_003089,2025-05-19,US,Organic App Store Search
USR_003090,2025-01-10,UK,Organic App Store Search
USR_003091,2025-08-02,US,Organic App Store Search
USR_003092,2025-02-17,US,Web Referral
USR_003093,2025-04-21,US,Web Referral
USR_003094,2025-06-02,UK,Social Media Campaign
USR_003095,2025-05-03,US,Web Referral
USR_003096,2025-04-12,US,Apple Search Ads
USR_003097,2025-08-29,US,Organic App Store Search
USR_003098,2025-07-10,US,Social Media Campaign
USR_003099,2025-08-05,DE,Organic App Store Search
USR_003100,2025-02-20,FR,Organic App Store Search
USR_003101,2025-03-22,US,Organic App Store Search
USR_003102,2025-03-29,CA,Organic App Store Search
USR_003103,2025-07-13,CA,Apple Search Ads
USR_003104,2025-04-14,UK,Organic App Store Search
USR_003105,2025-04-06,CA,Organic App Store Search
USR_003106,2025-07-17,US,Apple Search Ads
USR_003107,2025-01-01,UK,Social Media Campaign
USR_003108,2025-06-16,US,Apple Search Ads
USR_003109,2025-05-06,US,Organic App Store Search
USR_003110,2025-03-22,CA,Organic App Store Search
USR_003111,2025-09-08,UK,Social Media Campaign
USR_003112,2025-06-18,US,Apple Search Ads
USR_003113,2025-03-14,UK,Organic App Store Search
USR_003114,2025-05-21,DE,Web Referral
USR_003115,2025-03-11,DE,Organic App Store Search
USR_003116,2025-09-19,CA,Organic App Store Search
USR_003117,2025-09-02,UK,Organic App Store Search
USR_003118,2025-01-03,UK,Organic App Store Search
USR_003119,2025-03-04,US,Web Referral
USR_003120,2025-02-18,US,Organic App Store Search
USR_003121,2025-03-17,US,Organic App Store Search
USR_003122,2025-06-24,UK,Organic App Store Search
USR_003123,2025-04-19,UK,Organic App Store Search
USR_003124,2025-07-02,FR,Organic App Store Search
USR_003125,2025-07-11,DE,Organic App Store Search
USR_003126,2025-03-06,US,Organic App Store Search
USR_003127,2025-04-10,US,Apple Search Ads
USR_003128,2025-02-01,US,Social Media Campaign
USR_003129,2025-05-08,AU,Apple Search Ads
USR_003130,2025-02-12,AU,Apple Search Ads
USR_003131,2025-03-19,JP,Organic App Store Search
USR_003132,2025-09-27,UK,Social Media Campaign
USR_003133,2025-06-11,DE,Organic App Store Search
USR_003134,2025-07-08,UK,Organic App Store Search
USR_003135,2025-09-04,FR,Apple Search Ads
USR_003136,2025-08-04,AU,Apple Search Ads
USR_003137,2025-06-17,CA,Organic App Store Search
USR_003138,2025-07-12,UK,Organic App Store Search
USR_003139,2025-01-13,AU,Organic App Store Search
USR_003140,2025-08-28,US,Social Media Campaign
USR_003141,2025-05-27,US,Organic App Store Search
USR_003142,2025-07-23,US,Apple Search Ads
USR_003143,2025-03-21,UK,Organic App Store Search
USR_003144,2025-02-12,UK,Organic App Store Search
USR_003145,2025-03-30,US,Organic App Store Search
USR_003146,2025-05-28,US,Organic App Store Search
USR_003147,2025-04-05,US,Organic App Store Search
USR_003148,2025-05-31,UK,Apple Search Ads
USR_003149,2025-01-02,US,Organic App Store Search
USR_003150,2025-01-22,US,Social Media Campaign
USR_003151,2025-01-07,US,Organic App Store Search
USR_003152,2025-07-25,US,Social Media Campaign
USR_003153,2025-04-24,DE,Web Referral
USR_003154,2025-03-24,US,Organic App Store Search
USR_003155,2025-06-28,AU,Web Referral
USR_003156,2025-07-29,UK,Organic App Store Search
USR_003157,2025-05-04,JP,Apple Search Ads
USR_003158,2025-04-23,US,Organic App Store Search
USR_003159,2025-01-12,US,Apple Search Ads
USR_003160,2025-05-06,US,Apple Search Ads
USR_003161,2025-02-22,US,Organic App Store Search
USR_003162,2025-05-20,CA,Apple Search Ads
USR_003163,2025-04-07,US,Apple Search Ads
USR_003164,2025-01-05,US,Apple Search Ads
USR_003165,2025-02-26,FR,Web Referral
USR_003166,2025-03-10,UK,Web Referral
USR_003167,2025-04-28,US,Web Referral
USR_003168,2025-02-28,US,Social Media Campaign
USR_003169,2025-02-02,US,Organic App Store Search
USR_003170,2025-02-19,FR,Organic App Store Search
USR_003171,2025-01-19,DE,Organic App Store Search
USR_003172,2025-08-02,DE,Web Referral
USR_003173,2025-07-16,FR,Organic App Store Search
USR_003174,2025-02-16,UK,Organic App Store Search
USR_003175,2025-06-16,US,Organic App Store Search
USR_003176,2025-05-21,US,Organic App Store Search
USR_003177,2025-03-25,AU,Organic App Store Search
USR_003178,2025-07-01,FR,Apple Search Ads
USR_003179,2025-03-20,US,Organic App Store Search
USR_003180,2025-08-03,UK,Apple Search Ads
USR_003181,2025-01-14,FR,Social Media Campaign
USR_003182,2025-08-03,US,Social Media Campaign
USR_003183,2025-05-08,FR,Organic App Store Search
USR_003184,2025-09-05,US,Web Referral
USR_003185,2025-01-29,UK,Social Media Campaign
USR_003186,2025-07-21,US,Organic App Store Search
USR_003187,2025-02-26,CA,Apple Search Ads
USR_003188,2025-08-06,UK,Apple Search Ads
USR_003189,2025-03-03,US,Organic App Store Search
USR_003190,2025-06-06,FR,Organic App Store Search
USR_003191,2025-07-21,CA,Apple Search Ads
USR_003192,2025-01-17,AU,Social Media Campaign
USR_003193,2025-01-06,US,Organic App Store Search
USR_003194,2025-02-27,FR,Apple Search Ads
USR_003195,2025-06-18,US,Organic App Store Search
USR_003196,2025-03-23,US,Apple Search Ads
USR_003197,2025-08-07,US,Organic App Store Search
USR_003198,2025-06-26,US,Organic App Store Search
USR_003199,2025-07-23,FR,Social Media Campaign
USR_003200,2025-03-12,US,Social Media Campaign
USR_003201,2025-09-23,US,Organic App Store Search
USR_003202,2025-04-08,DE,Organic App Store Search
USR_003203,2025-07-27,CA,Apple Search Ads
USR_003204,2025-01-02,DE,Social Media Campaign
USR_003205,2025-05-04,US,Apple Search Ads
USR_003206,2025-03-15,AU,Apple Search Ads
USR_003207,2025-06-15,US,Web Referral
USR_003208,2025-01-22,JP,Social Media Campaign
USR_003209,2025-06-03,UK,Organic App Store Search
USR_003210,2025-08-07,CA,Apple Search Ads
USR_003211,2025-06-06,US,Organic App Store Search
USR_003212,2025-08-18,US,Social Media Campaign
USR_003213,2025-01-20,US,Organic App Store Search
USR_003214,2025-02-10,US,Organic App Store Search
USR_003215,2025-05-28,US,Organic App Store Search
USR_003216,2025-04-18,AU,Organic App Store Search
USR_003217,2025-03-25,US,Organic App Store Search
USR_003218,2025-05-14,DE,Apple Search Ads
USR_003219,2025-07-26,US,Organic App Store Search
USR_003220,2025-09-23,US,Apple Search Ads
USR_003221,2025-03-14,DE,Apple Search Ads
USR_003222,2025-02-17,AU,Apple Search Ads
USR_003223,2025-08-21,UK,Apple Search Ads
USR_003224,2025-04-10,US,Organic App Store Search
USR_003225,2025-02-28,CA,Organic App Store Search
USR_003226,2025-09-15,US,Social Media Campaign
USR_003227,2025-03-06,US,Apple Search Ads
USR_003228,2025-03-24,CA,Apple Search Ads
USR_003229,2025-06-03,US,Apple Search Ads
USR_003230,2025-09-23,US,Organic App Store Search
USR_003231,2025-03-20,FR,Social Media Campaign
USR_003232,2025-05-30,DE,Organic App Store Search
USR_003233,2025-02-17,US,Web Referral
USR_003234,2025-09-05,UK,Organic App Store Search
USR_003235,2025-04-08,US,Apple Search Ads
USR_003236,2025-01-25,DE,Organic App Store Search
USR_003237,2025-03-09,CA,Social Media Campaign
USR_003238,2025-01-07,US,Web Referral
USR_003239,2025-05-17,US,Organic App Store Search
USR_003240,2025-06-13,US,Organic App Store Search
USR_003241,2025-03-24,UK,Organic App Store Search
USR_003242,2025-05-18,AU,Social Media Campaign
USR_003243,2025-03-14,US,Organic App Store Search
USR_003244,2025-08-25,US,Apple Search Ads
USR_003245,2025-02-15,US,Organic App Store Search
USR_003246,2025-04-16,US,Apple Search Ads
USR_003247,2025-09-19,US,Apple Search Ads
USR_003248,2025-06-25,UK,Apple Search Ads
USR_003249,2025-06-15,CA,Social Media Campaign
USR_003250,2025-05-25,JP,Organic App Store Search
USR_003251,2025-02-23,FR,Apple Search Ads
USR_003252,2025-06-27,UK,Apple Search Ads
USR_003253,2025-09-01,AU,Apple Search Ads
USR_003254,2025-05-07,JP,Organic App Store Search
USR_003255,2025-05-12,US,Social Media Campaign
USR_003256,2025-04-03,US,Web Referral
USR_003257,2025-03-14,US,Web Referral
USR_003258,2025-09-05,UK,Social Media Campaign
USR_003259,2025-02-12,DE,Organic App Store Search
USR_003260,2025-02-10,US,Organic App Store Search
USR_003261,2025-06-19,UK,Organic App Store Search
USR_003262,2025-07-31,UK,Organic App Store Search
USR_003263,2025-06-17,US,Organic App Store Search
USR_003264,2025-02-08,US,Organic App Store Search
USR_003265,2025-09-02,US,Social Media Campaign
USR_003266,2025-05-31,US,Web Referral
USR_003267,2025-04-21,DE,Web Referral
USR_003268,2025-02-16,DE,Organic App Store Search
USR_003269,2025-03-04,DE,Web Referral
USR_003270,2025-08-13,AU,Organic App Store Search
USR_003271,2025-03-10,DE,Apple Search Ads
USR_003272,2025-07-22,CA,Apple Search Ads
USR_003273,2025-03-02,CA,Organic App Store Search
USR_003274,2025-06-10,CA,Web Referral
USR_003275,2025-01-16,UK,Organic App Store Search
USR_003276,2025-04-04,US,Apple Search Ads
USR_003277,2025-05-18,AU,Organic App Store Search
USR_003278,2025-02-07,US,Social Media Campaign
USR_003279,2025-05-07,UK,Organic App Store Search
USR_003280,2025-06-13,US,Apple Search Ads
USR_003281,2025-03-18,US,Apple Search Ads
USR_003282,2025-06-23,JP,Apple Search Ads
USR_003283,2025-04-01,US,Apple Search Ads
USR_003284,2025-08-26,US,Organic App Store Search
USR_003285,2025-09-21,US,Apple Search Ads
USR_003286,2025-06-28,DE,Web Referral
USR_003287,2025-07-28,UK,Social Media Campaign
USR_003288,2025-03-14,CA,Organic App Store Search
USR_003289,2025-04-17,DE,Organic App Store Search
USR_003290,2025-07-01,US,Organic App Store Search
USR_003291,2025-02-06,US,Social Media Campaign
USR_003292,2025-05-17,US,Organic App Store Search
USR_003293,2025-02-25,AU,Apple Search Ads
USR_003294,2025-07-06,CA,Web Referral
USR_003295,2025-09-15,US,Organic App Store Search
USR_003296,2025-02-27,US,Organic App Store Search
USR_003297,2025-05-03,US,Web Referral
USR_003298,2025-07-07,CA,Organic App Store Search
USR_003299,2025-08-18,US,Organic App Store Search
USR_003300,2025-06-17,US,Organic App Store Search
USR_003301,2025-04-24,US,Organic App Store Search
USR_003302,2025-09-09,CA,Apple Search Ads
USR_003303,2025-04-17,CA,Organic App Store Search
USR_003304,2025-02-06,US,Organic App Store Search
USR_003305,2025-04-02,CA,Apple Search Ads
USR_003306,2025-01-18,UK,Organic App Store Search
USR_003307,2025-03-04,JP,Organic App Store Search
USR_003308,2025-05-30,US,Apple Search Ads
USR_003309,2025-05-19,CA,Social Media Campaign
USR_003310,2025-07-05,UK,Organic App Store Search
USR_003311,2025-07-04,US,Organic App Store Search
USR_003312,2025-07-24,AU,Apple Search Ads
USR_003313,2025-09-17,US,Apple Search Ads
USR_003314,2025-08-02,US,Organic App Store Search
USR_003315,2025-09-13,US,Organic App Store Search
USR_003316,2025-05-15,US,Organic App Store Search
USR_003317,2025-03-02,US,Social Media Campaign
USR_003318,2025-03-29,UK,Organic App Store Search
USR_003319,2025-07-26,AU,Social Media Campaign
USR_003320,2025-05-09,DE,Apple Search Ads
USR_003321,2025-01-03,US,Apple Search Ads
USR_003322,2025-08-30,UK,Web Referral
USR_003323,2025-05-01,FR,Organic App Store Search
USR_003324,2025-04-12,US,Apple Search Ads
USR_003325,2025-02-07,UK,Organic App Store Search
USR_003326,2025-05-13,DE,Organic App Store Search
USR_003327,2025-07-21,CA,Organic App Store Search
USR_003328,2025-01-21,US,Organic App Store Search
USR_003329,2025-08-30,US,Web Referral
USR_003330,2025-04-19,UK,Apple Search Ads
USR_003331,2025-03-25,JP,Social Media Campaign
USR_003332,2025-03-24,US,Organic App Store Search
USR_003333,2025-03-10,JP,Apple Search Ads
USR_003334,2025-05-09,US,Organic App Store Search
USR_003335,2025-07-15,US,Organic App Store Search
USR_003336,2025-05-20,US,Apple Search Ads
USR_003337,2025-08-22,CA,Organic App Store Search
USR_003338,2025-01-23,US,Social Media Campaign
USR_003339,2025-06-02,US,Organic App Store Search
USR_003340,2025-03-02,FR,Organic App Store Search
USR_003341,2025-02-21,JP,Apple Search Ads
USR_003342,2025-06-02,US,Web Referral
USR_003343,2025-08-25,US,Organic App Store Search
USR_003344,2025-02-01,DE,Apple Search Ads
USR_003345,2025-02-24,CA,Apple Search Ads
USR_003346,2025-02-05,US,Organic App Store Search
USR_003347,2025-04-20,FR,Apple Search Ads
USR_003348,2025-06-26,US,Organic App Store Search
USR_003349,2025-04-07,CA,Organic App Store Search
USR_003350,2025-08-01,US,Organic App Store Search
USR_003351,2025-05-17,UK,Social Media Campaign
USR_003352,2025-01-06,US,Organic App Store Search
USR_003353,2025-04-19,CA,Organic App Store Search
USR_003354,2025-02-04,JP,Organic App Store Search
USR_003355,2025-02-08,UK,Organic App Store Search
USR_003356,2025-05-30,UK,Organic App Store Search
USR_003357,2025-04-28,US,Organic App Store Search
USR_003358,2025-09-18,FR,Organic App Store Search
USR_003359,2025-03-28,JP,Organic App Store Search
USR_003360,2025-03-17,DE,Social Media Campaign
USR_003361,2025-08-02,UK,Apple Search Ads
USR_003362,2025-08-27,JP,Organic App Store Search
USR_003363,2025-06-14,US,Organic App Store Search
USR_003364,2025-03-28,UK,Organic App Store Search
USR_003365,2025-05-21,UK,Apple Search Ads
USR_003366,2025-06-09,UK,Organic App Store Search
USR_003367,2025-02-15,DE,Organic App Store Search
USR_003368,2025-04-22,CA,Organic App Store Search
USR_003369,2025-02-14,US,Organic App Store Search
USR_003370,2025-09-04,US,Social Media Campaign
USR_003371,2025-04-14,US,Organic App Store Search
USR_003372,2025-03-26,UK,Organic App Store Search
USR_003373,2025-05-14,US,Apple Search Ads
USR_003374,2025-04-18,US,Apple Search Ads
USR_003375,2025-01-18,CA,Organic App Store Search
USR_003376,2025-04-04,FR,Organic App Store Search
USR_003377,2025-05-30,FR,Organic App Store Search
USR_003378,2025-09-03,JP,Organic App Store Search
USR_003379,2025-07-28,DE,Organic App Store Search
USR_003380,2025-05-06,US,Organic App Store Search
USR_003381,2025-08-23,FR,Apple Search Ads
USR_003382,2025-05-02,US,Web Referral
USR_003383,2025-05-18,AU,Apple Search Ads
USR_003384,2025-04-25,UK,Organic App Store Search
USR_003385,2025-06-11,DE,Apple Search Ads
USR_003386,2025-07-20,US,Apple Search Ads
USR_003387,2025-08-22,US,Social Media Campaign
USR_003388,2025-01-28,UK,Apple Search Ads
USR_003389,2025-01-11,US,Apple Search Ads
USR_003390,2025-07-25,JP,Organic App Store Search
USR_003391,2025-06-16,UK,Organic App Store Search
USR_003392,2025-09-04,UK,Organic App Store Search
USR_003393,2025-02-16,FR,Organic App Store Search
USR_003394,2025-09-03,CA,Organic App Store Search
USR_003395,2025-05-07,US,Organic App Store Search
USR_003396,2025-05-27,US,Apple Search Ads
USR_003397,2025-04-28,UK,Web Referral
USR_003398,2025-06-01,FR,Organic App Store Search
USR_003399,2025-03-13,DE,Organic App Store Search
USR_003400,2025-05-17,JP,Social Media Campaign
USR_003401,2025-06-24,US,Web Referral
USR_003402,2025-01-19,US,Organic App Store Search
USR_003403,2025-07-14,US,Organic App Store Search
USR_003404,2025-06-24,DE,Organic App Store Search
USR_003405,2025-05-21,US,Organic App Store Search
USR_003406,2025-09-03,US,Social Media Campaign
USR_003407,2025-04-03,UK,Apple Search Ads
USR_003408,2025-08-27,US,Organic App Store Search
USR_003409,2025-07-24,AU,Social Media Campaign
USR_003410,2025-02-17,UK,Apple Search Ads
USR_003411,2025-09-02,US,Web Referral
USR_003412,2025-05-08,US,Web Referral
USR_003413,2025-01-17,FR,Organic App Store Search
USR_003414,2025-03-12,US,Organic App Store Search
USR_003415,2025-09-26,US,Apple Search Ads
USR_003416,2025-01-07,US,Web Referral
USR_003417,2025-04-13,US,Web Referral
USR_003418,2025-07-12,FR,Apple Search Ads
USR_003419,2025-08-29,US,Organic App Store Search
USR_003420,2025-03-03,FR,Organic App Store Search
USR_003421,2025-01-17,US,Social Media Campaign
USR_003422,2025-06-20,FR,Apple Search Ads
USR_003423,2025-01-25,DE,Apple Search Ads
USR_003424,2025-09-08,UK,Organic App Store Search
USR_003425,2025-09-10,CA,Apple Search Ads
USR_003426,2025-07-26,US,Social Media Campaign
USR_003427,2025-01-29,UK,Organic App Store Search
USR_003428,2025-04-27,US,Organic App Store Search
USR_003429,2025-05-24,US,Apple Search Ads
USR_003430,2025-01-25,DE,Web Referral
USR_003431,2025-06-05,US,Organic App Store Search
USR_003432,2025-03-14,DE,Organic App Store Search
USR_003433,2025-04-30,US,Organic App Store Search
USR_003434,2025-04-03,UK,Organic App Store Search
USR_003435,2025-03-27,FR,Organic App Store Search
USR_003436,2025-04-28,CA,Apple Search Ads
USR_003437,2025-08-21,CA,Organic App Store Search
USR_003438,2025-07-18,AU,Apple Search Ads
USR_003439,2025-07-25,FR,Organic App Store Search
USR_003440,2025-05-27,US,Organic App Store Search
USR_003441,2025-05-19,CA,Apple Search Ads
USR_003442,2025-06-30,US,Apple Search Ads
USR_003443,2025-01-30,US,Organic App Store Search
USR_003444,2025-02-26,US,Social Media Campaign
USR_003445,2025-08-20,US,Organic App Store Search
USR_003446,2025-05-26,UK,Organic App Store Search
USR_003447,2025-02-17,FR,Apple Search Ads
USR_003448,2025-07-13,DE,Social Media Campaign
USR_003449,2025-08-12,UK,Organic App Store Search
USR_003450,2025-05-16,US,Organic App Store Search
USR_003451,2025-01-22,US,Apple Search Ads
USR_003452,2025-01-06,US,Organic App Store Search
USR_003453,2025-07-23,CA,Apple Search Ads
USR_003454,2025-08-27,US,Organic App Store Search
USR_003455,2025-07-04,UK,Social Media Campaign
USR_003456,2025-08-08,FR,Organic App Store Search
USR_003457,2025-04-26,AU,Web Referral
USR_003458,2025-02-18,DE,Organic App Store Search
USR_003459,2025-06-22,CA,Social Media Campaign
USR_003460,2025-03-23,US,Organic App Store Search
USR_003461,2025-02-14,US,Organic App Store Search
USR_003462,2025-01-20,DE,Organic App Store Search
USR_003463,2025-08-09,CA,Social Media Campaign
USR_003464,2025-05-03,UK,Organic App Store Search
USR_003465,2025-08-22,US,Organic App Store Search
USR_003466,2025-08-09,CA,Organic App Store Search
USR_003467,2025-01-03,US,Web Referral
USR_003468,2025-07-01,US,Organic App Store Search
USR_003469,2025-07-25,US,Organic App Store Search
USR_003470,2025-02-09,US,Web Referral
USR_003471,2025-02-28,US,Web Referral
USR_003472,2025-03-03,US,Organic App Store Search
USR_003473,2025-05-12,AU,Social Media Campaign
USR_003474,2025-03-01,UK,Organic App Store Search
USR_003475,2025-05-02,UK,Organic App Store Search
USR_003476,2025-04-17,UK,Social Media Campaign
USR_003477,2025-04-06,JP,Social Media Campaign
USR_003478,2025-08-23,US,Organic App Store Search
USR_003479,2025-03-03,US,Organic App Store Search
USR_003480,2025-09-13,CA,Organic App Store Search
USR_003481,2025-02-18,US,Social Media Campaign
USR_003482,2025-06-08,UK,Web Referral
USR_003483,2025-05-04,UK,Organic App Store Search
USR_003484,2025-07-26,JP,Social Media Campaign
USR_003485,2025-02-17,FR,Organic App Store Search
USR_003486,2025-05-16,FR,Apple Search Ads
USR_003487,2025-07-20,US,Organic App Store Search
USR_003488,2025-09-07,FR,Apple Search Ads
USR_003489,2025-07-28,US,Organic App Store Search
USR_003490,2025-07-30,CA,Web Referral
USR_003491,2025-07-11,AU,Organic App Store Search
USR_003492,2025-02-13,US,Organic App Store Search
USR_003493,2025-01-29,CA,Social Media Campaign
USR_003494,2025-02-28,US,Organic App Store Search
USR_003495,2025-03-12,US,Organic App Store Search
USR_003496,2025-04-02,FR,Apple Search Ads
USR_003497,2025-09-22,US,Social Media Campaign
USR_003498,2025-08-08,US,Organic App Store Search
USR_003499,2025-08-03,US,Organic App Store Search
USR_003500,2025-03-05,FR,Organic App Store Search
USR_003501,2025-09-02,US,Web Referral
USR_003502,2025-03-03,US,Organic App Store Search
USR_003503,2025-06-19,FR,Organic App Store Search
USR_003504,2025-09-26,US,Apple Search Ads
USR_003505,2025-09-24,US,Organic App Store Search
USR_003506,2025-02-23,DE,Organic App Store Search
USR_003507,2025-01-16,UK,Web Referral
USR_003508,2025-01-08,DE,Organic App Store Search
USR_003509,2025-04-14,US,Social Media Campaign
USR_003510,2025-02-28,FR,Social Media Campaign
USR_003511,2025-02-09,FR,Organic App Store Search
USR_003512,2025-08-25,US,Organic App Store Search
USR_003513,2025-04-04,US,Web Referral
USR_003514,2025-08-10,JP,Social Media Campaign
USR_003515,2025-07-23,UK,Organic App Store Search
USR_003516,2025-05-18,UK,Organic App Store Search
USR_003517,2025-07-26,CA,Apple Search Ads
USR_003518,2025-03-22,DE,Organic App Store Search
USR_003519,2025-08-06,DE,Apple Search Ads
USR_003520,2025-01-02,US,Web Referral
USR_003521,2025-06-27,US,Organic App Store Search
USR_003522,2025-05-26,FR,Social Media Campaign
USR_003523,2025-08-12,DE,Apple Search Ads
USR_003524,2025-03-03,CA,Organic App Store Search
USR_003525,2025-08-27,JP,Apple Search Ads
USR_003526,2025-07-14,AU,Apple Search Ads
USR_003527,2025-06-15,US,Organic App Store Search
USR_003528,2025-08-10,DE,Organic App Store Search
USR_003529,2025-03-02,US,Apple Search Ads
USR_003530,2025-05-09,US,Apple Search Ads
USR_003531,2025-06-22,US,Web Referral
USR_003532,2025-06-05,DE,Social Media Campaign
USR_003533,2025-04-20,JP,Organic App Store Search
USR_003534,2025-09-26,US,Social Media Campaign
USR_003535,2025-03-15,US,Organic App Store Search
USR_003536,2025-07-26,UK,Organic App Store Search
USR_003537,2025-07-23,DE,Organic App Store Search
USR_003538,2025-06-10,AU,Apple Search Ads
USR_003539,2025-01-28,UK,Organic App Store Search
USR_003540,2025-09-14,CA,Organic App Store Search
USR_003541,2025-06-14,US,Organic App Store Search
USR_003542,2025-03-04,US,Organic App Store Search
USR_003543,2025-01-22,US,Web Referral
USR_003544,2025-03-11,FR,Web Referral
USR_003545,2025-04-06,US,Apple Search Ads
USR_003546,2025-06-12,CA,Apple Search Ads
USR_003547,2025-03-20,US,Apple Search Ads
USR_003548,2025-01-05,UK,Social Media Campaign
USR_003549,2025-04-30,US,Apple Search Ads
USR_003550,2025-06-27,US,Organic App Store Search
USR_003551,2025-06-25,US,Organic App Store Search
USR_003552,2025-08-05,DE,Organic App Store Search
USR_003553,2025-02-25,US,Organic App Store Search
USR_003554,2025-07-06,AU,Organic App Store Search
USR_003555,2025-08-20,UK,Social Media Campaign
USR_003556,2025-09-12,UK,Apple Search Ads
USR_003557,2025-04-14,UK,Organic App Store Search
USR_003558,2025-03-18,JP,Organic App Store Search
USR_003559,2025-08-18,US,Apple Search Ads
USR_003560,2025-09-15,US,Organic App Store Search
USR_003561,2025-09-21,FR,Organic App Store Search
USR_003562,2025-07-01,US,Social Media Campaign
USR_003563,2025-09-13,DE,Organic App Store Search
USR_003564,2025-02-07,US,Social Media Campaign
USR_003565,2025-06-25,CA,Social Media Campaign
USR_003566,2025-01-27,US,Social Media Campaign
USR_003567,2025-05-20,FR,Organic App Store Search
USR_003568,2025-04-01,UK,Organic App Store Search
USR_003569,2025-03-02,US,Organic App Store Search
USR_003570,2025-06-12,US,Organic App Store Search
USR_003571,2025-05-23,US,Organic App Store Search
USR_003572,2025-09-10,AU,Social Media Campaign
USR_003573,2025-09-26,US,Web Referral
USR_003574,2025-07-06,US,Social Media Campaign
USR_003575,2025-03-27,UK,Organic App Store Search
USR_003576,2025-06-15,US,Apple Search Ads
USR_003577,2025-04-24,US,Organic App Store Search
USR_003578,2025-07-02,US,Organic App Store Search
USR_003579,2025-07-26,AU,Social Media Campaign
USR_003580,2025-09-13,JP,Organic App Store Search
USR_003581,2025-08-23,US,Apple Search Ads
USR_003582,2025-01-03,DE,Social Media Campaign
USR_003583,2025-07-27,US,Organic App Store Search
USR_003584,2025-07-16,US,Web Referral
USR_003585,2025-05-05,UK,Organic App Store Search
USR_003586,2025-05-18,US,Social Media Campaign
USR_003587,2025-01-25,UK,Organic App Store Search
USR_003588,2025-03-09,FR,Organic App Store Search
USR_003589,2025-03-02,FR,Organic App Store Search
USR_003590,2025-01-29,US,Apple Search Ads
USR_003591,2025-01-19,US,Social Media Campaign
USR_003592,2025-06-20,JP,Apple Search Ads
USR_003593,2025-03-15,US,Web Referral
USR_003594,2025-03-02,CA,Social Media Campaign
USR_003595,2025-06-02,US,Organic App Store Search
USR_003596,2025-02-17,US,Apple Search Ads
USR_003597,2025-07-30,US,Organic App Store Search
USR_003598,2025-05-19,FR,Organic App Store Search
USR_003599,2025-04-20,FR,Organic App Store Search
USR_003600,2025-07-02,US,Organic App Store Search
USR_003601,2025-01-28,DE,Apple Search Ads
USR_003602,2025-07-16,US,Organic App Store Search
USR_003603,2025-07-10,US,Apple Search Ads
USR_003604,2025-02-20,DE,Web Referral
USR_003605,2025-05-29,UK,Organic App Store Search
USR_003606,2025-09-25,US,Social Media Campaign
USR_003607,2025-02-19,US,Apple Search Ads
USR_003608,2025-09-03,JP,Organic App Store Search
USR_003609,2025-04-23,FR,Social Media Campaign
USR_003610,2025-06-19,DE,Organic App Store Search
USR_003611,2025-06-15,US,Organic App Store Search
USR_003612,2025-01-14,DE,Organic App Store Search
USR_003613,2025-07-22,US,Apple Search Ads
USR_003614,2025-07-08,JP,Organic App Store Search
USR_003615,2025-06-04,US,Organic App Store Search
USR_003616,2025-02-24,US,Organic App Store Search
USR_003617,2025-07-01,US,Social Media Campaign
USR_003618,2025-07-29,DE,Social Media Campaign
USR_003619,2025-03-16,DE,Apple Search Ads
USR_003620,2025-05-13,US,Organic App Store Search
USR_003621,2025-02-28,UK,Organic App Store Search
USR_003622,2025-07-01,DE,Social Media Campaign
USR_003623,2025-03-05,US,Organic App Store Search
USR_003624,2025-09-17,DE,Organic App Store Search
USR_003625,2025-07-12,FR,Organic App Store Search
USR_003626,2025-05-23,US,Apple Search Ads
USR_003627,2025-04-14,US,Organic App Store Search
USR_003628,2025-08-02,US,Organic App Store Search
USR_003629,2025-08-30,US,Apple Search Ads
USR_003630,2025-07-28,UK,Apple Search Ads
USR_003631,2025-04-03,AU,Apple Search Ads
USR_003632,2025-05-22,UK,Organic App Store Search
USR_003633,2025-04-22,US,Social Media Campaign
USR_003634,2025-02-28,CA,Organic App Store Search
USR_003635,2025-02-12,CA,Apple Search Ads
USR_003636,2025-07-26,FR,Apple Search Ads
USR_003637,2025-09-25,US,Organic App Store Search
USR_003638,2025-04-28,CA,Organic App Store Search
USR_003639,2025-01-20,FR,Organic App Store Search
USR_003640,2025-08-10,UK,Organic App Store Search
USR_003641,2025-06-15,US,Organic App Store Search
USR_003642,2025-05-11,US,Apple Search Ads
USR_003643,2025-06-05,FR,Organic App Store Search
USR_003644,2025-07-03,US,Web Referral
USR_003645,2025-03-31,FR,Organic App Store Search
USR_003646,2025-04-04,DE,Organic App Store Search
USR_003647,2025-01-13,US,Organic App Store Search
USR_003648,2025-08-18,UK,Apple Search Ads
USR_003649,2025-01-26,US,Apple Search Ads
USR_003650,2025-03-16,US,Web Referral
USR_003651,2025-05-30,AU,Organic App Store Search
USR_003652,2025-05-28,CA,Organic App Store Search
USR_003653,2025-01-08,US,Apple Search Ads
USR_003654,2025-01-29,DE,Apple Search Ads
USR_003655,2025-07-28,US,Web Referral
USR_003656,2025-05-08,UK,Organic App Store Search
USR_003657,2025-04-26,UK,Apple Search Ads
USR_003658,2025-05-24,US,Organic App Store Search
USR_003659,2025-08-23,JP,Organic App Store Search
USR_003660,2025-01-07,CA,Organic App Store Search
USR_003661,2025-02-14,UK,Apple Search Ads
USR_003662,2025-08-27,UK,Apple Search Ads
USR_003663,2025-06-04,US,Organic App Store Search
USR_003664,2025-06-30,US,Organic App Store Search
USR_003665,2025-08-03,CA,Organic App Store Search
USR_003666,2025-03-29,FR,Organic App Store Search
USR_003667,2025-09-13,DE,Organic App Store Search
USR_003668,2025-03-14,US,Organic App Store Search
USR_003669,2025-06-28,US,Social Media Campaign
USR_003670,2025-07-31,US,Organic App Store Search
USR_003671,2025-08-22,US,Organic App Store Search
USR_003672,2025-08-27,UK,Web Referral
USR_003673,2025-08-11,UK,Organic App Store Search
USR_003674,2025-04-29,US,Social Media Campaign
USR_003675,2025-09-21,CA,Organic App Store Search
USR_003676,2025-07-26,AU,Web Referral
USR_003677,2025-04-05,US,Organic App Store Search
USR_003678,2025-08-10,DE,Apple Search Ads
USR_003679,2025-08-19,US,Organic App Store Search
USR_003680,2025-04-29,UK,Web Referral
USR_003681,2025-09-25,DE,Organic App Store Search
USR_003682,2025-03-05,UK,Apple Search Ads
USR_003683,2025-01-11,FR,Organic App Store Search
USR_003684,2025-04-08,US,Web Referral
USR_003685,2025-03-12,UK,Apple Search Ads
USR_003686,2025-02-27,UK,Organic App Store Search
USR_003687,2025-09-08,CA,Organic App Store Search
USR_003688,2025-02-19,DE,Organic App Store Search
USR_003689,2025-08-04,AU,Organic App Store Search
USR_003690,2025-02-21,DE,Organic App Store Search
USR_003691,2025-03-25,US,Web Referral
USR_003692,2025-05-06,US,Apple Search Ads
USR_003693,2025-03-13,CA,Web Referral
USR_003694,2025-08-24,UK,Organic App Store Search
USR_003695,2025-02-25,JP,Apple Search Ads
USR_003696,2025-04-20,US,Organic App Store Search
USR_003697,2025-07-11,US,Organic App Store Search
USR_003698,2025-04-03,UK,Apple Search Ads
USR_003699,2025-02-25,FR,Organic App Store Search
USR_003700,2025-03-01,FR,Web Referral
USR_003701,2025-05-18,US,Organic App Store Search
USR_003702,2025-02-08,US,Social Media Campaign
USR_003703,2025-01-28,US,Apple Search Ads
USR_003704,2025-02-18,US,Organic App Store Search
USR_003705,2025-05-05,JP,Organic App Store Search
USR_003706,2025-01-13,US,Organic App Store Search
USR_003707,2025-02-05,US,Organic App Store Search
USR_003708,2025-04-11,US,Social Media Campaign
USR_003709,2025-03-27,US,Web Referral
USR_003710,2025-01-04,DE,Organic App Store Search
USR_003711,2025-08-11,US,Web Referral
USR_003712,2025-06-15,US,Organic App Store Search
USR_003713,2025-05-10,JP,Apple Search Ads
USR_003714,2025-01-31,US,Organic App Store Search
USR_003715,2025-01-11,AU,Organic App Store Search
USR_003716,2025-04-06,US,Organic App Store Search
USR_003717,2025-07-09,UK,Organic App Store Search
USR_003718,2025-07-11,US,Organic App Store Search
USR_003719,2025-09-23,US,Organic App Store Search
USR_003720,2025-05-08,UK,Organic App Store Search
USR_003721,2025-08-26,US,Organic App Store Search
USR_003722,2025-04-22,UK,Organic App Store Search
USR_003723,2025-05-25,US,Apple Search Ads
USR_003724,2025-03-06,CA,Social Media Campaign
USR_003725,2025-09-04,FR,Organic App Store Search
USR_003726,2025-08-11,US,Organic App Store Search
USR_003727,2025-04-16,US,Apple Search Ads
USR_003728,2025-06-30,DE,Organic App Store Search
USR_003729,2025-07-03,CA,Apple Search Ads
USR_003730,2025-08-14,US,Organic App Store Search
USR_003731,2025-09-22,UK,Organic App Store Search
USR_003732,2025-03-30,US,Organic App Store Search
USR_003733,2025-06-25,US,Organic App Store Search
USR_003734,2025-01-18,FR,Social Media Campaign
USR_003735,2025-04-16,DE,Organic App Store Search
USR_003736,2025-06-16,CA,Web Referral
USR_003737,2025-01-13,US,Organic App Store Search
USR_003738,2025-02-01,US,Web Referral
USR_003739,2025-02-09,FR,Organic App Store Search
USR_003740,2025-05-28,US,Organic App Store Search
USR_003741,2025-08-06,US,Apple Search Ads
USR_003742,2025-08-07,US,Organic App Store Search
USR_003743,2025-03-23,UK,Social Media Campaign
USR_003744,2025-07-27,US,Organic App Store Search
USR_003745,2025-07-20,US,Apple Search Ads
USR_003746,2025-02-07,FR,Organic App Store Search
USR_003747,2025-07-30,CA,Apple Search Ads
USR_003748,2025-09-06,US,Apple Search Ads
USR_003749,2025-08-15,AU,Social Media Campaign
USR_003750,2025-02-17,US,Organic App Store Search
USR_003751,2025-01-18,US,Web Referral
USR_003752,2025-07-15,CA,Web Referral
USR_003753,2025-07-06,US,Social Media Campaign
USR_003754,2025-08-12,US,Apple Search Ads
USR_003755,2025-08-17,AU,Organic App Store Search
USR_003756,2025-03-18,FR,Organic App Store Search
USR_003757,2025-07-07,UK,Web Referral
USR_003758,2025-09-27,US,Web Referral
USR_003759,2025-04-05,US,Organic App Store Search
USR_003760,2025-05-12,US,Organic App Store Search
USR_003761,2025-02-08,US,Social Media Campaign
USR_003762,2025-03-13,US,Organic App Store Search
USR_003763,2025-06-09,CA,Organic App Store Search
USR_003764,2025-07-06,US,Web Referral
USR_003765,2025-07-10,US,Social Media Campaign
USR_003766,2025-04-30,UK,Web Referral
USR_003767,2025-08-08,US,Organic App Store Search
USR_003768,2025-02-22,JP,Organic App Store Search
USR_003769,2025-08-10,US,Apple Search Ads
USR_003770,2025-05-11,FR,Apple Search Ads
USR_003771,2025-08-25,FR,Organic App Store Search
USR_003772,2025-09-03,DE,Social Media Campaign
USR_003773,2025-08-14,US,Web Referral
USR_003774,2025-07-27,FR,Organic App Store Search
USR_003775,2025-04-06,US,Organic App Store Search
USR_003776,2025-07-19,US,Organic App Store Search
USR_003777,2025-09-04,US,Organic App Store Search
USR_003778,2025-03-13,US,Organic App Store Search
USR_003779,2025-07-04,US,Organic App Store Search
USR_003780,2025-01-06,US,Organic App Store Search
USR_003781,2025-07-25,US,Social Media Campaign
USR_003782,2025-02-01,CA,Organic App Store Search
USR_003783,2025-04-09,US,Apple Search Ads
USR_003784,2025-09-13,UK,Apple Search Ads
USR_003785,2025-07-06,JP,Apple Search Ads
USR_003786,2025-03-17,US,Web Referral
USR_003787,2025-06-26,CA,Apple Search Ads
USR_003788,2025-09-12,JP,Web Referral
USR_003789,2025-07-09,US,Organic App Store Search
USR_003790,2025-05-07,US,Apple Search Ads
USR_003791,2025-09-11,FR,Apple Search Ads
USR_003792,2025-08-01,FR,Web Referral
USR_003793,2025-09-07,CA,Organic App Store Search
USR_003794,2025-03-25,US,Organic App Store Search
USR_003795,2025-01-13,FR,Apple Search Ads
USR_003796,2025-02-14,US,Organic App Store Search
USR_003797,2025-05-07,US,Apple Search Ads
USR_003798,2025-04-24,US,Web Referral
USR_003799,2025-07-24,US,Web Referral
USR_003800,2025-02-27,DE,Organic App Store Search
USR_003801,2025-08-07,DE,Organic App Store Search
USR_003802,2025-04-19,AU,Apple Search Ads
USR_003803,2025-06-23,US,Apple Search Ads
USR_003804,2025-09-21,UK,Apple Search Ads
USR_003805,2025-04-21,AU,Apple Search Ads
USR_003806,2025-07-06,US,Apple Search Ads
USR_003807,2025-09-26,FR,Organic App Store Search
USR_003808,2025-08-17,DE,Social Media Campaign
USR_003809,2025-06-05,CA,Organic App Store Search
USR_003810,2025-07-08,US,Organic App Store Search
USR_003811,2025-01-02,CA,Social Media Campaign
USR_003812,2025-09-03,FR,Apple Search Ads
USR_003813,2025-07-29,US,Apple Search Ads
USR_003814,2025-01-13,DE,Organic App Store Search
USR_003815,2025-04-06,US,Organic App Store Search
USR_003816,2025-08-09,UK,Organic App Store Search
USR_003817,2025-08-26,CA,Apple Search Ads
USR_003818,2025-04-04,CA,Organic App Store Search
USR_003819,2025-09-26,FR,Apple Search Ads
USR_003820,2025-06-20,US,Social Media Campaign
USR_003821,2025-04-04,US,Organic App Store Search
USR_003822,2025-05-29,AU,Social Media Campaign
USR_003823,2025-04-22,US,Social Media Campaign
USR_003824,2025-02-24,UK,Social Media Campaign
USR_003825,2025-04-26,US,Apple Search Ads
USR_003826,2025-05-23,US,Organic App Store Search
USR_003827,2025-07-20,CA,Organic App Store Search
USR_003828,2025-06-29,AU,Apple Search Ads
USR_003829,2025-07-21,US,Organic App Store Search
USR_003830,2025-02-22,US,Apple Search Ads
USR_003831,2025-06-29,US,Apple Search Ads
USR_003832,2025-05-17,US,Organic App Store Search
USR_003833,2025-07-01,US,Apple Search Ads
USR_003834,2025-01-01,US,Organic App Store Search
USR_003835,2025-02-13,AU,Organic App Store Search
USR_003836,2025-08-15,CA,Social Media Campaign
USR_003837,2025-04-08,US,Organic App Store Search
USR_003838,2025-07-27,CA,Apple Search Ads
USR_003839,2025-09-22,FR,Organic App Store Search
USR_003840,2025-05-20,US,Apple Search Ads
USR_003841,2025-08-25,US,Organic App Store Search
USR_003842,2025-03-13,UK,Apple Search Ads
USR_003843,2025-06-04,US,Social Media Campaign
USR_003844,2025-07-09,CA,Social Media Campaign
USR_003845,2025-09-25,DE,Organic App Store Search
USR_003846,2025-04-17,UK,Apple Search Ads
USR_003847,2025-08-20,CA,Social Media Campaign
USR_003848,2025-02-11,CA,Organic App Store Search
USR_003849,2025-07-09,US,Organic App Store Search
USR_003850,2025-05-19,US,Social Media Campaign
USR_003851,2025-04-13,FR,Social Media Campaign
USR_003852,2025-06-20,FR,Organic App Store Search
USR_003853,2025-08-09,DE,Organic App Store Search
USR_003854,2025-08-01,FR,Apple Search Ads
USR_003855,2025-02-25,US,Organic App Store Search
USR_003856,2025-04-12,US,Apple Search Ads
USR_003857,2025-07-11,US,Organic App Store Search
USR_003858,2025-07-19,US,Apple Search Ads
USR_003859,2025-08-21,DE,Apple Search Ads
USR_003860,2025-08-15,JP,Social Media Campaign
USR_003861,2025-05-19,DE,Apple Search Ads
USR_003862,2025-05-29,UK,Organic App Store Search
USR_003863,2025-04-25,US,Organic App Store Search
USR_003864,2025-03-04,US,Organic App Store Search
USR_003865,2025-04-14,US,Organic App Store Search
USR_003866,2025-06-05,CA,Web Referral
USR_003867,2025-01-06,US,Apple Search Ads
USR_003868,2025-05-27,FR,Organic App Store Search
USR_003869,2025-07-03,FR,Organic App Store Search
USR_003870,2025-01-28,US,Organic App Store Search
USR_003871,2025-02-07,US,Organic App Store Search
USR_003872,2025-04-29,CA,Organic App Store Search
USR_003873,2025-09-01,US,Organic App Store Search
USR_003874,2025-03-09,DE,Organic App Store Search
USR_003875,2025-08-02,UK,Organic App Store Search
USR_003876,2025-08-06,US,Apple Search Ads
USR_003877,2025-06-26,UK,Apple Search Ads
USR_003878,2025-06-13,US,Social Media Campaign
USR_003879,2025-02-27,FR,Organic App Store Search
USR_003880,2025-09-26,US,Social Media Campaign
USR_003881,2025-02-27,FR,Apple Search Ads
USR_003882,2025-04-15,CA,Organic App Store Search
USR_003883,2025-08-16,AU,Organic App Store Search
USR_003884,2025-09-04,US,Organic App Store Search
USR_003885,2025-07-07,CA,Organic App Store Search
USR_003886,2025-03-24,UK,Organic App Store Search
USR_003887,2025-07-05,UK,Social Media Campaign
USR_003888,2025-09-09,DE,Organic App Store Search
USR_003889,2025-08-26,UK,Organic App Store Search
USR_003890,2025-07-03,FR,Organic App Store Search
USR_003891,2025-07-29,US,Apple Search Ads
USR_003892,2025-04-07,DE,Social Media Campaign
USR_003893,2025-07-27,US,Web Referral
USR_003894,2025-05-17,DE,Organic App Store Search
USR_003895,2025-07-03,FR,Organic App Store Search
USR_003896,2025-03-17,US,Social Media Campaign
USR_003897,2025-05-22,UK,Organic App Store Search
USR_003898,2025-08-25,CA,Apple Search Ads
USR_003899,2025-01-25,US,Web Referral
USR_003900,2025-03-08,UK,Apple Search Ads
USR_003901,2025-09-07,US,Organic App Store Search
USR_003902,2025-04-28,FR,Social Media Campaign
USR_003903,2025-03-14,FR,Web Referral
USR_003904,2025-01-10,AU,Apple Search Ads
USR_003905,2025-07-30,CA,Organic App Store Search
USR_003906,2025-06-01,AU,Web Referral
USR_003907,2025-01-05,US,Web Referral
USR_003908,2025-07-14,US,Web Referral
USR_003909,2025-04-23,UK,Organic App Store Search
USR_003910,2025-06-12,FR,Social Media Campaign
USR_003911,2025-04-15,AU,Apple Search Ads
USR_003912,2025-06-30,UK,Organic App Store Search
USR_003913,2025-02-13,DE,Apple Search Ads
USR_003914,2025-06-24,US,Apple Search Ads
USR_003915,2025-06-11,AU,Social Media Campaign
USR_003916,2025-05-20,US,Social Media Campaign
USR_003917,2025-05-12,US,Organic App Store Search
USR_003918,2025-03-28,CA,Organic App Store Search
USR_003919,2025-06-25,CA,Organic App Store Search
USR_003920,2025-07-02,UK,Social Media Campaign
USR_003921,2025-05-09,UK,Organic App Store Search
USR_003922,2025-09-03,CA,Apple Search Ads
USR_003923,2025-03-30,DE,Apple Search Ads
USR_003924,2025-03-07,FR,Web Referral
USR_003925,2025-06-07,US,Organic App Store Search
USR_003926,2025-05-29,JP,Apple Search Ads
USR_003927,2025-04-26,CA,Web Referral
USR_003928,2025-08-02,DE,Apple Search Ads
USR_003929,2025-09-10,CA,Organic App Store Search
USR_003930,2025-05-23,US,Organic App Store Search
USR_003931,2025-09-07,US,Social Media Campaign
USR_003932,2025-01-25,AU,Organic App Store Search
USR_003933,2025-03-11,UK,Apple Search Ads
USR_003934,2025-04-23,AU,Apple Search Ads
USR_003935,2025-04-22,UK,Web Referral
USR_003936,2025-04-01,US,Organic App Store Search
USR_003937,2025-01-18,US,Apple Search Ads
USR_003938,2025-05-29,AU,Organic App Store Search
USR_003939,2025-08-15,US,Organic App Store Search
USR_003940,2025-08-02,AU,Organic App Store Search
USR_003941,2025-05-31,US,Social Media Campaign
USR_003942,2025-07-11,DE,Social Media Campaign
USR_003943,2025-02-09,US,Organic App Store Search
USR_003944,2025-08-30,US,Organic App Store Search
USR_003945,2025-05-18,CA,Apple Search Ads
USR_003946,2025-06-29,UK,Apple Search Ads
USR_003947,2025-07-19,US,Apple Search Ads
USR_003948,2025-07-22,FR,Web Referral
USR_003949,2025-03-02,US,Social Media Campaign
USR_003950,2025-07-11,US,Organic App Store Search
USR_003951,2025-01-05,US,Organic App Store Search
USR_003952,2025-08-25,US,Apple Search Ads
USR_003953,2025-06-30,UK,Social Media Campaign
USR_003954,2025-02-06,US,Organic App Store Search
USR_003955,2025-02-25,DE,Apple Search Ads
USR_003956,2025-08-25,US,Organic App Store Search
USR_003957,2025-07-16,AU,Web Referral
USR_003958,2025-03-14,US,Social Media Campaign
USR_003959,2025-02-28,US,Organic App Store Search
USR_003960,2025-08-28,US,Organic App Store Search
USR_003961,2025-01-02,DE,Organic App Store Search
USR_003962,2025-07-07,CA,Social Media Campaign
USR_003963,2025-01-30,DE,Social Media Campaign
USR_003964,2025-09-24,UK,Apple Search Ads
USR_003965,2025-04-18,DE,Organic App Store Search
USR_003966,2025-03-31,CA,Organic App Store Search
USR_003967,2025-07-24,US,Organic App Store Search
USR_003968,2025-08-08,US,Organic App Store Search
USR_003969,2025-04-04,UK,Organic App Store Search
USR_003970,2025-04-13,CA,Organic App Store Search
USR_003971,2025-08-11,US,Organic App Store Search
USR_003972,2025-07-05,AU,Apple Search Ads
USR_003973,2025-07-03,UK,Social Media Campaign
USR_003974,2025-06-11,UK,Organic App Store Search
USR_003975,2025-09-04,US,Apple Search Ads
USR_003976,2025-01-31,UK,Organic App Store Search
USR_003977,2025-02-21,US,Apple Search Ads
USR_003978,2025-03-17,US,Web Referral
USR_003979,2025-02-09,AU,Organic App Store Search
USR_003980,2025-04-11,US,Organic App Store Search
USR_003981,2025-04-21,US,Organic App Store Search
USR_003982,2025-09-06,US,Apple Search Ads
USR_003983,2025-07-10,US,Apple Search Ads
USR_003984,2025-07-01,US,Organic App Store Search
USR_003985,2025-07-28,US,Organic App Store Search
USR_003986,2025-01-22,UK,Social Media Campaign
USR_003987,2025-06-15,UK,Organic App Store Search
USR_003988,2025-04-09,JP,Organic App Store Search
USR_003989,2025-07-27,US,Web Referral
USR_003990,2025-01-08,US,Organic App Store Search
USR_003991,2025-07-09,UK,Social Media Campaign
USR_003992,2025-06-24,US,Web Referral
USR_003993,2025-01-17,FR,Organic App Store Search
USR_003994,2025-03-31,UK,Apple Search Ads
USR_003995,2025-05-21,US,Apple Search Ads
USR_003996,2025-05-25,DE,Social Media Campaign
USR_003997,2025-06-15,US,Organic App Store Search
USR_003998,2025-03-19,JP,Social Media Campaign
USR_003999,2025-09-19,FR,Web Referral
USR_004000,2025-06-12,UK,Social Media Campaign
USR_004001,2025-01-14,US,Web Referral
USR_004002,2025-08-27,US,Apple Search Ads
USR_004003,2025-03-13,US,Web Referral
USR_004004,2025-05-23,US,Organic App Store Search
USR_004005,2025-09-26,UK,Apple Search Ads
USR_004006,2025-08-29,FR,Apple Search Ads
USR_004007,2025-09-02,US,Organic App Store Search
USR_004008,2025-06-12,CA,Organic App Store Search
USR_004009,2025-03-01,CA,Apple Search Ads
USR_004010,2025-01-06,FR,Organic App Store Search
USR_004011,2025-07-16,US,Organic App Store Search
USR_004012,2025-02-27,US,Organic App Store Search
USR_004013,2025-08-05,DE,Web Referral
USR_004014,2025-01-26,DE,Organic App Store Search
USR_004015,2025-01-05,FR,Social Media Campaign
USR_004016,2025-01-20,AU,Organic App Store Search
USR_004017,2025-07-17,US,Apple Search Ads
USR_004018,2025-02-28,UK,Apple Search Ads
USR_004019,2025-08-30,US,Apple Search Ads
USR_004020,2025-05-26,CA,Social Media Campaign
USR_004021,2025-09-06,UK,Social Media Campaign
USR_004022,2025-01-14,CA,Social Media Campaign
USR_004023,2025-01-13,FR,Organic App Store Search
USR_004024,2025-02-13,CA,Apple Search Ads
USR_004025,2025-01-19,US,Organic App Store Search
USR_004026,2025-03-04,US,Organic App Store Search
USR_004027,2025-08-27,FR,Social Media Campaign
USR_004028,2025-04-10,US,Social Media Campaign
USR_004029,2025-06-12,US,Organic App Store Search
USR_004030,2025-05-02,US,Web Referral
USR_004031,2025-02-13,UK,Social Media Campaign
USR_004032,2025-05-25,US,Organic App Store Search
USR_004033,2025-02-19,FR,Organic App Store Search
USR_004034,2025-03-06,JP,Web Referral
USR_004035,2025-06-13,JP,Apple Search Ads
USR_004036,2025-05-21,US,Organic App Store Search
USR_004037,2025-05-08,FR,Apple Search Ads
USR_004038,2025-08-27,JP,Apple Search Ads
USR_004039,2025-07-06,FR,Apple Search Ads
USR_004040,2025-07-27,CA,Apple Search Ads
USR_004041,2025-08-08,AU,Apple Search Ads
USR_004042,2025-07-09,US,Apple Search Ads
USR_004043,2025-08-25,FR,Web Referral
USR_004044,2025-07-13,US,Web Referral
USR_004045,2025-09-16,US,Apple Search Ads
USR_004046,2025-09-03,JP,Web Referral
USR_004047,2025-05-16,US,Social Media Campaign
USR_004048,2025-06-20,US,Organic App Store Search
USR_004049,2025-06-08,JP,Web Referral
USR_004050,2025-07-20,JP,Organic App Store Search
USR_004051,2025-02-14,US,Organic App Store Search
USR_004052,2025-09-21,FR,Apple Search Ads
USR_004053,2025-03-12,US,Apple Search Ads
USR_004054,2025-04-13,US,Apple Search Ads
USR_004055,2025-05-05,US,Social Media Campaign
USR_004056,2025-08-18,US,Organic App Store Search
USR_004057,2025-05-26,US,Web Referral
USR_004058,2025-07-16,US,Organic App Store Search
USR_004059,2025-08-09,FR,Web Referral
USR_004060,2025-03-01,CA,Organic App Store Search
USR_004061,2025-04-08,FR,Apple Search Ads
USR_004062,2025-06-20,AU,Organic App Store Search
USR_004063,2025-06-22,US,Apple Search Ads
USR_004064,2025-05-31,FR,Organic App Store Search
USR_004065,2025-05-02,FR,Organic App Store Search
USR_004066,2025-04-18,US,Organic App Store Search
USR_004067,2025-01-04,US,Apple Search Ads
USR_004068,2025-04-03,AU,Web Referral
USR_004069,2025-01-06,AU,Organic App Store Search
USR_004070,2025-04-16,FR,Apple Search Ads
USR_004071,2025-05-26,US,Social Media Campaign
USR_004072,2025-04-06,US,Organic App Store Search
USR_004073,2025-08-17,UK,Organic App Store Search
USR_004074,2025-07-21,CA,Organic App Store Search
USR_004075,2025-07-31,US,Organic App Store Search
USR_004076,2025-01-06,US,Organic App Store Search
USR_004077,2025-04-22,UK,Organic App Store Search
USR_004078,2025-04-16,AU,Organic App Store Search
USR_004079,2025-05-19,US,Social Media Campaign
USR_004080,2025-04-06,UK,Social Media Campaign
USR_004081,2025-08-02,DE,Social Media Campaign
USR_004082,2025-01-22,JP,Apple Search Ads
USR_004083,2025-07-12,US,Organic App Store Search
USR_004084,2025-05-30,US,Organic App Store Search
USR_004085,2025-09-04,FR,Organic App Store Search
USR_004086,2025-09-24,US,Apple Search Ads
USR_004087,2025-09-08,AU,Web Referral
USR_004088,2025-01-03,CA,Organic App Store Search
USR_004089,2025-03-17,US,Organic App Store Search
USR_004090,2025-03-28,CA,Apple Search Ads
USR_004091,2025-09-27,CA,Social Media Campaign
USR_004092,2025-08-13,UK,Organic App Store Search
USR_004093,2025-01-18,US,Organic App Store Search
USR_004094,2025-04-23,JP,Social Media Campaign
USR_004095,2025-09-08,US,Organic App Store Search
USR_004096,2025-08-21,CA,Apple Search Ads
USR_004097,2025-07-21,FR,Social Media Campaign
USR_004098,2025-03-24,US,Web Referral
USR_004099,2025-05-05,DE,Organic App Store Search
USR_004100,2025-06-24,JP,Organic App Store Search
USR_004101,2025-03-10,US,Organic App Store Search
USR_004102,2025-02-16,US,Apple Search Ads
USR_004103,2025-09-13,FR,Apple Search Ads
USR_004104,2025-08-03,US,Web Referral
USR_004105,2025-01-30,US,Apple Search Ads
USR_004106,2025-08-25,FR,Apple Search Ads
USR_004107,2025-09-05,DE,Organic App Store Search
USR_004108,2025-01-25,JP,Organic App Store Search
USR_004109,2025-03-15,US,Organic App Store Search
USR_004110,2025-07-25,US,Organic App Store Search
USR_004111,2025-04-04,US,Social Media Campaign
USR_004112,2025-05-07,CA,Apple Search Ads
USR_004113,2025-01-25,CA,Organic App Store Search
USR_004114,2025-04-26,US,Organic App Store Search
USR_004115,2025-02-17,US,Organic App Store Search
USR_004116,2025-08-14,CA,Organic App Store Search
USR_004117,2025-09-23,UK,Social Media Campaign
USR_004118,2025-04-09,US,Web Referral
USR_004119,2025-01-11,FR,Organic App Store Search
USR_004120,2025-03-26,US,Social Media Campaign
USR_004121,2025-08-02,AU,Organic App Store Search
USR_004122,2025-06-22,FR,Organic App Store Search
USR_004123,2025-07-28,UK,Apple Search Ads
USR_004124,2025-03-05,US,Organic App Store Search
USR_004125,2025-09-15,US,Organic App Store Search
USR_004126,2025-05-01,FR,Organic App Store Search
USR_004127,2025-02-23,US,Organic App Store Search
USR_004128,2025-08-29,AU,Organic App Store Search
USR_004129,2025-08-31,JP,Organic App Store Search
USR_004130,2025-01-18,JP,Organic App Store Search
USR_004131,2025-07-06,UK,Apple Search Ads
USR_004132,2025-05-24,DE,Organic App Store Search
USR_004133,2025-09-19,JP,Organic App Store Search
USR_004134,2025-08-27,US,Organic App Store Search
USR_004135,2025-03-17,US,Social Media Campaign
USR_004136,2025-07-07,US,Organic App Store Search
USR_004137,2025-09-03,US,Social Media Campaign
USR_004138,2025-05-10,FR,Organic App Store Search
USR_004139,2025-03-20,UK,Web Referral
USR_004140,2025-03-13,FR,Organic App Store Search
USR_004141,2025-09-20,DE,Organic App Store Search
USR_004142,2025-07-10,CA,Apple Search Ads
USR_004143,2025-03-04,CA,Apple Search Ads
USR_004144,2025-01-12,US,Apple Search Ads
USR_004145,2025-05-21,FR,Organic App Store Search
USR_004146,2025-09-11,US,Organic App Store Search
USR_004147,2025-02-12,UK,Apple Search Ads
USR_004148,2025-01-17,US,Web Referral
USR_004149,2025-03-04,FR,Web Referral
USR_004150,2025-09-10,FR,Apple Search Ads
USR_004151,2025-01-08,UK,Organic App Store Search
USR_004152,2025-03-31,UK,Organic App Store Search
USR_004153,2025-07-27,AU,Social Media Campaign
USR_004154,2025-04-28,US,Social Media Campaign
USR_004155,2025-06-24,US,Web Referral
USR_004156,2025-03-17,CA,Apple Search Ads
USR_004157,2025-04-11,US,Social Media Campaign
USR_004158,2025-05-31,UK,Social Media Campaign
USR_004159,2025-09-27,UK,Apple Search Ads
USR_004160,2025-03-12,US,Social Media Campaign
USR_004161,2025-06-29,US,Organic App Store Search
USR_004162,2025-05-04,US,Apple Search Ads
USR_004163,2025-07-14,US,Web Referral
USR_004164,2025-08-16,UK,Organic App Store Search
USR_004165,2025-04-16,CA,Apple Search Ads
USR_004166,2025-01-21,JP,Organic App Store Search
USR_004167,2025-03-05,US,Social Media Campaign
USR_004168,2025-06-14,FR,Apple Search Ads
USR_004169,2025-01-27,US,Web Referral
USR_004170,2025-05-28,UK,Apple Search Ads
USR_004171,2025-06-13,UK,Organic App Store Search
USR_004172,2025-08-12,UK,Organic App Store Search
USR_004173,2025-05-26,AU,Social Media Campaign
USR_004174,2025-01-30,US,Organic App Store Search
USR_004175,2025-02-14,US,Apple Search Ads
USR_004176,2025-02-03,FR,Organic App Store Search
USR_004177,2025-05-21,US,Social Media Campaign
USR_004178,2025-08-09,US,Organic App Store Search
USR_004179,2025-01-22,US,Web Referral
USR_004180,2025-06-29,US,Apple Search Ads
USR_004181,2025-08-19,UK,Organic App Store Search
USR_004182,2025-02-07,UK,Apple Search Ads
USR_004183,2025-03-11,US,Web Referral
USR_004184,2025-04-26,US,Social Media Campaign
USR_004185,2025-08-27,AU,Organic App Store Search
USR_004186,2025-05-28,DE,Web Referral
USR_004187,2025-01-09,JP,Organic App Store Search
USR_004188,2025-02-19,FR,Organic App Store Search
USR_004189,2025-01-05,FR,Apple Search Ads
USR_004190,2025-05-06,DE,Organic App Store Search
USR_004191,2025-03-16,CA,Apple Search Ads
USR_004192,2025-06-14,US,Apple Search Ads
USR_004193,2025-03-18,CA,Apple Search Ads
USR_004194,2025-05-17,US,Organic App Store Search
USR_004195,2025-04-16,FR,Apple Search Ads
USR_004196,2025-04-05,UK,Apple Search Ads
USR_004197,2025-05-15,CA,Apple Search Ads
USR_004198,2025-03-09,US,Social Media Campaign
USR_004199,2025-05-27,UK,Organic App Store Search
USR_004200,2025-06-08,US,Social Media Campaign
USR_004201,2025-06-12,US,Social Media Campaign
USR_004202,2025-07-08,US,Apple Search Ads
USR_004203,2025-04-05,US,Apple Search Ads
USR_004204,2025-06-30,UK,Organic App Store Search
USR_004205,2025-07-06,UK,Organic App Store Search
USR_004206,2025-05-18,FR,Apple Search Ads
USR_004207,2025-05-10,US,Organic App Store Search
USR_004208,2025-07-13,US,Organic App Store Search
USR_004209,2025-05-24,JP,Apple Search Ads
USR_004210,2025-01-16,UK,Social Media Campaign
USR_004211,2025-09-02,UK,Organic App Store Search
USR_004212,2025-04-17,UK,Web Referral
USR_004213,2025-03-29,DE,Organic App Store Search
USR_004214,2025-05-09,US,Apple Search Ads
USR_004215,2025-01-04,US,Apple Search Ads
USR_004216,2025-04-05,DE,Organic App Store Search
USR_004217,2025-07-28,US,Web Referral
USR_004218,2025-08-13,FR,Organic App Store Search
USR_004219,2025-02-16,US,Organic App Store Search
USR_004220,2025-06-30,UK,Apple Search Ads
USR_004221,2025-04-16,DE,Apple Search Ads
USR_004222,2025-07-18,US,Web Referral
USR_004223,2025-04-16,FR,Organic App Store Search
USR_004224,2025-09-17,JP,Organic App Store Search
USR_004225,2025-04-18,UK,Organic App Store Search
USR_004226,2025-01-19,FR,Apple Search Ads
USR_004227,2025-06-20,US,Apple Search Ads
USR_004228,2025-07-14,FR,Web Referral
USR_004229,2025-01-12,US,Apple Search Ads
USR_004230,2025-07-14,US,Web Referral
USR_004231,2025-07-01,US,Web Referral
USR_004232,2025-05-24,US,Organic App Store Search
USR_004233,2025-07-01,US,Organic App Store Search
USR_004234,2025-01-30,FR,Organic App Store Search
USR_004235,2025-03-25,FR,Organic App Store Search
USR_004236,2025-06-15,US,Apple Search Ads
USR_004237,2025-04-06,US,Organic App Store Search
USR_004238,2025-09-23,FR,Organic App Store Search
USR_004239,2025-08-13,US,Organic App Store Search
USR_004240,2025-02-11,US,Organic App Store Search
USR_004241,2025-09-03,UK,Organic App Store Search
USR_004242,2025-07-27,US,Organic App Store Search
USR_004243,2025-08-25,US,Organic App Store Search
USR_004244,2025-01-22,AU,Organic App Store Search
USR_004245,2025-07-04,CA,Social Media Campaign
USR_004246,2025-08-30,US,Organic App Store Search
USR_004247,2025-02-10,FR,Social Media Campaign
USR_004248,2025-06-11,UK,Apple Search Ads
USR_004249,2025-06-09,US,Organic App Store Search
USR_004250,2025-03-30,US,Apple Search Ads
USR_004251,2025-01-12,US,Organic App Store Search
USR_004252,2025-03-14,US,Organic App Store Search
USR_004253,2025-03-17,US,Social Media Campaign
USR_004254,2025-07-20,US,Web Referral
USR_004255,2025-01-10,US,Web Referral
USR_004256,2025-08-14,CA,Apple Search Ads
USR_004257,2025-06-25,DE,Organic App Store Search
USR_004258,2025-02-08,UK,Organic App Store Search
USR_004259,2025-03-01,CA,Apple Search Ads
USR_004260,2025-03-07,FR,Social Media Campaign
USR_004261,2025-05-04,CA,Organic App Store Search
USR_004262,2025-06-13,US,Web Referral
USR_004263,2025-06-08,US,Organic App Store Search
USR_004264,2025-02-26,FR,Apple Search Ads
USR_004265,2025-03-19,US,Web Referral
USR_004266,2025-07-13,US,Web Referral
USR_004267,2025-01-15,UK,Apple Search Ads
USR_004268,2025-01-12,CA,Organic App Store Search
USR_004269,2025-04-11,DE,Organic App Store Search
USR_004270,2025-06-05,US,Organic App Store Search
USR_004271,2025-05-05,US,Apple Search Ads
USR_004272,2025-04-20,JP,Apple Search Ads
USR_004273,2025-05-26,US,Apple Search Ads
USR_004274,2025-08-04,US,Organic App Store Search
USR_004275,2025-06-11,UK,Organic App Store Search
USR_004276,2025-05-08,DE,Apple Search Ads
USR_004277,2025-05-30,DE,Web Referral
USR_004278,2025-02-05,FR,Organic App Store Search
USR_004279,2025-06-22,US,Social Media Campaign
USR_004280,2025-01-22,US,Organic App Store Search
USR_004281,2025-07-25,US,Apple Search Ads
USR_004282,2025-05-07,FR,Web Referral
USR_004283,2025-08-05,UK,Organic App Store Search
USR_004284,2025-04-06,US,Organic App Store Search
USR_004285,2025-06-13,AU,Organic App Store Search
USR_004286,2025-05-28,US,Organic App Store Search
USR_004287,2025-01-18,UK,Apple Search Ads
USR_004288,2025-07-14,FR,Organic App Store Search
USR_004289,2025-05-31,US,Organic App Store Search
USR_004290,2025-05-03,US,Apple Search Ads
USR_004291,2025-07-06,US,Apple Search Ads
USR_004292,2025-05-29,US,Organic App Store Search
USR_004293,2025-04-14,US,Apple Search Ads
USR_004294,2025-08-31,CA,Apple Search Ads
USR_004295,2025-08-19,US,Organic App Store Search
USR_004296,2025-07-25,FR,Apple Search Ads
USR_004297,2025-07-17,US,Social Media Campaign
USR_004298,2025-03-28,US,Organic App Store Search
USR_004299,2025-05-22,US,Social Media Campaign
USR_004300,2025-07-18,DE,Social Media Campaign
USR_004301,2025-02-15,US,Social Media Campaign
USR_004302,2025-01-15,DE,Apple Search Ads
USR_004303,2025-02-13,DE,Apple Search Ads
USR_004304,2025-06-18,FR,Social Media Campaign
USR_004305,2025-02-13,DE,Apple Search Ads
USR_004306,2025-04-08,US,Organic App Store Search
USR_004307,2025-09-18,DE,Organic App Store Search
USR_004308,2025-04-19,FR,Organic App Store Search
USR_004309,2025-04-14,JP,Organic App Store Search
USR_004310,2025-09-13,US,Organic App Store Search
USR_004311,2025-07-25,CA,Organic App Store Search
USR_004312,2025-02-12,US,Web Referral
USR_004313,2025-09-02,US,Web Referral
USR_004314,2025-03-24,AU,Social Media Campaign
USR_004315,2025-04-20,JP,Web Referral
USR_004316,2025-07-09,UK,Web Referral
USR_004317,2025-09-08,FR,Social Media Campaign
USR_004318,2025-07-31,US,Organic App Store Search
USR_004319,2025-05-13,US,Organic App Store Search
USR_004320,2025-07-20,UK,Apple Search Ads
USR_004321,2025-04-05,US,Organic App Store Search
USR_004322,2025-08-07,FR,Social Media Campaign
USR_004323,2025-03-30,US,Organic App Store Search
USR_004324,2025-03-13,US,Organic App Store Search
USR_004325,2025-09-04,UK,Organic App Store Search
USR_004326,2025-05-09,US,Apple Search Ads
USR_004327,2025-07-31,FR,Apple Search Ads
USR_004328,2025-04-06,UK,Apple Search Ads
USR_004329,2025-03-16,US,Organic App Store Search
USR_004330,2025-02-23,DE,Apple Search Ads
USR_004331,2025-02-23,US,Apple Search Ads
USR_004332,2025-08-06,DE,Social Media Campaign
USR_004333,2025-01-16,US,Organic App Store Search
USR_004334,2025-04-09,US,Organic App Store Search
USR_004335,2025-01-20,JP,Organic App Store Search
USR_004336,2025-02-15,DE,Social Media Campaign
USR_004337,2025-07-12,US,Organic App Store Search
USR_004338,2025-02-27,CA,Organic App Store Search
USR_004339,2025-04-21,FR,Organic App Store Search
USR_004340,2025-05-09,US,Social Media Campaign
USR_004341,2025-07-13,US,Apple Search Ads
USR_004342,2025-01-08,UK,Apple Search Ads
USR_004343,2025-01-29,US,Apple Search Ads
USR_004344,2025-04-22,US,Organic App Store Search
USR_004345,2025-06-10,FR,Organic App Store Search
USR_004346,2025-05-11,US,Organic App Store Search
USR_004347,2025-07-07,DE,Organic App Store Search
USR_004348,2025-06-12,UK,Social Media Campaign
USR_004349,2025-07-16,UK,Apple Search Ads
USR_004350,2025-07-23,CA,Apple Search Ads
USR_004351,2025-07-31,US,Organic App Store Search
USR_004352,2025-04-19,US,Organic App Store Search
USR_004353,2025-03-14,US,Organic App Store Search
USR_004354,2025-06-16,DE,Apple Search Ads
USR_004355,2025-09-17,US,Organic App Store Search
USR_004356,2025-08-31,US,Organic App Store Search
USR_004357,2025-04-12,JP,Apple Search Ads
USR_004358,2025-06-22,JP,Web Referral
USR_004359,2025-06-20,US,Organic App Store Search
USR_004360,2025-05-21,US,Organic App Store Search
USR_004361,2025-07-07,AU,Organic App Store Search
USR_004362,2025-03-27,DE,Apple Search Ads
USR_004363,2025-02-21,US,Organic App Store Search
USR_004364,2025-04-21,US,Apple Search Ads
USR_004365,2025-02-12,DE,Apple Search Ads
USR_004366,2025-07-30,FR,Organic App Store Search
USR_004367,2025-07-19,DE,Organic App Store Search
USR_004368,2025-08-28,US,Organic App Store Search
USR_004369,2025-04-25,US,Organic App Store Search
USR_004370,2025-01-26,CA,Organic App Store Search
USR_004371,2025-03-18,US,Apple Search Ads
USR_004372,2025-05-17,US,Apple Search Ads
USR_004373,2025-01-20,US,Organic App Store Search
USR_004374,2025-07-30,UK,Apple Search Ads
USR_004375,2025-08-28,UK,Organic App Store Search
USR_004376,2025-02-08,DE,Apple Search Ads
USR_004377,2025-09-25,DE,Social Media Campaign
USR_004378,2025-07-26,FR,Social Media Campaign
USR_004379,2025-09-24,DE,Organic App Store Search
USR_004380,2025-06-03,US,Apple Search Ads
USR_004381,2025-02-11,US,Social Media Campaign
USR_004382,2025-01-11,UK,Organic App Store Search
USR_004383,2025-04-08,US,Apple Search Ads
USR_004384,2025-08-18,FR,Social Media Campaign
USR_004385,2025-08-08,US,Organic App Store Search
USR_004386,2025-03-06,US,Organic App Store Search
USR_004387,2025-08-20,UK,Apple Search Ads
USR_004388,2025-02-21,UK,Organic App Store Search
USR_004389,2025-09-20,CA,Organic App Store Search
USR_004390,2025-09-24,UK,Organic App Store Search
USR_004391,2025-06-03,US,Organic App Store Search
USR_004392,2025-05-20,US,Organic App Store Search
USR_004393,2025-02-20,FR,Organic App Store Search
USR_004394,2025-04-27,US,Organic App Store Search
USR_004395,2025-02-15,US,Apple Search Ads
USR_004396,2025-03-29,US,Organic App Store Search
USR_004397,2025-07-27,US,Organic App Store Search
USR_004398,2025-09-26,UK,Organic App Store Search
USR_004399,2025-03-30,CA,Organic App Store Search
USR_004400,2025-04-28,DE,Organic App Store Search
USR_004401,2025-02-23,AU,Organic App Store Search
USR_004402,2025-04-26,US,Apple Search Ads
USR_004403,2025-04-28,UK,Organic App Store Search
USR_004404,2025-09-17,US,Organic App Store Search
USR_004405,2025-03-16,US,Apple Search Ads
USR_004406,2025-01-07,US,Organic App Store Search
USR_004407,2025-05-02,US,Apple Search Ads
USR_004408,2025-01-11,CA,Social Media Campaign
USR_004409,2025-08-03,AU,Organic App Store Search
USR_004410,2025-01-28,FR,Web Referral
USR_004411,2025-08-23,DE,Web Referral
USR_004412,2025-01-26,US,Organic App Store Search
USR_004413,2025-02-23,US,Social Media Campaign
USR_004414,2025-01-29,US,Social Media Campaign
USR_004415,2025-06-13,US,Web Referral
USR_004416,2025-09-27,US,Apple Search Ads
USR_004417,2025-02-04,US,Apple Search Ads
USR_004418,2025-07-27,UK,Organic App Store Search
USR_004419,2025-08-26,AU,Organic App Store Search
USR_004420,2025-04-03,AU,Organic App Store Search
USR_004421,2025-06-22,UK,Organic App Store Search
USR_004422,2025-03-20,UK,Web Referral
USR_004423,2025-04-20,UK,Organic App Store Search
USR_004424,2025-08-05,CA,Apple Search Ads
USR_004425,2025-04-16,US,Organic App Store Search
USR_004426,2025-02-16,AU,Organic App Store Search
USR_004427,2025-06-30,UK,Apple Search Ads
USR_004428,2025-03-05,US,Organic App Store Search
USR_004429,2025-09-03,US,Web Referral
USR_004430,2025-09-01,US,Organic App Store Search
USR_004431,2025-03-28,UK,Organic App Store Search
USR_004432,2025-08-05,DE,Organic App Store Search
USR_004433,2025-01-07,US,Organic App Store Search
USR_004434,2025-07-29,US,Organic App Store Search
USR_004435,2025-06-18,FR,Organic App Store Search
USR_004436,2025-05-18,US,Apple Search Ads
USR_004437,2025-08-18,US,Organic App Store Search
USR_004438,2025-06-10,US,Organic App Store Search
USR_004439,2025-01-01,AU,Social Media Campaign
USR_004440,2025-08-24,CA,Organic App Store Search
USR_004441,2025-07-07,US,Organic App Store Search
USR_004442,2025-01-04,JP,Apple Search Ads
USR_004443,2025-05-12,AU,Apple Search Ads
USR_004444,2025-08-06,US,Social Media Campaign
USR_004445,2025-09-17,AU,Social Media Campaign
USR_004446,2025-01-01,US,Organic App Store Search
USR_004447,2025-03-12,CA,Organic App Store Search
USR_004448,2025-06-27,US,Organic App Store Search
USR_004449,2025-07-08,CA,Social Media Campaign
USR_004450,2025-01-08,US,Organic App Store Search
USR_004451,2025-09-10,FR,Apple Search Ads
USR_004452,2025-09-01,US,Apple Search Ads
USR_004453,2025-05-03,CA,Organic App Store Search
USR_004454,2025-02-01,US,Organic App Store Search
USR_004455,2025-05-26,FR,Organic App Store Search
USR_004456,2025-06-05,DE,Organic App Store Search
USR_004457,2025-01-16,US,Organic App Store Search
USR_004458,2025-02-16,FR,Organic App Store Search
USR_004459,2025-09-08,US,Apple Search Ads
USR_004460,2025-07-06,CA,Social Media Campaign
USR_004461,2025-01-31,AU,Apple Search Ads
USR_004462,2025-09-17,US,Apple Search Ads
USR_004463,2025-01-17,JP,Organic App Store Search
USR_004464,2025-02-08,US,Organic App Store Search
USR_004465,2025-02-08,US,Organic App Store Search
USR_004466,2025-05-12,FR,Organic App Store Search
USR_004467,2025-01-30,AU,Social Media Campaign
USR_004468,2025-06-07,US,Web Referral
USR_004469,2025-07-22,US,Organic App Store Search
USR_004470,2025-03-07,AU,Organic App Store Search
USR_004471,2025-04-18,US,Organic App Store Search
USR_004472,2025-09-25,FR,Organic App Store Search
USR_004473,2025-08-10,AU,Apple Search Ads
USR_004474,2025-01-18,US,Apple Search Ads
USR_004475,2025-03-31,US,Social Media Campaign
USR_004476,2025-06-30,UK,Apple Search Ads
USR_004477,2025-09-12,US,Organic App Store Search
USR_004478,2025-09-10,DE,Web Referral
USR_004479,2025-09-14,JP,Apple Search Ads
USR_004480,2025-03-28,UK,Organic App Store Search
USR_004481,2025-03-31,US,Organic App Store Search
USR_004482,2025-08-25,US,Social Media Campaign
USR_004483,2025-03-11,CA,Organic App Store Search
USR_004484,2025-02-13,CA,Apple Search Ads
USR_004485,2025-07-19,CA,Organic App Store Search
USR_004486,2025-06-01,US,Social Media Campaign
USR_004487,2025-03-27,FR,Apple Search Ads
USR_004488,2025-01-19,US,Apple Search Ads
USR_004489,2025-04-11,AU,Social Media Campaign
USR_004490,2025-04-05,DE,Web Referral
USR_004491,2025-09-11,CA,Social Media Campaign
USR_004492,2025-01-30,US,Organic App Store Search
USR_004493,2025-09-06,CA,Organic App Store Search
USR_004494,2025-02-02,US,Organic App Store Search
USR_004495,2025-08-17,DE,Organic App Store Search
USR_004496,2025-01-12,US,Web Referral
USR_004497,2025-04-28,US,Social Media Campaign
USR_004498,2025-06-04,US,Organic App Store Search
USR_004499,2025-09-03,DE,Organic App Store Search
USR_004500,2025-09-04,UK,Organic App Store Search
USR_004501,2025-01-29,CA,Organic App Store Search
USR_004502,2025-06-10,CA,Organic App Store Search
USR_004503,2025-08-23,DE,Apple Search Ads
USR_004504,2025-07-09,US,Apple Search Ads
USR_004505,2025-04-27,CA,Social Media Campaign
USR_004506,2025-09-15,UK,Organic App Store Search
USR_004507,2025-06-29,US,Organic App Store Search
USR_004508,2025-06-21,US,Social Media Campaign
USR_004509,2025-09-16,US,Organic App Store Search
USR_004510,2025-05-15,US,Organic App Store Search
USR_004511,2025-06-20,US,Organic App Store Search
USR_004512,2025-07-29,US,Social Media Campaign
USR_004513,2025-08-24,UK,Apple Search Ads
USR_004514,2025-07-05,US,Social Media Campaign
USR_004515,2025-04-05,US,Organic App Store Search
USR_004516,2025-01-11,FR,Social Media Campaign
USR_004517,2025-03-09,UK,Apple Search Ads
USR_004518,2025-07-29,US,Organic App Store Search
USR_004519,2025-07-15,UK,Web Referral
USR_004520,2025-04-08,US,Apple Search Ads
USR_004521,2025-04-03,US,Web Referral
USR_004522,2025-01-22,US,Social Media Campaign
USR_004523,2025-06-21,JP,Organic App Store Search
USR_004524,2025-05-14,AU,Apple Search Ads
USR_004525,2025-01-25,DE,Organic App Store Search
USR_004526,2025-07-04,JP,Apple Search Ads
USR_004527,2025-03-26,FR,Apple Search Ads
USR_004528,2025-02-24,AU,Social Media Campaign
USR_004529,2025-09-08,CA,Organic App Store Search
USR_004530,2025-05-24,US,Apple Search Ads
USR_004531,2025-06-16,US,Organic App Store Search
USR_004532,2025-08-12,UK,Organic App Store Search
USR_004533,2025-08-08,UK,Social Media Campaign
USR_004534,2025-06-28,JP,Organic App Store Search
USR_004535,2025-04-29,US,Organic App Store Search
USR_004536,2025-09-22,CA,Organic App Store Search
USR_004537,2025-05-30,UK,Organic App Store Search
USR_004538,2025-08-03,US,Organic App Store Search
USR_004539,2025-07-16,UK,Apple Search Ads
USR_004540,2025-02-11,UK,Apple Search Ads
USR_004541,2025-02-22,UK,Organic App Store Search
USR_004542,2025-09-08,UK,Organic App Store Search
USR_004543,2025-05-03,US,Organic App Store Search
USR_004544,2025-09-23,UK,Apple Search Ads
USR_004545,2025-01-29,CA,Organic App Store Search
USR_004546,2025-02-04,UK,Organic App Store Search
USR_004547,2025-01-06,UK,Organic App Store Search
USR_004548,2025-04-21,US,Organic App Store Search
USR_004549,2025-03-18,US,Apple Search Ads
USR_004550,2025-05-27,US,Organic App Store Search
USR_004551,2025-03-08,US,Organic App Store Search
USR_004552,2025-01-08,UK,Organic App Store Search
USR_004553,2025-05-02,FR,Web Referral
USR_004554,2025-06-24,US,Apple Search Ads
USR_004555,2025-06-28,US,Organic App Store Search
USR_004556,2025-03-26,US,Organic App Store Search
USR_004557,2025-02-14,US,Social Media Campaign
USR_004558,2025-05-16,UK,Organic App Store Search
USR_004559,2025-01-16,DE,Web Referral
USR_004560,2025-07-14,DE,Organic App Store Search
USR_004561,2025-01-09,US,Organic App Store Search
USR_004562,2025-01-15,FR,Apple Search Ads
USR_004563,2025-04-12,US,Apple Search Ads
USR_004564,2025-08-14,CA,Web Referral
USR_004565,2025-04-23,CA,Social Media Campaign
USR_004566,2025-01-01,CA,Organic App Store Search
USR_004567,2025-09-23,US,Apple Search Ads
USR_004568,2025-07-27,US,Social Media Campaign
USR_004569,2025-04-20,UK,Apple Search Ads
USR_004570,2025-07-19,US,Organic App Store Search
USR_004571,2025-01-12,US,Organic App Store Search
USR_004572,2025-07-07,UK,Organic App Store Search
USR_004573,2025-06-03,UK,Social Media Campaign
USR_004574,2025-06-20,CA,Organic App Store Search
USR_004575,2025-05-14,US,Organic App Store Search
USR_004576,2025-01-25,DE,Social Media Campaign
USR_004577,2025-01-18,US,Organic App Store Search
USR_004578,2025-07-09,FR,Apple Search Ads
USR_004579,2025-05-21,US,Social Media Campaign
USR_004580,2025-02-12,UK,Organic App Store Search
USR_004581,2025-05-26,FR,Organic App Store Search
USR_004582,2025-04-02,US,Organic App Store Search
USR_004583,2025-06-28,US,Apple Search Ads
USR_004584,2025-02-25,US,Apple Search Ads
USR_004585,2025-06-04,US,Organic App Store Search
USR_004586,2025-06-09,UK,Organic App Store Search
USR_004587,2025-04-21,US,Apple Search Ads
USR_004588,2025-05-17,FR,Organic App Store Search
USR_004589,2025-08-20,CA,Social Media Campaign
USR_004590,2025-08-08,US,Apple Search Ads
USR_004591,2025-03-09,DE,Apple Search Ads
USR_004592,2025-09-06,US,Web Referral
USR_004593,2025-01-06,US,Organic App Store Search
USR_004594,2025-04-04,US,Organic App Store Search
USR_004595,2025-09-26,CA,Apple Search Ads
USR_004596,2025-07-16,US,Organic App Store Search
USR_004597,2025-01-25,CA,Apple Search Ads
USR_004598,2025-05-28,US,Web Referral
USR_004599,2025-04-28,JP,Social Media Campaign
USR_004600,2025-03-07,AU,Apple Search Ads
USR_004601,2025-06-24,US,Social Media Campaign
USR_004602,2025-03-17,AU,Organic App Store Search
USR_004603,2025-04-24,UK,Organic App Store Search
USR_004604,2025-04-21,US,Organic App Store Search
USR_004605,2025-09-06,US,Organic App Store Search
USR_004606,2025-07-22,US,Organic App Store Search
USR_004607,2025-05-27,DE,Social Media Campaign
USR_004608,2025-02-04,UK,Social Media Campaign
USR_004609,2025-01-26,US,Apple Search Ads
USR_004610,2025-08-26,US,Organic App Store Search
USR_004611,2025-01-14,UK,Organic App Store Search
USR_004612,2025-02-14,UK,Web Referral
USR_004613,2025-08-04,AU,Apple Search Ads
USR_004614,2025-08-21,JP,Apple Search Ads
USR_004615,2025-07-12,US,Web Referral
USR_004616,2025-02-20,US,Apple Search Ads
USR_004617,2025-08-02,US,Apple Search Ads
USR_004618,2025-05-31,DE,Organic App Store Search
USR_004619,2025-03-17,US,Organic App Store Search
USR_004620,2025-08-08,US,Apple Search Ads
USR_004621,2025-07-06,AU,Organic App Store Search
USR_004622,2025-01-28,US,Apple Search Ads
USR_004623,2025-06-29,US,Organic App Store Search
USR_004624,2025-09-10,CA,Organic App Store Search
USR_004625,2025-05-06,US,Organic App Store Search
USR_004626,2025-06-26,US,Organic App Store Search
USR_004627,2025-02-06,UK,Social Media Campaign
USR_004628,2025-04-09,US,Organic App Store Search
USR_004629,2025-04-08,US,Apple Search Ads
USR_004630,2025-05-07,FR,Organic App Store Search
USR_004631,2025-06-17,US,Organic App Store Search
USR_004632,2025-03-21,AU,Organic App Store Search
USR_004633,2025-05-06,US,Web Referral
USR_004634,2025-05-30,UK,Organic App Store Search
USR_004635,2025-01-16,US,Social Media Campaign
USR_004636,2025-01-28,US,Organic App Store Search
USR_004637,2025-06-22,US,Organic App Store Search
USR_004638,2025-02-15,UK,Social Media Campaign
USR_004639,2025-08-24,UK,Apple Search Ads
USR_004640,2025-08-02,US,Apple Search Ads
USR_004641,2025-03-26,JP,Organic App Store Search
USR_004642,2025-08-20,US,Organic App Store Search
USR_004643,2025-03-26,UK,Organic App Store Search
USR_004644,2025-03-06,US,Social Media Campaign
USR_004645,2025-05-14,UK,Organic App Store Search
USR_004646,2025-05-31,DE,Web Referral
USR_004647,2025-04-25,UK,Organic App Store Search
USR_004648,2025-03-05,US,Apple Search Ads
USR_004649,2025-06-07,US,Organic App Store Search
USR_004650,2025-03-18,DE,Organic App Store Search
USR_004651,2025-05-26,US,Organic App Store Search
USR_004652,2025-08-13,US,Organic App Store Search
USR_004653,2025-04-13,US,Web Referral
USR_004654,2025-03-29,US,Apple Search Ads
USR_004655,2025-06-17,US,Apple Search Ads
USR_004656,2025-06-19,FR,Organic App Store Search
USR_004657,2025-05-15,AU,Web Referral
USR_004658,2025-02-19,UK,Organic App Store Search
USR_004659,2025-05-14,US,Social Media Campaign
USR_004660,2025-05-17,UK,Organic App Store Search
USR_004661,2025-09-02,UK,Organic App Store Search
USR_004662,2025-04-19,UK,Web Referral
USR_004663,2025-01-21,US,Organic App Store Search
USR_004664,2025-03-31,JP,Social Media Campaign
USR_004665,2025-04-22,UK,Organic App Store Search
USR_004666,2025-03-18,FR,Apple Search Ads
USR_004667,2025-06-26,US,Social Media Campaign
USR_004668,2025-05-28,US,Apple Search Ads
USR_004669,2025-04-11,US,Apple Search Ads
USR_004670,2025-09-03,DE,Organic App Store Search
USR_004671,2025-04-27,US,Organic App Store Search
USR_004672,2025-04-02,DE,Organic App Store Search
USR_004673,2025-01-28,DE,Organic App Store Search
USR_004674,2025-01-25,CA,Social Media Campaign
USR_004675,2025-02-27,CA,Organic App Store Search
USR_004676,2025-05-14,AU,Apple Search Ads
USR_004677,2025-09-06,CA,Social Media Campaign
USR_004678,2025-02-07,US,Organic App Store Search
USR_004679,2025-03-16,CA,Social Media Campaign
USR_004680,2025-05-22,FR,Web Referral
USR_004681,2025-06-17,US,Organic App Store Search
USR_004682,2025-09-16,FR,Organic App Store Search
USR_004683,2025-08-13,US,Organic App Store Search
USR_004684,2025-06-01,US,Social Media Campaign
USR_004685,2025-01-19,US,Organic App Store Search
USR_004686,2025-05-26,US,Apple Search Ads
USR_004687,2025-08-29,DE,Organic App Store Search
USR_004688,2025-08-25,FR,Social Media Campaign
USR_004689,2025-02-04,DE,Social Media Campaign
USR_004690,2025-07-09,JP,Web Referral
USR_004691,2025-01-01,US,Organic App Store Search
USR_004692,2025-06-02,US,Organic App Store Search
USR_004693,2025-05-06,UK,Organic App Store Search
USR_004694,2025-08-14,DE,Organic App Store Search
USR_004695,2025-08-09,US,Organic App Store Search
USR_004696,2025-07-30,JP,Web Referral
USR_004697,2025-01-25,CA,Social Media Campaign
USR_004698,2025-01-16,JP,Organic App Store Search
USR_004699,2025-07-01,US,Social Media Campaign
USR_004700,2025-05-09,UK,Organic App Store Search
USR_004701,2025-02-11,DE,Organic App Store Search
USR_004702,2025-08-24,DE,Social Media Campaign
USR_004703,2025-02-03,US,Web Referral
USR_004704,2025-02-14,FR,Organic App Store Search
USR_004705,2025-05-14,FR,Social Media Campaign
USR_004706,2025-01-21,US,Social Media Campaign
USR_004707,2025-05-02,US,Organic App Store Search
USR_004708,2025-03-11,UK,Organic App Store Search
USR_004709,2025-02-17,UK,Apple Search Ads
USR_004710,2025-02-08,AU,Social Media Campaign
USR_004711,2025-01-10,US,Organic App Store Search
USR_004712,2025-01-30,CA,Organic App Store Search
USR_004713,2025-09-01,CA,Apple Search Ads
USR_004714,2025-03-29,US,Apple Search Ads
USR_004715,2025-09-01,UK,Apple Search Ads
USR_004716,2025-01-15,US,Organic App Store Search
USR_004717,2025-01-04,US,Social Media Campaign
USR_004718,2025-07-10,UK,Apple Search Ads
USR_004719,2025-06-17,JP,Social Media Campaign
USR_004720,2025-01-09,US,Web Referral
USR_004721,2025-04-19,US,Social Media Campaign
USR_004722,2025-05-17,US,Web Referral
USR_004723,2025-06-03,US,Web Referral
USR_004724,2025-07-28,US,Apple Search Ads
USR_004725,2025-05-23,AU,Apple Search Ads
USR_004726,2025-04-09,US,Apple Search Ads
USR_004727,2025-03-10,JP,Apple Search Ads
USR_004728,2025-09-04,US,Organic App Store Search
USR_004729,2025-09-18,FR,Organic App Store Search
USR_004730,2025-03-20,FR,Organic App Store Search
USR_004731,2025-05-26,UK,Organic App Store Search
USR_004732,2025-04-21,US,Organic App Store Search
USR_004733,2025-09-15,UK,Web Referral
USR_004734,2025-04-03,CA,Organic App Store Search
USR_004735,2025-01-13,FR,Organic App Store Search
USR_004736,2025-09-17,UK,Apple Search Ads
USR_004737,2025-04-19,US,Organic App Store Search
USR_004738,2025-07-08,DE,Social Media Campaign
USR_004739,2025-04-05,JP,Organic App Store Search
USR_004740,2025-04-15,CA,Organic App Store Search
USR_004741,2025-01-08,FR,Social Media Campaign
USR_004742,2025-03-08,UK,Apple Search Ads
USR_004743,2025-07-10,CA,Social Media Campaign
USR_004744,2025-09-13,CA,Organic App Store Search
USR_004745,2025-01-09,AU,Organic App Store Search
USR_004746,2025-04-27,US,Apple Search Ads
USR_004747,2025-09-24,UK,Organic App Store Search
USR_004748,2025-04-09,UK,Organic App Store Search
USR_004749,2025-06-13,US,Organic App Store Search
USR_004750,2025-05-21,US,Social Media Campaign
USR_004751,2025-09-25,DE,Apple Search Ads
USR_004752,2025-02-06,UK,Organic App Store Search
USR_004753,2025-03-15,US,Organic App Store Search
USR_004754,2025-03-14,DE,Web Referral
USR_004755,2025-07-18,FR,Organic App Store Search
USR_004756,2025-05-10,UK,Apple Search Ads
USR_004757,2025-09-03,US,Apple Search Ads
USR_004758,2025-03-01,FR,Apple Search Ads
USR_004759,2025-04-13,FR,Organic App Store Search
USR_004760,2025-05-31,US,Web Referral
USR_004761,2025-06-06,US,Organic App Store Search
USR_004762,2025-07-25,US,Organic App Store Search
USR_004763,2025-06-28,CA,Organic App Store Search
USR_004764,2025-07-16,US,Organic App Store Search
USR_004765,2025-08-11,UK,Organic App Store Search
USR_004766,2025-03-30,US,Web Referral
USR_004767,2025-08-24,FR,Organic App Store Search
USR_004768,2025-07-02,US,Social Media Campaign
USR_004769,2025-07-28,UK,Organic App Store Search
USR_004770,2025-05-10,JP,Organic App Store Search
USR_004771,2025-06-02,US,Organic App Store Search
USR_004772,2025-01-13,US,Apple Search Ads
USR_004773,2025-05-02,DE,Apple Search Ads
USR_004774,2025-08-08,US,Social Media Campaign
USR_004775,2025-04-16,DE,Apple Search Ads
USR_004776,2025-03-11,US,Organic App Store Search
USR_004777,2025-07-14,US,Organic App Store Search
USR_004778,2025-07-05,FR,Web Referral
USR_004779,2025-04-09,UK,Web Referral
USR_004780,2025-03-23,AU,Organic App Store Search
USR_004781,2025-03-16,US,Organic App Store Search
USR_004782,2025-07-11,US,Apple Search Ads
USR_004783,2025-08-02,DE,Social Media Campaign
USR_004784,2025-05-24,US,Apple Search Ads
USR_004785,2025-08-04,UK,Organic App Store Search
USR_004786,2025-01-15,US,Social Media Campaign
USR_004787,2025-08-05,US,Organic App Store Search
USR_004788,2025-02-04,DE,Organic App Store Search
USR_004789,2025-07-02,DE,Organic App Store Search
USR_004790,2025-09-27,CA,Organic App Store Search
USR_004791,2025-04-10,CA,Web Referral
USR_004792,2025-01-07,UK,Apple Search Ads
USR_004793,2025-01-30,UK,Social Media Campaign
USR_004794,2025-05-24,AU,Organic App Store Search
USR_004795,2025-04-21,US,Social Media Campaign
USR_004796,2025-08-20,US,Apple Search Ads
USR_004797,2025-06-28,FR,Organic App Store Search
USR_004798,2025-03-13,US,Social Media Campaign
USR_004799,2025-07-29,US,Organic App Store Search
USR_004800,2025-08-08,UK,Organic App Store Search
USR_004801,2025-03-21,AU,Organic App Store Search
USR_004802,2025-03-24,UK,Organic App Store Search
USR_004803,2025-02-11,US,Organic App Store Search
USR_004804,2025-07-10,JP,Social Media Campaign
USR_004805,2025-06-22,AU,Organic App Store Search
USR_004806,2025-01-07,DE,Organic App Store Search
USR_004807,2025-06-04,US,Apple Search Ads
USR_004808,2025-01-10,US,Organic App Store Search
USR_004809,2025-02-03,US,Social Media Campaign
USR_004810,2025-02-05,US,Social Media Campaign
USR_004811,2025-01-06,US,Organic App Store Search
USR_004812,2025-08-03,US,Apple Search Ads
USR_004813,2025-05-14,UK,Organic App Store Search
USR_004814,2025-05-06,CA,Apple Search Ads
USR_004815,2025-06-23,DE,Organic App Store Search
USR_004816,2025-06-01,US,Organic App Store Search
USR_004817,2025-01-26,US,Organic App Store Search
USR_004818,2025-04-25,US,Apple Search Ads
USR_004819,2025-03-16,US,Organic App Store Search
USR_004820,2025-06-15,US,Organic App Store Search
USR_004821,2025-07-08,UK,Web Referral
USR_004822,2025-03-19,FR,Organic App Store Search
USR_004823,2025-03-31,DE,Apple Search Ads
USR_004824,2025-06-25,CA,Organic App Store Search
USR_004825,2025-01-21,FR,Social Media Campaign
USR_004826,2025-02-23,CA,Organic App Store Search
USR_004827,2025-07-03,DE,Organic App Store Search
USR_004828,2025-08-10,UK,Apple Search Ads
USR_004829,2025-06-28,UK,Social Media Campaign
USR_004830,2025-04-22,AU,Social Media Campaign
USR_004831,2025-08-12,US,Organic App Store Search
USR_004832,2025-08-02,CA,Social Media Campaign
USR_004833,2025-02-28,FR,Apple Search Ads
USR_004834,2025-04-19,AU,Web Referral
USR_004835,2025-06-06,US,Web Referral
USR_004836,2025-07-10,US,Apple Search Ads
USR_004837,2025-07-19,DE,Apple Search Ads
USR_004838,2025-07-15,JP,Apple Search Ads
USR_004839,2025-02-04,US,Apple Search Ads
USR_004840,2025-09-03,DE,Organic App Store Search
USR_004841,2025-08-25,FR,Organic App Store Search
USR_004842,2025-04-14,US,Organic App Store Search
USR_004843,2025-01-07,DE,Web Referral
USR_004844,2025-01-01,US,Organic App Store Search
USR_004845,2025-08-07,UK,Organic App Store Search
USR_004846,2025-08-18,UK,Organic App Store Search
USR_004847,2025-06-21,CA,Apple Search Ads
USR_004848,2025-03-28,AU,Web Referral
USR_004849,2025-02-10,US,Apple Search Ads
USR_004850,2025-05-03,FR,Organic App Store Search
USR_004851,2025-06-27,DE,Web Referral
USR_004852,2025-03-04,DE,Organic App Store Search
USR_004853,2025-06-14,UK,Web Referral
USR_004854,2025-07-06,US,Organic App Store Search
USR_004855,2025-07-28,UK,Social Media Campaign
USR_004856,2025-08-15,FR,Organic App Store Search
USR_004857,2025-02-17,US,Web Referral
USR_004858,2025-08-12,JP,Organic App Store Search
USR_004859,2025-01-03,DE,Organic App Store Search
USR_004860,2025-06-24,AU,Social Media Campaign
USR_004861,2025-04-09,CA,Organic App Store Search
USR_004862,2025-04-26,UK,Social Media Campaign
USR_004863,2025-09-27,AU,Apple Search Ads
USR_004864,2025-09-10,US,Apple Search Ads
USR_004865,2025-04-05,DE,Organic App Store Search
USR_004866,2025-01-24,CA,Web Referral
USR_004867,2025-04-26,DE,Social Media Campaign
USR_004868,2025-05-31,DE,Organic App Store Search
USR_004869,2025-02-19,US,Organic App Store Search
USR_004870,2025-07-25,US,Organic App Store Search
USR_004871,2025-03-20,DE,Organic App Store Search
USR_004872,2025-03-11,US,Apple Search Ads
USR_004873,2025-01-27,UK,Social Media Campaign
USR_004874,2025-02-19,US,Social Media Campaign
USR_004875,2025-09-04,US,Social Media Campaign
USR_004876,2025-09-21,US,Organic App Store Search
USR_004877,2025-03-20,DE,Organic App Store Search
USR_004878,2025-07-09,CA,Social Media Campaign
USR_004879,2025-02-16,UK,Social Media Campaign
USR_004880,2025-07-08,FR,Apple Search Ads
USR_004881,2025-09-13,US,Organic App Store Search
USR_004882,2025-08-10,US,Apple Search Ads
USR_004883,2025-08-29,DE,Organic App Store Search
USR_004884,2025-09-26,DE,Organic App Store Search
USR_004885,2025-01-01,US,Apple Search Ads
USR_004886,2025-02-03,JP,Organic App Store Search
USR_004887,2025-03-20,FR,Web Referral
USR_004888,2025-08-24,US,Organic App Store Search
USR_004889,2025-04-08,US,Apple Search Ads
USR_004890,2025-03-23,DE,Social Media Campaign
USR_004891,2025-07-11,US,Organic App Store Search
USR_004892,2025-09-10,US,Social Media Campaign
USR_004893,2025-02-07,DE,Apple Search Ads
USR_004894,2025-01-14,UK,Web Referral
USR_004895,2025-07-28,UK,Organic App Store Search
USR_004896,2025-03-30,US,Organic App Store Search
USR_004897,2025-02-25,CA,Organic App Store Search
USR_004898,2025-04-04,UK,Social Media Campaign
USR_004899,2025-04-03,US,Organic App Store Search
USR_004900,2025-03-26,US,Organic App Store Search
USR_004901,2025-09-02,UK,Organic App Store Search
USR_004902,2025-01-22,FR,Organic App Store Search
USR_004903,2025-05-02,FR,Apple Search Ads
USR_004904,2025-05-08,US,Organic App Store Search
USR_004905,2025-04-23,AU,Organic App Store Search
USR_004906,2025-05-10,DE,Organic App Store Search
USR_004907,2025-05-12,DE,Apple Search Ads
USR_004908,2025-03-26,UK,Social Media Campaign
USR_004909,2025-03-22,US,Apple Search Ads
USR_004910,2025-03-10,DE,Organic App Store Search
USR_004911,2025-05-28,US,Organic App Store Search
USR_004912,2025-01-16,US,Organic App Store Search
USR_004913,2025-04-15,CA,Apple Search Ads
USR_004914,2025-06-14,JP,Organic App Store Search
USR_004915,2025-07-20,US,Web Referral
USR_004916,2025-07-16,CA,Web Referral
USR_004917,2025-07-04,US,Organic App Store Search
USR_004918,2025-09-22,FR,Organic App Store Search
USR_004919,2025-04-10,UK,Organic App Store Search
USR_004920,2025-08-02,US,Organic App Store Search
USR_004921,2025-06-11,US,Apple Search Ads
USR_004922,2025-06-06,US,Social Media Campaign
USR_004923,2025-09-08,US,Organic App Store Search
USR_004924,2025-04-07,US,Social Media Campaign
USR_004925,2025-01-18,CA,Apple Search Ads
USR_004926,2025-04-07,US,Web Referral
USR_004927,2025-01-01,AU,Apple Search Ads
USR_004928,2025-08-04,US,Apple Search Ads
USR_004929,2025-05-12,CA,Organic App Store Search
USR_004930,2025-09-17,US,Social Media Campaign
USR_004931,2025-05-05,US,Organic App Store Search
USR_004932,2025-03-23,UK,Apple Search Ads
USR_004933,2025-06-20,US,Organic App Store Search
USR_004934,2025-02-28,DE,Organic App Store Search
USR_004935,2025-02-01,CA,Organic App Store Search
USR_004936,2025-06-10,UK,Organic App Store Search
USR_004937,2025-04-16,US,Organic App Store Search
USR_004938,2025-04-15,US,Web Referral
USR_004939,2025-08-16,UK,Organic App Store Search
USR_004940,2025-07-07,CA,Social Media Campaign
USR_004941,2025-03-11,US,Organic App Store Search
USR_004942,2025-03-28,US,Organic App Store Search
USR_004943,2025-02-25,US,Organic App Store Search
USR_004944,2025-04-23,UK,Organic App Store Search
USR_004945,2025-01-13,US,Organic App Store Search
USR_004946,2025-01-18,UK,Organic App Store Search
USR_004947,2025-07-01,US,Organic App Store Search
USR_004948,2025-04-23,UK,Web Referral
USR_004949,2025-08-17,US,Organic App Store Search
USR_004950,2025-06-20,CA,Social Media Campaign
USR_004951,2025-07-08,US,Web Referral
USR_004952,2025-03-20,US,Apple Search Ads
USR_004953,2025-05-26,US,Web Referral
USR_004954,2025-07-01,US,Organic App Store Search
USR_004955,2025-09-07,US,Social Media Campaign
USR_004956,2025-07-15,DE,Organic App Store Search
USR_004957,2025-03-12,FR,Organic App Store Search
USR_004958,2025-09-05,US,Apple Search Ads
USR_004959,2025-05-26,DE,Web Referral
USR_004960,2025-04-16,UK,Web Referral
USR_004961,2025-09-20,US,Organic App Store Search
USR_004962,2025-03-11,JP,Organic App Store Search
USR_004963,2025-07-12,DE,Social Media Campaign
USR_004964,2025-03-09,JP,Apple Search Ads
USR_004965,2025-02-21,US,Organic App Store Search
USR_004966,2025-01-09,US,Organic App Store Search
USR_004967,2025-09-08,UK,Social Media Campaign
USR_004968,2025-07-03,CA,Apple Search Ads
USR_004969,2025-06-28,US,Organic App Store Search
USR_004970,2025-07-17,FR,Apple Search Ads
USR_004971,2025-05-08,UK,Apple Search Ads
USR_004972,2025-01-20,US,Web Referral
USR_004973,2025-03-06,CA,Apple Search Ads
USR_004974,2025-07-01,CA,Organic App Store Search
USR_004975,2025-08-29,US,Social Media Campaign
USR_004976,2025-01-24,JP,Organic App Store Search
USR_004977,2025-03-24,US,Web Referral
USR_004978,2025-07-04,US,Apple Search Ads
USR_004979,2025-04-09,FR,Web Referral
USR_004980,2025-03-03,JP,Organic App Store Search
USR_004981,2025-01-22,DE,Apple Search Ads
USR_004982,2025-07-31,FR,Social Media Campaign
USR_004983,2025-05-06,CA,Apple Search Ads
USR_004984,2025-02-11,FR,Organic App Store Search
USR_004985,2025-04-08,US,Organic App Store Search
USR_004986,2025-01-31,DE,Apple Search Ads
USR_004987,2025-06-07,CA,Organic App Store Search
USR_004988,2025-04-22,US,Apple Search Ads
USR_004989,2025-09-04,UK,Organic App Store Search
USR_004990,2025-05-02,UK,Social Media Campaign
USR_004991,2025-07-26,CA,Organic App Store Search
USR_004992,2025-04-20,US,Organic App Store Search
USR_004993,2025-02-25,DE,Organic App Store Search
USR_004994,2025-02-26,US,Apple Search Ads
USR_004995,2025-04-24,US,Apple Search Ads
USR_004996,2025-07-17,FR,Apple Search Ads
USR_004997,2025-06-28,UK,Social Media Campaign
USR_004998,2025-08-07,US,Organic App Store Search
USR_004999,2025-01-16,US,Web Referral
USR_005000,2025-03-02,CA,Web Referral
USR_005001,2025-02-23,JP,Organic App Store Search
USR_005002,2025-06-17,FR,Social Media Campaign
USR_005003,2025-01-26,AU,Apple Search Ads
USR_005004,2025-03-06,US,Apple Search Ads
USR_005005,2025-04-10,US,Apple Search Ads
USR_005006,2025-03-15,US,Social Media Campaign
USR_005007,2025-07-11,US,Web Referral
USR_005008,2025-06-20,US,Apple Search Ads
USR_005009,2025-07-06,US,Organic App Store Search
USR_005010,2025-01-23,CA,Apple Search Ads
USR_005011,2025-06-30,US,Organic App Store Search
USR_005012,2025-04-18,CA,Apple Search Ads
USR_005013,2025-06-11,FR,Social Media Campaign
USR_005014,2025-07-25,CA,Organic App Store Search
USR_005015,2025-03-19,DE,Organic App Store Search
USR_005016,2025-01-16,DE,Apple Search Ads
USR_005017,2025-04-06,US,Organic App Store Search
USR_005018,2025-05-27,US,Organic App Store Search
USR_005019,2025-01-02,US,Apple Search Ads
USR_005020,2025-01-10,US,Web Referral
USR_005021,2025-05-05,CA,Apple Search Ads
USR_005022,2025-03-22,FR,Organic App Store Search
USR_005023,2025-05-20,JP,Apple Search Ads
USR_005024,2025-05-30,US,Organic App Store Search
USR_005025,2025-05-09,JP,Social Media Campaign
USR_005026,2025-08-27,US,Apple Search Ads
USR_005027,2025-02-27,DE,Web Referral
USR_005028,2025-07-17,US,Web Referral
USR_005029,2025-07-30,US,Organic App Store Search
USR_005030,2025-02-14,US,Web Referral
USR_005031,2025-04-07,FR,Web Referral
USR_005032,2025-01-23,US,Apple Search Ads
USR_005033,2025-02-13,US,Organic App Store Search
USR_005034,2025-01-27,FR,Social Media Campaign
USR_005035,2025-04-07,FR,Organic App Store Search
USR_005036,2025-02-05,US,Apple Search Ads
USR_005037,2025-04-19,AU,Organic App Store Search
USR_005038,2025-02-24,US,Apple Search Ads
USR_005039,2025-07-11,US,Web Referral
USR_005040,2025-08-07,UK,Organic App Store Search
USR_005041,2025-07-04,US,Social Media Campaign
USR_005042,2025-03-10,UK,Organic App Store Search
USR_005043,2025-05-10,UK,Apple Search Ads
USR_005044,2025-02-24,UK,Apple Search Ads
USR_005045,2025-04-07,AU,Organic App Store Search
USR_005046,2025-03-28,AU,Apple Search Ads
USR_005047,2025-04-29,US,Social Media Campaign
USR_005048,2025-07-27,US,Organic App Store Search
USR_005049,2025-06-03,CA,Apple Search Ads
USR_005050,2025-02-04,DE,Apple Search Ads
USR_005051,2025-03-20,CA,Organic App Store Search
USR_005052,2025-03-08,UK,Web Referral
USR_005053,2025-02-03,US,Apple Search Ads
USR_005054,2025-04-07,CA,Organic App Store Search
USR_005055,2025-06-18,US,Organic App Store Search
USR_005056,2025-06-18,FR,Organic App Store Search
USR_005057,2025-05-31,CA,Apple Search Ads
USR_005058,2025-03-12,US,Apple Search Ads
USR_005059,2025-01-03,UK,Apple Search Ads
USR_005060,2025-02-01,DE,Social Media Campaign
USR_005061,2025-03-23,US,Organic App Store Search
USR_005062,2025-02-12,UK,Apple Search Ads
USR_005063,2025-04-15,CA,Web Referral
USR_005064,2025-01-01,DE,Web Referral
USR_005065,2025-03-02,US,Organic App Store Search
USR_005066,2025-09-27,UK,Apple Search Ads
USR_005067,2025-06-29,FR,Organic App Store Search
USR_005068,2025-08-12,JP,Organic App Store Search
USR_005069,2025-01-06,CA,Social Media Campaign
USR_005070,2025-04-13,JP,Organic App Store Search
USR_005071,2025-01-10,UK,Organic App Store Search
USR_005072,2025-03-12,US,Social Media Campaign
USR_005073,2025-03-31,UK,Web Referral
USR_005074,2025-08-14,US,Web Referral
USR_005075,2025-06-07,US,Apple Search Ads
USR_005076,2025-08-16,UK,Organic App Store Search
USR_005077,2025-05-06,DE,Organic App Store Search
USR_005078,2025-07-28,DE,Social Media Campaign
USR_005079,2025-04-07,CA,Web Referral
USR_005080,2025-03-15,US,Social Media Campaign
USR_005081,2025-04-25,US,Social Media Campaign
USR_005082,2025-07-10,US,Organic App Store Search
USR_005083,2025-06-19,CA,Organic App Store Search
USR_005084,2025-07-23,US,Organic App Store Search
USR_005085,2025-02-25,US,Social Media Campaign
USR_005086,2025-07-27,US,Organic App Store Search
USR_005087,2025-02-10,DE,Apple Search Ads
USR_005088,2025-02-01,FR,Organic App Store Search
USR_005089,2025-01-15,CA,Apple Search Ads
USR_005090,2025-03-03,US,Social Media Campaign
USR_005091,2025-06-04,US,Apple Search Ads
USR_005092,2025-07-28,US,Social Media Campaign
USR_005093,2025-07-06,US,Apple Search Ads
USR_005094,2025-05-10,US,Organic App Store Search
USR_005095,2025-05-07,US,Organic App Store Search
USR_005096,2025-04-24,US,Web Referral
USR_005097,2025-07-18,US,Organic App Store Search
USR_005098,2025-01-13,US,Organic App Store Search
USR_005099,2025-03-30,CA,Organic App Store Search
USR_005100,2025-08-03,JP,Organic App Store Search
USR_005101,2025-07-22,FR,Organic App Store Search
USR_005102,2025-03-15,US,Apple Search Ads
USR_005103,2025-01-25,US,Web Referral
USR_005104,2025-04-11,FR,Social Media Campaign
USR_005105,2025-06-25,US,Organic App Store Search
USR_005106,2025-04-27,DE,Apple Search Ads
USR_005107,2025-06-15,UK,Social Media Campaign
USR_005108,2025-02-10,FR,Social Media Campaign
USR_005109,2025-04-30,FR,Organic App Store Search
USR_005110,2025-04-07,CA,Organic App Store Search
USR_005111,2025-05-25,CA,Social Media Campaign
USR_005112,2025-08-04,US,Social Media Campaign
USR_005113,2025-08-17,US,Apple Search Ads
USR_005114,2025-05-10,US,Organic App Store Search
USR_005115,2025-05-17,US,Apple Search Ads
USR_005116,2025-04-27,US,Organic App Store Search
USR_005117,2025-04-04,US,Organic App Store Search
USR_005118,2025-06-17,FR,Organic App Store Search
USR_005119,2025-07-22,US,Organic App Store Search
USR_005120,2025-05-29,US,Organic App Store Search
USR_005121,2025-07-02,US,Organic App Store Search
USR_005122,2025-06-01,UK,Organic App Store Search
USR_005123,2025-03-15,US,Organic App Store Search
USR_005124,2025-02-11,JP,Organic App Store Search
USR_005125,2025-07-31,UK,Organic App Store Search
USR_005126,2025-04-11,UK,Organic App Store Search
USR_005127,2025-02-14,US,Organic App Store Search
USR_005128,2025-03-23,UK,Organic App Store Search
USR_005129,2025-01-17,DE,Organic App Store Search
USR_005130,2025-03-14,US,Organic App Store Search
USR_005131,2025-01-14,US,Social Media Campaign
USR_005132,2025-06-06,US,Apple Search Ads
USR_005133,2025-08-11,JP,Social Media Campaign
USR_005134,2025-05-12,US,Apple Search Ads
USR_005135,2025-02-16,FR,Web Referral
USR_005136,2025-04-17,US,Organic App Store Search
USR_005137,2025-04-18,UK,Apple Search Ads
USR_005138,2025-09-22,CA,Apple Search Ads
USR_005139,2025-07-24,US,Web Referral
USR_005140,2025-03-20,US,Organic App Store Search
USR_005141,2025-06-04,US,Social Media Campaign
USR_005142,2025-09-04,US,Apple Search Ads
USR_005143,2025-01-19,DE,Apple Search Ads
USR_005144,2025-01-26,US,Social Media Campaign
USR_005145,2025-08-05,CA,Web Referral
USR_005146,2025-06-03,US,Apple Search Ads
USR_005147,2025-06-03,US,Organic App Store Search
USR_005148,2025-06-23,CA,Organic App Store Search
USR_005149,2025-04-02,UK,Organic App Store Search
USR_005150,2025-06-30,US,Organic App Store Search
USR_005151,2025-05-11,UK,Organic App Store Search
USR_005152,2025-03-17,US,Apple Search Ads
USR_005153,2025-06-26,FR,Social Media Campaign
USR_005154,2025-07-03,US,Organic App Store Search
USR_005155,2025-05-11,US,Apple Search Ads
USR_005156,2025-02-18,DE,Organic App Store Search
USR_005157,2025-02-24,US,Social Media Campaign
USR_005158,2025-06-03,US,Organic App Store Search
USR_005159,2025-07-19,US,Apple Search Ads
USR_005160,2025-04-28,FR,Web Referral
USR_005161,2025-09-20,JP,Organic App Store Search
USR_005162,2025-02-15,AU,Apple Search Ads
USR_005163,2025-07-08,UK,Social Media Campaign
USR_005164,2025-05-09,CA,Organic App Store Search
USR_005165,2025-02-18,US,Web Referral
USR_005166,2025-01-25,US,Social Media Campaign
USR_005167,2025-09-23,JP,Organic App Store Search
USR_005168,2025-04-28,US,Organic App Store Search
USR_005169,2025-05-24,US,Apple Search Ads
USR_005170,2025-07-19,FR,Social Media Campaign
USR_005171,2025-06-06,AU,Organic App Store Search
USR_005172,2025-05-14,US,Apple Search Ads
USR_005173,2025-05-28,US,Organic App Store Search
USR_005174,2025-03-12,UK,Social Media Campaign
USR_005175,2025-08-21,UK,Apple Search Ads
USR_005176,2025-06-03,US,Apple Search Ads
USR_005177,2025-03-31,US,Apple Search Ads
USR_005178,2025-07-18,JP,Social Media Campaign
USR_005179,2025-06-10,US,Organic App Store Search
USR_005180,2025-01-26,UK,Social Media Campaign
USR_005181,2025-05-01,US,Organic App Store Search
USR_005182,2025-07-31,US,Apple Search Ads
USR_005183,2025-03-04,US,Social Media Campaign
USR_005184,2025-03-09,FR,Organic App Store Search
USR_005185,2025-09-10,FR,Social Media Campaign
USR_005186,2025-01-02,US,Apple Search Ads
USR_005187,2025-04-18,FR,Web Referral
USR_005188,2025-02-18,US,Organic App Store Search
USR_005189,2025-05-20,CA,Organic App Store Search
USR_005190,2025-08-06,US,Social Media Campaign
USR_005191,2025-02-13,FR,Social Media Campaign
USR_005192,2025-09-26,US,Organic App Store Search
USR_005193,2025-03-19,UK,Web Referral
USR_005194,2025-08-04,DE,Apple Search Ads
USR_005195,2025-04-08,US,Web Referral
USR_005196,2025-08-24,US,Apple Search Ads
USR_005197,2025-05-29,US,Organic App Store Search
USR_005198,2025-03-07,CA,Organic App Store Search
USR_005199,2025-08-22,US,Web Referral
USR_005200,2025-03-28,UK,Organic App Store Search
USR_005201,2025-03-20,FR,Web Referral
USR_005202,2025-07-24,US,Social Media Campaign
USR_005203,2025-09-11,US,Organic App Store Search
USR_005204,2025-05-10,CA,Apple Search Ads
USR_005205,2025-03-25,DE,Apple Search Ads
USR_005206,2025-07-06,JP,Apple Search Ads
USR_005207,2025-02-15,US,Organic App Store Search
USR_005208,2025-07-02,US,Web Referral
USR_005209,2025-09-25,DE,Apple Search Ads
USR_005210,2025-04-10,DE,Web Referral
USR_005211,2025-03-19,CA,Apple Search Ads
USR_005212,2025-06-11,US,Organic App Store Search
USR_005213,2025-02-13,US,Apple Search Ads
USR_005214,2025-08-26,US,Social Media Campaign
USR_005215,2025-05-14,FR,Organic App Store Search
USR_005216,2025-07-11,US,Web Referral
USR_005217,2025-01-18,UK,Organic App Store Search
USR_005218,2025-01-12,UK,Web Referral
USR_005219,2025-06-29,US,Social Media Campaign
USR_005220,2025-05-03,US,Social Media Campaign
USR_005221,2025-09-03,CA,Organic App Store Search
USR_005222,2025-08-10,US,Apple Search Ads
USR_005223,2025-02-20,US,Social Media Campaign
USR_005224,2025-03-12,US,Apple Search Ads
USR_005225,2025-02-17,DE,Apple Search Ads
USR_005226,2025-01-19,JP,Social Media Campaign
USR_005227,2025-09-19,CA,Apple Search Ads
USR_005228,2025-03-25,DE,Apple Search Ads
USR_005229,2025-06-04,UK,Organic App Store Search
USR_005230,2025-02-22,CA,Organic App Store Search
USR_005231,2025-04-17,JP,Web Referral
USR_005232,2025-05-15,US,Social Media Campaign
USR_005233,2025-03-10,US,Organic App Store Search
USR_005234,2025-01-11,JP,Social Media Campaign
USR_005235,2025-05-23,DE,Organic App Store Search
USR_005236,2025-07-11,US,Organic App Store Search
USR_005237,2025-03-10,JP,Organic App Store Search
USR_005238,2025-01-23,US,Web Referral
USR_005239,2025-06-30,US,Web Referral
USR_005240,2025-01-09,CA,Apple Search Ads
USR_005241,2025-04-03,US,Organic App Store Search
USR_005242,2025-01-17,CA,Apple Search Ads
USR_005243,2025-06-03,US,Social Media Campaign
USR_005244,2025-05-29,US,Organic App Store Search
USR_005245,2025-09-24,UK,Organic App Store Search
USR_005246,2025-04-16,UK,Apple Search Ads
USR_005247,2025-02-04,US,Organic App Store Search
USR_005248,2025-04-29,JP,Organic App Store Search
USR_005249,2025-01-14,UK,Apple Search Ads
USR_005250,2025-01-14,US,Apple Search Ads
USR_005251,2025-09-23,US,Web Referral
USR_005252,2025-05-20,DE,Organic App Store Search
USR_005253,2025-04-29,UK,Apple Search Ads
USR_005254,2025-08-26,US,Organic App Store Search
USR_005255,2025-02-03,US,Organic App Store Search
USR_005256,2025-06-18,US,Apple Search Ads
USR_005257,2025-01-10,US,Organic App Store Search
USR_005258,2025-05-02,CA,Organic App Store Search
USR_005259,2025-05-25,FR,Social Media Campaign
USR_005260,2025-08-11,US,Organic App Store Search
USR_005261,2025-09-14,FR,Web Referral
USR_005262,2025-09-25,FR,Organic App Store Search
USR_005263,2025-01-04,FR,Organic App Store Search
USR_005264,2025-04-16,JP,Organic App Store Search
USR_005265,2025-03-26,DE,Organic App Store Search
USR_005266,2025-08-02,UK,Web Referral
USR_005267,2025-05-01,US,Apple Search Ads
USR_005268,2025-05-12,UK,Organic App Store Search
USR_005269,2025-07-16,FR,Apple Search Ads
USR_005270,2025-01-19,US,Web Referral
USR_005271,2025-05-10,US,Organic App Store Search
USR_005272,2025-01-12,US,Organic App Store Search
USR_005273,2025-03-22,DE,Organic App Store Search
USR_005274,2025-09-19,DE,Social Media Campaign
USR_005275,2025-05-05,UK,Organic App Store Search
USR_005276,2025-09-24,US,Organic App Store Search
USR_005277,2025-05-20,CA,Apple Search Ads
USR_005278,2025-01-02,US,Apple Search Ads
USR_005279,2025-01-08,UK,Social Media Campaign
USR_005280,2025-09-07,US,Organic App Store Search
USR_005281,2025-05-19,JP,Apple Search Ads
USR_005282,2025-05-04,UK,Web Referral
USR_005283,2025-08-16,UK,Organic App Store Search
USR_005284,2025-01-10,AU,Organic App Store Search
USR_005285,2025-07-31,UK,Apple Search Ads
USR_005286,2025-04-22,US,Social Media Campaign
USR_005287,2025-01-08,UK,Organic App Store Search
USR_005288,2025-09-10,FR,Organic App Store Search
USR_005289,2025-01-14,US,Social Media Campaign
USR_005290,2025-08-28,CA,Apple Search Ads
USR_005291,2025-08-30,JP,Social Media Campaign
USR_005292,2025-05-29,DE,Social Media Campaign
USR_005293,2025-08-24,CA,Organic App Store Search
USR_005294,2025-06-16,AU,Social Media Campaign
USR_005295,2025-01-20,FR,Organic App Store Search
USR_005296,2025-08-04,JP,Social Media Campaign
USR_005297,2025-05-15,JP,Social Media Campaign
USR_005298,2025-05-09,CA,Apple Search Ads
USR_005299,2025-09-03,US,Apple Search Ads
USR_005300,2025-07-08,US,Organic App Store Search
USR_005301,2025-02-13,US,Organic App Store Search
USR_005302,2025-03-27,FR,Organic App Store Search
USR_005303,2025-02-13,FR,Social Media Campaign
USR_005304,2025-05-25,UK,Organic App Store Search
USR_005305,2025-02-20,UK,Organic App Store Search
USR_005306,2025-08-30,US,Social Media Campaign
USR_005307,2025-02-20,UK,Organic App Store Search
USR_005308,2025-09-23,AU,Social Media Campaign
USR_005309,2025-04-30,US,Organic App Store Search
USR_005310,2025-07-19,US,Organic App Store Search
USR_005311,2025-09-05,UK,Organic App Store Search
USR_005312,2025-03-11,US,Web Referral
USR_005313,2025-02-26,JP,Organic App Store Search
USR_005314,2025-02-08,US,Organic App Store Search
USR_005315,2025-01-18,FR,Apple Search Ads
USR_005316,2025-08-08,US,Social Media Campaign
USR_005317,2025-09-01,US,Organic App Store Search
USR_005318,2025-03-15,CA,Apple Search Ads
USR_005319,2025-04-20,DE,Apple Search Ads
USR_005320,2025-06-29,UK,Apple Search Ads
USR_005321,2025-02-01,US,Organic App Store Search
USR_005322,2025-08-22,US,Organic App Store Search
USR_005323,2025-01-25,CA,Organic App Store Search
USR_005324,2025-08-14,US,Apple Search Ads
USR_005325,2025-02-26,US,Organic App Store Search
USR_005326,2025-06-29,CA,Apple Search Ads
USR_005327,2025-08-20,US,Organic App Store Search
USR_005328,2025-03-05,US,Organic App Store Search
USR_005329,2025-08-20,US,Apple Search Ads
USR_005330,2025-08-01,JP,Social Media Campaign
USR_005331,2025-09-15,US,Apple Search Ads
USR_005332,2025-01-18,FR,Organic App Store Search
USR_005333,2025-06-24,US,Organic App Store Search
USR_005334,2025-08-17,DE,Apple Search Ads
USR_005335,2025-08-14,US,Apple Search Ads
USR_005336,2025-03-25,UK,Apple Search Ads
USR_005337,2025-09-03,DE,Organic App Store Search
USR_005338,2025-04-20,DE,Social Media Campaign
USR_005339,2025-09-11,DE,Web Referral
USR_005340,2025-03-29,DE,Organic App Store Search
USR_005341,2025-03-13,US,Apple Search Ads
USR_005342,2025-01-30,UK,Organic App Store Search
USR_005343,2025-06-21,UK,Organic App Store Search
USR_005344,2025-06-26,FR,Organic App Store Search
USR_005345,2025-05-19,US,Apple Search Ads
USR_005346,2025-07-13,FR,Organic App Store Search
USR_005347,2025-07-05,UK,Social Media Campaign
USR_005348,2025-08-06,CA,Organic App Store Search
USR_005349,2025-06-13,US,Organic App Store Search
USR_005350,2025-06-10,US,Organic App Store Search
USR_005351,2025-01-13,AU,Apple Search Ads
USR_005352,2025-03-30,UK,Organic App Store Search
USR_005353,2025-02-11,FR,Organic App Store Search
USR_005354,2025-07-29,AU,Organic App Store Search
USR_005355,2025-08-17,UK,Organic App Store Search
USR_005356,2025-09-08,FR,Organic App Store Search
USR_005357,2025-07-27,CA,Organic App Store Search
USR_005358,2025-05-20,CA,Organic App Store Search
USR_005359,2025-02-03,US,Apple Search Ads
USR_005360,2025-01-18,US,Organic App Store Search
USR_005361,2025-02-26,CA,Apple Search Ads
USR_005362,2025-04-22,FR,Organic App Store Search
USR_005363,2025-01-05,US,Organic App Store Search
USR_005364,2025-07-01,US,Social Media Campaign
USR_005365,2025-01-13,UK,Apple Search Ads
USR_005366,2025-09-16,US,Web Referral
USR_005367,2025-03-31,AU,Organic App Store Search
USR_005368,2025-04-14,AU,Social Media Campaign
USR_005369,2025-07-05,US,Apple Search Ads
USR_005370,2025-09-07,FR,Social Media Campaign
USR_005371,2025-09-12,UK,Web Referral
USR_005372,2025-03-17,CA,Organic App Store Search
USR_005373,2025-04-18,US,Organic App Store Search
USR_005374,2025-06-05,US,Apple Search Ads
USR_005375,2025-03-23,FR,Organic App Store Search
USR_005376,2025-03-18,US,Social Media Campaign
USR_005377,2025-09-15,US,Organic App Store Search
USR_005378,2025-05-07,US,Social Media Campaign
USR_005379,2025-03-29,US,Organic App Store Search
USR_005380,2025-07-23,US,Organic App Store Search
USR_005381,2025-01-16,US,Web Referral
USR_005382,2025-05-31,FR,Organic App Store Search
USR_005383,2025-09-11,AU,Organic App Store Search
USR_005384,2025-07-07,US,Organic App Store Search
USR_005385,2025-02-01,DE,Social Media Campaign
USR_005386,2025-01-05,US,Apple Search Ads
USR_005387,2025-06-18,UK,Social Media Campaign
USR_005388,2025-06-30,US,Apple Search Ads
USR_005389,2025-06-27,US,Organic App Store Search
USR_005390,2025-05-23,FR,Organic App Store Search
USR_005391,2025-09-05,US,Organic App Store Search
USR_005392,2025-05-07,DE,Apple Search Ads
USR_005393,2025-09-20,US,Apple Search Ads
USR_005394,2025-02-09,US,Organic App Store Search
USR_005395,2025-09-12,AU,Organic App Store Search
USR_005396,2025-05-23,UK,Organic App Store Search
USR_005397,2025-08-28,US,Organic App Store Search
USR_005398,2025-08-16,US,Organic App Store Search
USR_005399,2025-07-17,US,Organic App Store Search
USR_005400,2025-03-06,FR,Organic App Store Search
USR_005401,2025-01-11,UK,Social Media Campaign
USR_005402,2025-04-18,US,Organic App Store Search
USR_005403,2025-01-26,FR,Social Media Campaign
USR_005404,2025-05-31,US,Organic App Store Search
USR_005405,2025-08-09,US,Apple Search Ads
USR_005406,2025-08-25,US,Organic App Store Search
USR_005407,2025-08-25,UK,Apple Search Ads
USR_005408,2025-08-07,US,Organic App Store Search
USR_005409,2025-05-31,UK,Organic App Store Search
USR_005410,2025-05-03,FR,Web Referral
USR_005411,2025-05-24,US,Apple Search Ads
USR_005412,2025-07-08,US,Organic App Store Search
USR_005413,2025-09-12,US,Organic App Store Search
USR_005414,2025-03-09,UK,Organic App Store Search
USR_005415,2025-04-14,FR,Apple Search Ads
USR_005416,2025-06-08,US,Apple Search Ads
USR_005417,2025-03-31,US,Organic App Store Search
USR_005418,2025-09-13,US,Organic App Store Search
USR_005419,2025-08-08,US,Organic App Store Search
USR_005420,2025-01-09,CA,Organic App Store Search
USR_005421,2025-01-12,US,Apple Search Ads
USR_005422,2025-09-01,US,Apple Search Ads
USR_005423,2025-07-01,UK,Apple Search Ads
USR_005424,2025-04-09,US,Organic App Store Search
USR_005425,2025-07-16,UK,Social Media Campaign
USR_005426,2025-08-14,US,Organic App Store Search
USR_005427,2025-04-13,FR,Apple Search Ads
USR_005428,2025-04-16,US,Web Referral
USR_005429,2025-02-27,FR,Apple Search Ads
USR_005430,2025-03-19,US,Organic App Store Search
USR_005431,2025-03-16,DE,Organic App Store Search
USR_005432,2025-02-11,US,Social Media Campaign
USR_005433,2025-06-30,CA,Organic App Store Search
USR_005434,2025-02-02,US,Apple Search Ads
USR_005435,2025-03-12,UK,Organic App Store Search
USR_005436,2025-02-25,CA,Organic App Store Search
USR_005437,2025-04-15,UK,Organic App Store Search
USR_005438,2025-07-19,UK,Organic App Store Search
USR_005439,2025-04-11,US,Social Media Campaign
USR_005440,2025-09-13,US,Social Media Campaign
USR_005441,2025-03-15,UK,Apple Search Ads
USR_005442,2025-06-20,US,Organic App Store Search
USR_005443,2025-05-23,US,Organic App Store Search
USR_005444,2025-06-15,US,Apple Search Ads
USR_005445,2025-09-18,US,Organic App Store Search
USR_005446,2025-08-09,UK,Apple Search Ads
USR_005447,2025-03-24,UK,Organic App Store Search
USR_005448,2025-07-01,FR,Apple Search Ads
USR_005449,2025-01-10,US,Social Media Campaign
USR_005450,2025-01-04,FR,Organic App Store Search
USR_005451,2025-08-03,CA,Social Media Campaign
USR_005452,2025-04-08,FR,Social Media Campaign
USR_005453,2025-04-11,DE,Apple Search Ads
USR_005454,2025-01-09,CA,Organic App Store Search
USR_005455,2025-03-02,US,Organic App Store Search
USR_005456,2025-05-26,US,Social Media Campaign
USR_005457,2025-03-04,US,Apple Search Ads
USR_005458,2025-05-01,JP,Social Media Campaign
USR_005459,2025-08-14,JP,Apple Search Ads
USR_005460,2025-04-15,AU,Organic App Store Search
USR_005461,2025-09-17,FR,Web Referral
USR_005462,2025-09-12,FR,Organic App Store Search
USR_005463,2025-07-26,UK,Web Referral
USR_005464,2025-01-28,CA,Organic App Store Search
USR_005465,2025-06-19,US,Organic App Store Search
USR_005466,2025-03-17,US,Organic App Store Search
USR_005467,2025-04-26,US,Web Referral
USR_005468,2025-03-10,US,Social Media Campaign
USR_005469,2025-08-22,CA,Social Media Campaign
USR_005470,2025-01-01,US,Organic App Store Search
USR_005471,2025-06-16,FR,Organic App Store Search
USR_005472,2025-08-06,US,Apple Search Ads
USR_005473,2025-09-08,US,Organic App Store Search
USR_005474,2025-06-23,DE,Social Media Campaign
USR_005475,2025-06-19,CA,Social Media Campaign
USR_005476,2025-09-03,US,Organic App Store Search
USR_005477,2025-03-31,UK,Apple Search Ads
USR_005478,2025-02-18,US,Social Media Campaign
USR_005479,2025-05-30,FR,Web Referral
USR_005480,2025-05-12,CA,Apple Search Ads
USR_005481,2025-02-28,US,Social Media Campaign
USR_005482,2025-07-18,UK,Organic App Store Search
USR_005483,2025-08-03,FR,Organic App Store Search
USR_005484,2025-02-18,CA,Organic App Store Search
USR_005485,2025-08-20,DE,Organic App Store Search
USR_005486,2025-09-04,US,Organic App Store Search
USR_005487,2025-08-27,FR,Organic App Store Search
USR_005488,2025-06-17,DE,Social Media Campaign
USR_005489,2025-02-17,AU,Apple Search Ads
USR_005490,2025-02-20,US,Organic App Store Search
USR_005491,2025-04-08,FR,Organic App Store Search
USR_005492,2025-08-04,CA,Organic App Store Search
USR_005493,2025-06-26,FR,Organic App Store Search
USR_005494,2025-03-21,US,Organic App Store Search
USR_005495,2025-07-04,US,Social Media Campaign
USR_005496,2025-01-27,US,Apple Search Ads
USR_005497,2025-07-14,UK,Apple Search Ads
USR_005498,2025-08-02,UK,Organic App Store Search
USR_005499,2025-04-24,UK,Organic App Store Search
USR_005500,2025-08-30,UK,Organic App Store Search
USR_005501,2025-05-04,DE,Apple Search Ads
USR_005502,2025-03-17,US,Apple Search Ads
USR_005503,2025-07-15,US,Organic App Store Search
USR_005504,2025-02-13,FR,Social Media Campaign
USR_005505,2025-07-05,UK,Organic App Store Search
USR_005506,2025-09-03,UK,Apple Search Ads
USR_005507,2025-03-25,UK,Apple Search Ads
USR_005508,2025-07-26,UK,Organic App Store Search
USR_005509,2025-05-31,US,Apple Search Ads
USR_005510,2025-06-05,UK,Organic App Store Search
USR_005511,2025-01-16,JP,Organic App Store Search
USR_005512,2025-06-14,UK,Organic App Store Search
USR_005513,2025-05-25,US,Organic App Store Search
USR_005514,2025-02-06,DE,Organic App Store Search
USR_005515,2025-02-14,US,Apple Search Ads
USR_005516,2025-07-25,US,Organic App Store Search
USR_005517,2025-03-03,FR,Organic App Store Search
USR_005518,2025-01-19,US,Apple Search Ads
USR_005519,2025-01-07,FR,Web Referral
USR_005520,2025-09-06,US,Social Media Campaign
USR_005521,2025-04-27,AU,Web Referral
USR_005522,2025-03-09,UK,Apple Search Ads
USR_005523,2025-02-03,US,Organic App Store Search
USR_005524,2025-07-13,CA,Apple Search Ads
USR_005525,2025-02-24,JP,Organic App Store Search
USR_005526,2025-09-23,DE,Organic App Store Search
USR_005527,2025-02-11,CA,Organic App Store Search
USR_005528,2025-08-19,JP,Organic App Store Search
USR_005529,2025-01-10,US,Apple Search Ads
USR_005530,2025-05-08,US,Apple Search Ads
USR_005531,2025-06-28,US,Organic App Store Search
USR_005532,2025-07-12,AU,Web Referral
USR_005533,2025-04-02,DE,Apple Search Ads
USR_005534,2025-08-19,CA,Organic App Store Search
USR_005535,2025-03-19,FR,Web Referral
USR_005536,2025-03-26,CA,Organic App Store Search
USR_005537,2025-01-30,US,Social Media Campaign
USR_005538,2025-08-01,US,Organic App Store Search
USR_005539,2025-02-18,FR,Apple Search Ads
USR_005540,2025-09-22,US,Web Referral
USR_005541,2025-05-25,UK,Apple Search Ads
USR_005542,2025-03-10,US,Organic App Store Search
USR_005543,2025-02-27,US,Organic App Store Search
USR_005544,2025-07-04,CA,Organic App Store Search
USR_005545,2025-03-03,US,Social Media Campaign
USR_005546,2025-06-15,FR,Organic App Store Search
USR_005547,2025-06-20,US,Organic App Store Search
USR_005548,2025-03-04,CA,Social Media Campaign
USR_005549,2025-05-27,AU,Organic App Store Search
USR_005550,2025-06-10,CA,Social Media Campaign
USR_005551,2025-05-21,FR,Organic App Store Search
USR_005552,2025-04-07,US,Organic App Store Search
USR_005553,2025-08-09,US,Organic App Store Search
USR_005554,2025-02-12,US,Web Referral
USR_005555,2025-04-18,FR,Organic App Store Search
USR_005556,2025-09-23,JP,Organic App Store Search
USR_005557,2025-04-05,US,Apple Search Ads
USR_005558,2025-09-19,CA,Apple Search Ads
USR_005559,2025-03-12,US,Organic App Store Search
USR_005560,2025-08-07,US,Apple Search Ads
USR_005561,2025-01-21,CA,Organic App Store Search
USR_005562,2025-04-02,US,Organic App Store Search
USR_005563,2025-05-07,UK,Apple Search Ads
USR_005564,2025-03-21,CA,Organic App Store Search
USR_005565,2025-08-26,DE,Web Referral
USR_005566,2025-07-01,UK,Organic App Store Search
USR_005567,2025-01-25,CA,Social Media Campaign
USR_005568,2025-06-05,UK,Organic App Store Search
USR_005569,2025-01-05,US,Social Media Campaign
USR_005570,2025-04-30,AU,Organic App Store Search
USR_005571,2025-01-18,US,Web Referral
USR_005572,2025-07-17,US,Organic App Store Search
USR_005573,2025-02-26,UK,Social Media Campaign
USR_005574,2025-04-03,FR,Apple Search Ads
USR_005575,2025-01-19,US,Organic App Store Search
USR_005576,2025-07-12,US,Organic App Store Search
USR_005577,2025-08-25,US,Social Media Campaign
USR_005578,2025-08-15,US,Organic App Store Search
USR_005579,2025-08-21,UK,Apple Search Ads
USR_005580,2025-02-09,US,Organic App Store Search
USR_005581,2025-06-02,DE,Web Referral
USR_005582,2025-05-07,DE,Apple Search Ads
USR_005583,2025-08-25,CA,Organic App Store Search
USR_005584,2025-02-24,UK,Organic App Store Search
USR_005585,2025-06-21,US,Organic App Store Search
USR_005586,2025-04-19,US,Organic App Store Search
USR_005587,2025-07-03,UK,Organic App Store Search
USR_005588,2025-07-17,US,Social Media Campaign
USR_005589,2025-03-28,CA,Social Media Campaign
USR_005590,2025-07-20,US,Organic App Store Search
USR_005591,2025-07-30,US,Apple Search Ads
USR_005592,2025-04-28,US,Organic App Store Search
USR_005593,2025-07-10,US,Organic App Store Search
USR_005594,2025-02-11,FR,Organic App Store Search
USR_005595,2025-02-11,US,Apple Search Ads
USR_005596,2025-01-17,FR,Web Referral
USR_005597,2025-09-15,UK,Organic App Store Search
USR_005598,2025-03-04,FR,Organic App Store Search
USR_005599,2025-03-03,UK,Organic App Store Search
USR_005600,2025-04-10,FR,Web Referral
USR_005601,2025-01-19,US,Organic App Store Search
USR_005602,2025-01-17,UK,Apple Search Ads
USR_005603,2025-09-03,US,Social Media Campaign
USR_005604,2025-09-08,US,Organic App Store Search
USR_005605,2025-03-22,UK,Apple Search Ads
USR_005606,2025-02-08,CA,Organic App Store Search
USR_005607,2025-02-05,US,Social Media Campaign
USR_005608,2025-07-16,US,Organic App Store Search
USR_005609,2025-06-07,CA,Web Referral
USR_005610,2025-07-23,UK,Web Referral
USR_005611,2025-07-15,US,Apple Search Ads
USR_005612,2025-08-04,FR,Organic App Store Search
USR_005613,2025-07-15,JP,Social Media Campaign
USR_005614,2025-06-01,FR,Organic App Store Search
USR_005615,2025-01-14,DE,Organic App Store Search
USR_005616,2025-05-26,US,Organic App Store Search
USR_005617,2025-02-26,JP,Apple Search Ads
USR_005618,2025-07-30,US,Social Media Campaign
USR_005619,2025-09-25,US,Web Referral
USR_005620,2025-07-29,DE,Apple Search Ads
USR_005621,2025-01-17,US,Apple Search Ads
USR_005622,2025-07-22,UK,Social Media Campaign
USR_005623,2025-04-09,US,Web Referral
USR_005624,2025-07-28,UK,Organic App Store Search
USR_005625,2025-05-09,UK,Organic App Store Search
USR_005626,2025-09-09,US,Organic App Store Search
USR_005627,2025-09-22,US,Apple Search Ads
USR_005628,2025-07-07,UK,Apple Search Ads
USR_005629,2025-08-02,UK,Web Referral
USR_005630,2025-07-30,US,Web Referral
USR_005631,2025-03-17,FR,Organic App Store Search
USR_005632,2025-05-28,US,Organic App Store Search
USR_005633,2025-08-01,FR,Organic App Store Search
USR_005634,2025-04-19,US,Organic App Store Search
USR_005635,2025-05-09,US,Organic App Store Search
USR_005636,2025-01-10,US,Social Media Campaign
USR_005637,2025-02-16,US,Organic App Store Search
USR_005638,2025-04-06,US,Apple Search Ads
USR_005639,2025-04-13,US,Organic App Store Search
USR_005640,2025-05-26,US,Organic App Store Search
USR_005641,2025-01-27,US,Social Media Campaign
USR_005642,2025-08-08,CA,Social Media Campaign
USR_005643,2025-01-18,JP,Organic App Store Search
USR_005644,2025-06-16,US,Social Media Campaign
USR_005645,2025-03-23,AU,Organic App Store Search
USR_005646,2025-03-13,AU,Apple Search Ads
USR_005647,2025-09-11,UK,Organic App Store Search
USR_005648,2025-06-11,FR,Apple Search Ads
USR_005649,2025-02-07,JP,Organic App Store Search
USR_005650,2025-07-20,US,Apple Search Ads
USR_005651,2025-07-19,CA,Apple Search Ads
USR_005652,2025-09-12,CA,Organic App Store Search
USR_005653,2025-06-28,US,Web Referral
USR_005654,2025-02-04,US,Organic App Store Search
USR_005655,2025-03-23,FR,Social Media Campaign
USR_005656,2025-08-08,DE,Organic App Store Search
USR_005657,2025-06-07,US,Apple Search Ads
USR_005658,2025-01-04,US,Apple Search Ads
USR_005659,2025-06-16,FR,Organic App Store Search
USR_005660,2025-07-23,US,Organic App Store Search
USR_005661,2025-07-13,CA,Apple Search Ads
USR_005662,2025-08-23,US,Social Media Campaign
USR_005663,2025-07-25,US,Web Referral
USR_005664,2025-05-30,US,Organic App Store Search
USR_005665,2025-06-08,US,Organic App Store Search
USR_005666,2025-06-15,US,Apple Search Ads
USR_005667,2025-03-09,UK,Apple Search Ads
USR_005668,2025-03-29,CA,Web Referral
USR_005669,2025-08-05,US,Organic App Store Search
USR_005670,2025-01-01,AU,Organic App Store Search
USR_005671,2025-05-15,UK,Apple Search Ads
USR_005672,2025-07-04,US,Organic App Store Search
USR_005673,2025-05-20,US,Apple Search Ads
USR_005674,2025-04-16,US,Organic App Store Search
USR_005675,2025-05-13,JP,Organic App Store Search
USR_005676,2025-04-18,CA,Apple Search Ads
USR_005677,2025-06-27,US,Organic App Store Search
USR_005678,2025-05-26,AU,Organic App Store Search
USR_005679,2025-03-15,US,Web Referral
USR_005680,2025-04-18,US,Web Referral
USR_005681,2025-05-02,UK,Web Referral
USR_005682,2025-01-17,DE,Web Referral
USR_005683,2025-07-15,US,Organic App Store Search
USR_005684,2025-09-09,FR,Organic App Store Search
USR_005685,2025-04-29,US,Organic App Store Search
USR_005686,2025-06-11,US,Social Media Campaign
USR_005687,2025-07-17,JP,Social Media Campaign
USR_005688,2025-02-14,UK,Apple Search Ads
USR_005689,2025-06-28,DE,Web Referral
USR_005690,2025-02-13,DE,Apple Search Ads
USR_005691,2025-03-19,FR,Organic App Store Search
USR_005692,2025-06-27,US,Organic App Store Search
USR_005693,2025-01-03,US,Organic App Store Search
USR_005694,2025-08-02,DE,Organic App Store Search
USR_005695,2025-03-15,UK,Organic App Store Search
USR_005696,2025-02-20,UK,Social Media Campaign
USR_005697,2025-03-08,US,Organic App Store Search
USR_005698,2025-04-03,US,Apple Search Ads
USR_005699,2025-06-25,UK,Organic App Store Search
USR_005700,2025-05-25,US,Web Referral
USR_005701,2025-01-07,US,Social Media Campaign
USR_005702,2025-09-26,US,Web Referral
USR_005703,2025-01-04,US,Organic App Store Search
USR_005704,2025-05-18,DE,Organic App Store Search
USR_005705,2025-08-19,AU,Apple Search Ads
USR_005706,2025-03-29,US,Organic App Store Search
USR_005707,2025-01-17,US,Organic App Store Search
USR_005708,2025-02-21,UK,Organic App Store Search
USR_005709,2025-05-14,US,Organic App Store Search
USR_005710,2025-07-30,DE,Web Referral
USR_005711,2025-08-07,DE,Organic App Store Search
USR_005712,2025-07-24,FR,Web Referral
USR_005713,2025-07-30,UK,Organic App Store Search
USR_005714,2025-01-24,US,Organic App Store Search
USR_005715,2025-01-04,CA,Apple Search Ads
USR_005716,2025-06-01,US,Social Media Campaign
USR_005717,2025-09-16,US,Apple Search Ads
USR_005718,2025-06-17,US,Apple Search Ads
USR_005719,2025-06-25,US,Organic App Store Search
USR_005720,2025-02-25,US,Organic App Store Search
USR_005721,2025-04-18,US,Organic App Store Search
USR_005722,2025-05-21,CA,Organic App Store Search
USR_005723,2025-06-04,JP,Web Referral
USR_005724,2025-09-19,US,Web Referral
USR_005725,2025-08-20,UK,Organic App Store Search
USR_005726,2025-08-29,US,Apple Search Ads
USR_005727,2025-09-15,FR,Apple Search Ads
USR_005728,2025-09-06,US,Organic App Store Search
USR_005729,2025-03-18,FR,Organic App Store Search
USR_005730,2025-06-29,US,Organic App Store Search
USR_005731,2025-03-07,DE,Apple Search Ads
USR_005732,2025-06-20,US,Organic App Store Search
USR_005733,2025-01-22,US,Web Referral
USR_005734,2025-04-17,US,Organic App Store Search
USR_005735,2025-08-15,US,Organic App Store Search
USR_005736,2025-08-04,DE,Organic App Store Search
USR_005737,2025-03-10,CA,Social Media Campaign
USR_005738,2025-03-25,US,Apple Search Ads
USR_005739,2025-04-13,JP,Apple Search Ads
USR_005740,2025-02-08,UK,Organic App Store Search
USR_005741,2025-01-13,JP,Organic App Store Search
USR_005742,2025-06-30,US,Organic App Store Search
USR_005743,2025-09-25,FR,Organic App Store Search
USR_005744,2025-01-13,US,Apple Search Ads
USR_005745,2025-04-30,UK,Organic App Store Search
USR_005746,2025-02-26,US,Organic App Store Search
USR_005747,2025-02-09,UK,Organic App Store Search
USR_005748,2025-05-08,UK,Organic App Store Search
USR_005749,2025-06-22,US,Social Media Campaign
USR_005750,2025-02-04,JP,Social Media Campaign
USR_005751,2025-09-16,JP,Social Media Campaign
USR_005752,2025-01-05,JP,Apple Search Ads
USR_005753,2025-08-06,JP,Organic App Store Search
USR_005754,2025-01-11,DE,Apple Search Ads
USR_005755,2025-04-27,JP,Organic App Store Search
USR_005756,2025-07-03,FR,Social Media Campaign
USR_005757,2025-04-26,US,Social Media Campaign
USR_005758,2025-06-11,DE,Apple Search Ads
USR_005759,2025-03-08,FR,Organic App Store Search
USR_005760,2025-07-19,AU,Web Referral
USR_005761,2025-01-31,US,Social Media Campaign
USR_005762,2025-03-16,US,Apple Search Ads
USR_005763,2025-08-25,DE,Organic App Store Search
USR_005764,2025-03-07,JP,Organic App Store Search
USR_005765,2025-03-11,US,Organic App Store Search
USR_005766,2025-01-20,US,Organic App Store Search
USR_005767,2025-08-14,US,Apple Search Ads
USR_005768,2025-07-18,UK,Social Media Campaign
USR_005769,2025-02-08,US,Organic App Store Search
USR_005770,2025-05-25,CA,Apple Search Ads
USR_005771,2025-02-14,JP,Organic App Store Search
USR_005772,2025-04-01,CA,Organic App Store Search
USR_005773,2025-08-26,US,Web Referral
USR_005774,2025-03-11,FR,Apple Search Ads
USR_005775,2025-06-15,UK,Apple Search Ads
USR_005776,2025-05-10,US,Organic App Store Search
USR_005777,2025-08-02,UK,Organic App Store Search
USR_005778,2025-03-30,CA,Organic App Store Search
USR_005779,2025-09-09,DE,Organic App Store Search
USR_005780,2025-03-13,FR,Organic App Store Search
USR_005781,2025-06-14,US,Social Media Campaign
USR_005782,2025-02-18,US,Organic App Store Search
USR_005783,2025-02-21,US,Organic App Store Search
USR_005784,2025-04-24,AU,Apple Search Ads
USR_005785,2025-08-27,DE,Web Referral
USR_005786,2025-05-13,US,Web Referral
USR_005787,2025-06-15,US,Social Media Campaign
USR_005788,2025-08-31,JP,Organic App Store Search
USR_005789,2025-05-18,FR,Organic App Store Search
USR_005790,2025-03-20,US,Social Media Campaign
USR_005791,2025-06-19,DE,Social Media Campaign
USR_005792,2025-05-03,CA,Apple Search Ads
USR_005793,2025-06-25,US,Organic App Store Search
USR_005794,2025-03-23,US,Organic App Store Search
USR_005795,2025-03-28,US,Social Media Campaign
USR_005796,2025-08-13,US,Organic App Store Search
USR_005797,2025-01-16,CA,Apple Search Ads
USR_005798,2025-06-12,US,Web Referral
USR_005799,2025-04-08,US,Apple Search Ads
USR_005800,2025-06-05,UK,Organic App Store Search
USR_005801,2025-01-02,US,Organic App Store Search
USR_005802,2025-06-18,AU,Organic App Store Search
USR_005803,2025-04-02,US,Apple Search Ads
USR_005804,2025-06-30,UK,Apple Search Ads
USR_005805,2025-08-19,JP,Organic App Store Search
USR_005806,2025-05-28,US,Organic App Store Search
USR_005807,2025-07-08,CA,Organic App Store Search
USR_005808,2025-05-08,US,Web Referral
USR_005809,2025-01-07,FR,Social Media Campaign
USR_005810,2025-02-16,DE,Organic App Store Search
USR_005811,2025-02-22,US,Web Referral
USR_005812,2025-07-06,CA,Apple Search Ads
USR_005813,2025-02-07,US,Social Media Campaign
USR_005814,2025-08-14,JP,Apple Search Ads
USR_005815,2025-02-22,US,Social Media Campaign
USR_005816,2025-08-12,DE,Organic App Store Search
USR_005817,2025-06-03,US,Apple Search Ads
USR_005818,2025-02-17,CA,Social Media Campaign
USR_005819,2025-05-27,JP,Organic App Store Search
USR_005820,2025-03-05,FR,Organic App Store Search
USR_005821,2025-07-01,US,Organic App Store Search
USR_005822,2025-05-05,UK,Organic App Store Search
USR_005823,2025-06-28,US,Organic App Store Search
USR_005824,2025-02-08,US,Apple Search Ads
USR_005825,2025-09-17,US,Organic App Store Search
USR_005826,2025-01-03,US,Organic App Store Search
USR_005827,2025-03-05,UK,Web Referral
USR_005828,2025-01-29,US,Apple Search Ads
USR_005829,2025-01-11,UK,Organic App Store Search
USR_005830,2025-04-07,US,Organic App Store Search
USR_005831,2025-07-22,US,Apple Search Ads
USR_005832,2025-01-21,AU,Social Media Campaign
USR_005833,2025-02-08,US,Organic App Store Search
USR_005834,2025-08-11,US,Web Referral
USR_005835,2025-04-12,US,Social Media Campaign
USR_005836,2025-02-15,UK,Social Media Campaign
USR_005837,2025-03-07,CA,Organic App Store Search
USR_005838,2025-04-01,US,Organic App Store Search
USR_005839,2025-06-13,US,Organic App Store Search
USR_005840,2025-04-21,FR,Organic App Store Search
USR_005841,2025-05-03,JP,Organic App Store Search
USR_005842,2025-07-12,US,Organic App Store Search
USR_005843,2025-04-09,UK,Apple Search Ads
USR_005844,2025-06-08,US,Organic App Store Search
USR_005845,2025-04-13,US,Organic App Store Search
USR_005846,2025-02-12,US,Web Referral
USR_005847,2025-03-25,CA,Organic App Store Search
USR_005848,2025-07-10,US,Apple Search Ads
USR_005849,2025-02-20,FR,Apple Search Ads
USR_005850,2025-07-29,UK,Web Referral
USR_005851,2025-05-06,US,Social Media Campaign
USR_005852,2025-03-10,DE,Organic App Store Search
USR_005853,2025-09-22,US,Web Referral
USR_005854,2025-09-15,US,Organic App Store Search
USR_005855,2025-07-07,US,Apple Search Ads
USR_005856,2025-08-18,US,Organic App Store Search
USR_005857,2025-07-08,US,Apple Search Ads
USR_005858,2025-01-10,US,Apple Search Ads
USR_005859,2025-04-24,US,Apple Search Ads
USR_005860,2025-03-17,US,Apple Search Ads
USR_005861,2025-06-13,JP,Organic App Store Search
USR_005862,2025-03-26,US,Organic App Store Search
USR_005863,2025-02-18,US,Apple Search Ads
USR_005864,2025-06-26,JP,Organic App Store Search
USR_005865,2025-08-06,CA,Organic App Store Search
USR_005866,2025-07-08,UK,Apple Search Ads
USR_005867,2025-08-18,US,Web Referral
USR_005868,2025-09-12,CA,Organic App Store Search
USR_005869,2025-08-24,US,Apple Search Ads
USR_005870,2025-01-26,CA,Organic App Store Search
USR_005871,2025-03-13,JP,Organic App Store Search
USR_005872,2025-09-18,UK,Organic App Store Search
USR_005873,2025-09-11,US,Apple Search Ads
USR_005874,2025-05-03,CA,Social Media Campaign
USR_005875,2025-05-24,UK,Organic App Store Search
USR_005876,2025-09-14,UK,Apple Search Ads
USR_005877,2025-05-24,UK,Organic App Store Search
USR_005878,2025-09-16,CA,Organic App Store Search
USR_005879,2025-02-16,UK,Apple Search Ads
USR_005880,2025-01-13,JP,Organic App Store Search
USR_005881,2025-07-27,DE,Organic App Store Search
USR_005882,2025-08-23,US,Social Media Campaign
USR_005883,2025-05-29,AU,Social Media Campaign
USR_005884,2025-06-04,US,Social Media Campaign
USR_005885,2025-06-15,DE,Organic App Store Search
USR_005886,2025-03-31,US,Organic App Store Search
USR_005887,2025-07-05,UK,Social Media Campaign
USR_005888,2025-06-23,DE,Organic App Store Search
USR_005889,2025-08-05,US,Apple Search Ads
USR_005890,2025-09-21,DE,Social Media Campaign
USR_005891,2025-04-07,CA,Social Media Campaign
USR_005892,2025-04-27,US,Organic App Store Search
USR_005893,2025-07-18,US,Web Referral
USR_005894,2025-01-21,FR,Apple Search Ads
USR_005895,2025-07-19,US,Apple Search Ads
USR_005896,2025-09-05,CA,Apple Search Ads
USR_005897,2025-09-21,AU,Organic App Store Search
USR_005898,2025-02-27,FR,Organic App Store Search
USR_005899,2025-01-31,AU,Social Media Campaign
USR_005900,2025-09-06,UK,Organic App Store Search
USR_005901,2025-04-03,FR,Organic App Store Search
USR_005902,2025-09-22,DE,Organic App Store Search
USR_005903,2025-04-04,AU,Organic App Store Search
USR_005904,2025-06-03,US,Apple Search Ads
USR_005905,2025-03-21,US,Web Referral
USR_005906,2025-03-25,CA,Organic App Store Search
USR_005907,2025-02-06,UK,Apple Search Ads
USR_005908,2025-08-20,US,Social Media Campaign
USR_005909,2025-04-03,US,Apple Search Ads
USR_005910,2025-04-12,UK,Organic App Store Search
USR_005911,2025-06-15,US,Apple Search Ads
USR_005912,2025-06-08,US,Web Referral
USR_005913,2025-01-14,US,Organic App Store Search
USR_005914,2025-08-13,DE,Apple Search Ads
USR_005915,2025-03-14,UK,Web Referral
USR_005916,2025-09-06,US,Social Media Campaign
USR_005917,2025-04-01,US,Apple Search Ads
USR_005918,2025-08-04,UK,Web Referral
USR_005919,2025-03-31,DE,Organic App Store Search
USR_005920,2025-01-29,CA,Social Media Campaign
USR_005921,2025-08-08,US,Organic App Store Search
USR_005922,2025-08-03,US,Organic App Store Search
USR_005923,2025-08-09,FR,Apple Search Ads
USR_005924,2025-02-11,US,Organic App Store Search
USR_005925,2025-05-15,UK,Organic App Store Search
USR_005926,2025-02-11,US,Organic App Store Search
USR_005927,2025-06-13,US,Organic App Store Search
USR_005928,2025-02-27,US,Organic App Store Search
USR_005929,2025-01-25,UK,Social Media Campaign
USR_005930,2025-03-14,US,Organic App Store Search
USR_005931,2025-05-09,US,Apple Search Ads
USR_005932,2025-03-28,US,Apple Search Ads
USR_005933,2025-06-02,US,Organic App Store Search
USR_005934,2025-07-01,US,Web Referral
USR_005935,2025-05-05,US,Social Media Campaign
USR_005936,2025-03-08,US,Organic App Store Search
USR_005937,2025-01-06,DE,Web Referral
USR_005938,2025-05-05,CA,Apple Search Ads
USR_005939,2025-02-22,US,Organic App Store Search
USR_005940,2025-03-07,US,Apple Search Ads
USR_005941,2025-03-23,CA,Apple Search Ads
USR_005942,2025-03-28,US,Apple Search Ads
USR_005943,2025-01-02,US,Apple Search Ads
USR_005944,2025-07-23,CA,Organic App Store Search
USR_005945,2025-05-30,FR,Web Referral
USR_005946,2025-04-13,UK,Social Media Campaign
USR_005947,2025-01-24,US,Apple Search Ads
USR_005948,2025-07-31,FR,Organic App Store Search
USR_005949,2025-03-06,US,Apple Search Ads
USR_005950,2025-07-28,FR,Apple Search Ads
USR_005951,2025-09-08,US,Social Media Campaign
USR_005952,2025-04-27,US,Web Referral
USR_005953,2025-04-26,UK,Web Referral
USR_005954,2025-08-25,JP,Organic App Store Search
USR_005955,2025-04-15,FR,Social Media Campaign
USR_005956,2025-09-16,UK,Organic App Store Search
USR_005957,2025-02-15,CA,Organic App Store Search
USR_005958,2025-08-04,UK,Organic App Store Search
USR_005959,2025-01-24,CA,Social Media Campaign
USR_005960,2025-02-04,DE,Web Referral
USR_005961,2025-01-24,US,Organic App Store Search
USR_005962,2025-01-28,US,Organic App Store Search
USR_005963,2025-01-16,JP,Web Referral
USR_005964,2025-02-28,FR,Apple Search Ads
USR_005965,2025-08-31,US,Organic App Store Search
USR_005966,2025-07-26,US,Apple Search Ads
USR_005967,2025-09-06,JP,Apple Search Ads
USR_005968,2025-09-24,UK,Web Referral
USR_005969,2025-07-12,UK,Organic App Store Search
USR_005970,2025-08-06,US,Organic App Store Search
USR_005971,2025-04-25,FR,Organic App Store Search
USR_005972,2025-03-09,US,Organic App Store Search
USR_005973,2025-03-16,US,Apple Search Ads
USR_005974,2025-04-13,US,Web Referral
USR_005975,2025-06-27,FR,Apple Search Ads
USR_005976,2025-08-03,AU,Web Referral
USR_005977,2025-02-08,DE,Web Referral
USR_005978,2025-09-16,US,Organic App Store Search
USR_005979,2025-07-23,FR,Organic App Store Search
USR_005980,2025-01-07,DE,Apple Search Ads
USR_005981,2025-02-18,DE,Organic App Store Search
USR_005982,2025-01-26,JP,Apple Search Ads
USR_005983,2025-06-10,US,Organic App Store Search
USR_005984,2025-06-25,CA,Apple Search Ads
USR_005985,2025-03-20,FR,Apple Search Ads
USR_005986,2025-01-02,DE,Organic App Store Search
USR_005987,2025-05-12,UK,Apple Search Ads
USR_005988,2025-04-27,US,Organic App Store Search
USR_005989,2025-06-13,CA,Organic App Store Search
USR_005990,2025-01-28,UK,Apple Search Ads
USR_005991,2025-01-01,US,Organic App Store Search
USR_005992,2025-07-07,FR,Social Media Campaign
USR_005993,2025-02-25,US,Organic App Store Search
USR_005994,2025-02-04,US,Apple Search Ads
USR_005995,2025-04-22,CA,Apple Search Ads
USR_005996,2025-02-05,UK,Organic App Store Search
USR_005997,2025-08-05,US,Organic App Store Search
USR_005998,2025-03-21,US,Apple Search Ads
USR_005999,2025-03-24,US,Organic App Store Search
USR_006000,2025-03-06,US,Organic App Store Search
USR_006001,2025-05-08,US,Apple Search Ads
USR_006002,2025-01-22,US,Organic App Store Search
USR_006003,2025-08-04,US,Apple Search Ads
USR_006004,2025-04-17,UK,Social Media Campaign
USR_006005,2025-04-19,FR,Organic App Store Search
USR_006006,2025-06-30,UK,Organic App Store Search
USR_006007,2025-06-13,AU,Organic App Store Search
USR_006008,2025-03-09,US,Apple Search Ads
USR_006009,2025-06-29,DE,Organic App Store Search
USR_006010,2025-06-30,CA,Organic App Store Search
USR_006011,2025-06-18,UK,Organic App Store Search
USR_006012,2025-01-22,US,Organic App Store Search
USR_006013,2025-03-07,US,Apple Search Ads
USR_006014,2025-01-21,CA,Organic App Store Search
USR_006015,2025-04-10,US,Organic App Store Search
USR_006016,2025-04-13,FR,Organic App Store Search
USR_006017,2025-02-16,US,Organic App Store Search
USR_006018,2025-02-08,US,Organic App Store Search
USR_006019,2025-03-31,UK,Organic App Store Search
USR_006020,2025-03-26,FR,Organic App Store Search
USR_006021,2025-07-07,US,Social Media Campaign
USR_006022,2025-06-08,CA,Organic App Store Search
USR_006023,2025-08-31,US,Apple Search Ads
USR_006024,2025-03-14,UK,Organic App Store Search
USR_006025,2025-02-18,DE,Apple Search Ads
USR_006026,2025-04-11,FR,Organic App Store Search
USR_006027,2025-01-02,US,Web Referral
USR_006028,2025-09-01,US,Social Media Campaign
USR_006029,2025-06-25,CA,Organic App Store Search
USR_006030,2025-08-26,US,Organic App Store Search
USR_006031,2025-02-28,CA,Apple Search Ads
USR_006032,2025-04-09,UK,Web Referral
USR_006033,2025-01-02,US,Organic App Store Search
USR_006034,2025-08-31,DE,Organic App Store Search
USR_006035,2025-07-30,US,Organic App Store Search
USR_006036,2025-05-03,JP,Organic App Store Search
USR_006037,2025-08-17,DE,Organic App Store Search
USR_006038,2025-03-23,AU,Organic App Store Search
USR_006039,2025-05-24,US,Organic App Store Search
USR_006040,2025-05-20,FR,Organic App Store Search
USR_006041,2025-01-29,DE,Apple Search Ads
USR_006042,2025-09-27,US,Apple Search Ads
USR_006043,2025-09-04,US,Organic App Store Search
USR_006044,2025-01-12,US,Social Media Campaign
USR_006045,2025-04-16,JP,Organic App Store Search
USR_006046,2025-02-01,FR,Organic App Store Search
USR_006047,2025-03-15,FR,Apple Search Ads
USR_006048,2025-06-20,DE,Apple Search Ads
USR_006049,2025-03-10,UK,Social Media Campaign
USR_006050,2025-05-17,US,Organic App Store Search
USR_006051,2025-04-10,US,Organic App Store Search
USR_006052,2025-05-26,US,Apple Search Ads
USR_006053,2025-01-09,UK,Organic App Store Search
USR_006054,2025-03-03,FR,Organic App Store Search
USR_006055,2025-07-04,JP,Apple Search Ads
USR_006056,2025-01-29,US,Organic App Store Search
USR_006057,2025-04-24,CA,Organic App Store Search
USR_006058,2025-05-23,UK,Organic App Store Search
USR_006059,2025-04-30,UK,Organic App Store Search
USR_006060,2025-06-19,CA,Organic App Store Search
USR_006061,2025-06-06,US,Organic App Store Search
USR_006062,2025-09-17,FR,Organic App Store Search
USR_006063,2025-03-23,AU,Social Media Campaign
USR_006064,2025-08-30,DE,Organic App Store Search
USR_006065,2025-06-21,US,Social Media Campaign
USR_006066,2025-08-19,US,Organic App Store Search
USR_006067,2025-07-27,US,Organic App Store Search
USR_006068,2025-03-16,DE,Organic App Store Search
USR_006069,2025-09-27,FR,Organic App Store Search
USR_006070,2025-04-24,US,Apple Search Ads
USR_006071,2025-03-03,DE,Organic App Store Search
USR_006072,2025-04-12,UK,Apple Search Ads
USR_006073,2025-07-29,US,Organic App Store Search
USR_006074,2025-09-12,AU,Apple Search Ads
USR_006075,2025-01-20,DE,Apple Search Ads
USR_006076,2025-02-27,US,Organic App Store Search
USR_006077,2025-04-22,US,Social Media Campaign
USR_006078,2025-07-15,UK,Social Media Campaign
USR_006079,2025-04-02,US,Web Referral
USR_006080,2025-02-21,FR,Organic App Store Search
USR_006081,2025-01-08,UK,Social Media Campaign
USR_006082,2025-04-08,US,Social Media Campaign
USR_006083,2025-08-24,US,Apple Search Ads
USR_006084,2025-03-10,JP,Apple Search Ads
USR_006085,2025-02-14,AU,Web Referral
USR_006086,2025-05-17,AU,Web Referral
USR_006087,2025-08-22,US,Apple Search Ads
USR_006088,2025-02-01,FR,Organic App Store Search
USR_006089,2025-05-06,US,Social Media Campaign
USR_006090,2025-03-08,CA,Organic App Store Search
USR_006091,2025-01-30,JP,Organic App Store Search
USR_006092,2025-04-24,US,Web Referral
USR_006093,2025-07-23,UK,Social Media Campaign
USR_006094,2025-01-29,US,Web Referral
USR_006095,2025-05-11,UK,Apple Search Ads
USR_006096,2025-07-04,US,Organic App Store Search
USR_006097,2025-09-10,FR,Web Referral
USR_006098,2025-03-03,US,Organic App Store Search
USR_006099,2025-01-03,CA,Social Media Campaign
USR_006100,2025-03-09,FR,Apple Search Ads
USR_006101,2025-01-25,JP,Organic App Store Search
USR_006102,2025-06-28,UK,Organic App Store Search
USR_006103,2025-05-21,UK,Organic App Store Search
USR_006104,2025-08-19,US,Apple Search Ads
USR_006105,2025-06-12,US,Organic App Store Search
USR_006106,2025-05-10,CA,Organic App Store Search
USR_006107,2025-09-03,US,Apple Search Ads
USR_006108,2025-06-21,US,Apple Search Ads
USR_006109,2025-03-05,US,Organic App Store Search
USR_006110,2025-01-31,CA,Apple Search Ads
USR_006111,2025-02-16,US,Organic App Store Search
USR_006112,2025-05-10,US,Organic App Store Search
USR_006113,2025-04-20,US,Organic App Store Search
USR_006114,2025-03-10,UK,Apple Search Ads
USR_006115,2025-02-27,CA,Organic App Store Search
USR_006116,2025-04-16,UK,Organic App Store Search
USR_006117,2025-09-13,DE,Organic App Store Search
USR_006118,2025-06-20,US,Web Referral
USR_006119,2025-06-11,US,Web Referral
USR_006120,2025-03-12,US,Organic App Store Search
USR_006121,2025-09-12,UK,Organic App Store Search
USR_006122,2025-02-24,AU,Web Referral
USR_006123,2025-01-03,US,Organic App Store Search
USR_006124,2025-01-26,CA,Organic App Store Search
USR_006125,2025-05-06,UK,Organic App Store Search
USR_006126,2025-02-22,JP,Web Referral
USR_006127,2025-07-17,AU,Apple Search Ads
USR_006128,2025-07-07,CA,Organic App Store Search
USR_006129,2025-07-05,UK,Organic App Store Search
USR_006130,2025-07-23,JP,Web Referral
USR_006131,2025-01-11,JP,Organic App Store Search
USR_006132,2025-05-26,UK,Apple Search Ads
USR_006133,2025-03-26,UK,Organic App Store Search
USR_006134,2025-04-10,UK,Social Media Campaign
USR_006135,2025-04-14,US,Organic App Store Search
USR_006136,2025-02-15,UK,Social Media Campaign
USR_006137,2025-02-13,US,Organic App Store Search
USR_006138,2025-06-30,FR,Organic App Store Search
USR_006139,2025-07-06,UK,Organic App Store Search
USR_006140,2025-04-24,DE,Social Media Campaign
USR_006141,2025-09-12,UK,Organic App Store Search
USR_006142,2025-01-30,AU,Organic App Store Search
USR_006143,2025-09-21,US,Apple Search Ads
USR_006144,2025-04-08,CA,Apple Search Ads
USR_006145,2025-04-25,UK,Apple Search Ads
USR_006146,2025-09-18,US,Organic App Store Search
USR_006147,2025-07-26,FR,Organic App Store Search
USR_006148,2025-07-30,US,Apple Search Ads
USR_006149,2025-08-03,UK,Organic App Store Search
USR_006150,2025-02-09,US,Web Referral
USR_006151,2025-01-26,FR,Apple Search Ads
USR_006152,2025-01-27,US,Organic App Store Search
USR_006153,2025-07-09,CA,Organic App Store Search
USR_006154,2025-03-24,US,Organic App Store Search
USR_006155,2025-06-19,US,Apple Search Ads
USR_006156,2025-06-16,FR,Organic App Store Search
USR_006157,2025-07-07,US,Social Media Campaign
USR_006158,2025-06-18,CA,Organic App Store Search
USR_006159,2025-08-17,US,Organic App Store Search
USR_006160,2025-04-07,US,Organic App Store Search
USR_006161,2025-01-16,UK,Apple Search Ads
USR_006162,2025-05-15,UK,Organic App Store Search
USR_006163,2025-01-26,CA,Organic App Store Search
USR_006164,2025-01-12,CA,Apple Search Ads
USR_006165,2025-03-13,US,Organic App Store Search
USR_006166,2025-05-13,US,Apple Search Ads
USR_006167,2025-04-16,US,Apple Search Ads
USR_006168,2025-08-08,DE,Web Referral
USR_006169,2025-06-26,DE,Apple Search Ads
USR_006170,2025-05-13,US,Apple Search Ads
USR_006171,2025-01-22,US,Organic App Store Search
USR_006172,2025-09-26,US,Organic App Store Search
USR_006173,2025-06-10,JP,Organic App Store Search
USR_006174,2025-04-17,DE,Apple Search Ads
USR_006175,2025-08-23,US,Organic App Store Search
USR_006176,2025-01-18,UK,Apple Search Ads
USR_006177,2025-08-30,US,Organic App Store Search
USR_006178,2025-04-27,UK,Apple Search Ads
USR_006179,2025-05-24,AU,Organic App Store Search
USR_006180,2025-07-24,US,Organic App Store Search
USR_006181,2025-02-08,FR,Web Referral
USR_006182,2025-06-03,UK,Apple Search Ads
USR_006183,2025-06-25,US,Organic App Store Search
USR_006184,2025-08-29,CA,Apple Search Ads
USR_006185,2025-05-14,UK,Organic App Store Search
USR_006186,2025-02-15,FR,Social Media Campaign
USR_006187,2025-02-19,US,Social Media Campaign
USR_006188,2025-06-15,US,Organic App Store Search
USR_006189,2025-04-16,CA,Social Media Campaign
USR_006190,2025-08-04,UK,Organic App Store Search
USR_006191,2025-05-26,US,Social Media Campaign
USR_006192,2025-03-13,JP,Organic App Store Search
USR_006193,2025-09-04,US,Organic App Store Search
USR_006194,2025-07-05,US,Social Media Campaign
USR_006195,2025-03-11,FR,Organic App Store Search
USR_006196,2025-05-30,US,Web Referral
USR_006197,2025-09-03,US,Organic App Store Search
USR_006198,2025-09-19,UK,Organic App Store Search
USR_006199,2025-01-26,US,Apple Search Ads
USR_006200,2025-05-20,JP,Organic App Store Search
USR_006201,2025-04-09,UK,Organic App Store Search
USR_006202,2025-02-20,UK,Organic App Store Search
USR_006203,2025-05-31,US,Web Referral
USR_006204,2025-04-14,US,Social Media Campaign
USR_006205,2025-03-30,CA,Organic App Store Search
USR_006206,2025-05-21,UK,Organic App Store Search
USR_006207,2025-08-01,DE,Organic App Store Search
USR_006208,2025-08-21,US,Apple Search Ads
USR_006209,2025-07-02,CA,Web Referral
USR_006210,2025-09-08,US,Apple Search Ads
USR_006211,2025-01-09,UK,Organic App Store Search
USR_006212,2025-03-20,CA,Apple Search Ads
USR_006213,2025-02-21,US,Web Referral
USR_006214,2025-09-26,UK,Apple Search Ads
USR_006215,2025-08-14,US,Web Referral
USR_006216,2025-02-20,UK,Organic App Store Search
USR_006217,2025-07-05,CA,Apple Search Ads
USR_006218,2025-02-03,US,Apple Search Ads
USR_006219,2025-08-18,FR,Apple Search Ads
USR_006220,2025-05-11,UK,Apple Search Ads
USR_006221,2025-04-30,FR,Organic App Store Search
USR_006222,2025-09-04,US,Organic App Store Search
USR_006223,2025-07-11,FR,Web Referral
USR_006224,2025-07-29,US,Organic App Store Search
USR_006225,2025-04-13,UK,Web Referral
USR_006226,2025-05-13,FR,Apple Search Ads
USR_006227,2025-05-19,US,Organic App Store Search
USR_006228,2025-05-01,US,Web Referral
USR_006229,2025-04-04,DE,Social Media Campaign
USR_006230,2025-05-09,UK,Organic App Store Search
USR_006231,2025-04-01,UK,Organic App Store Search
USR_006232,2025-04-02,US,Social Media Campaign
USR_006233,2025-03-04,CA,Social Media Campaign
USR_006234,2025-01-29,US,Social Media Campaign
USR_006235,2025-07-29,FR,Apple Search Ads
USR_006236,2025-01-12,CA,Organic App Store Search
USR_006237,2025-05-10,AU,Social Media Campaign
USR_006238,2025-06-22,US,Organic App Store Search
USR_006239,2025-07-27,FR,Organic App Store Search
USR_006240,2025-01-24,UK,Organic App Store Search
USR_006241,2025-04-09,FR,Organic App Store Search
USR_006242,2025-05-19,US,Apple Search Ads
USR_006243,2025-06-23,DE,Organic App Store Search
USR_006244,2025-01-29,UK,Organic App Store Search
USR_006245,2025-05-23,US,Organic App Store Search
USR_006246,2025-02-11,US,Apple Search Ads
USR_006247,2025-07-27,US,Organic App Store Search
USR_006248,2025-07-11,US,Organic App Store Search
USR_006249,2025-06-09,US,Social Media Campaign
USR_006250,2025-03-05,UK,Organic App Store Search
USR_006251,2025-08-31,CA,Organic App Store Search
USR_006252,2025-09-15,UK,Web Referral
USR_006253,2025-06-01,US,Organic App Store Search
USR_006254,2025-08-03,DE,Organic App Store Search
USR_006255,2025-06-15,FR,Apple Search Ads
USR_006256,2025-01-31,US,Social Media Campaign
USR_006257,2025-08-20,US,Social Media Campaign
USR_006258,2025-01-29,UK,Organic App Store Search
USR_006259,2025-07-14,AU,Apple Search Ads
USR_006260,2025-09-13,CA,Apple Search Ads
USR_006261,2025-03-28,CA,Organic App Store Search
USR_006262,2025-05-29,US,Organic App Store Search
USR_006263,2025-09-06,DE,Apple Search Ads
USR_006264,2025-07-17,US,Organic App Store Search
USR_006265,2025-02-13,US,Organic App Store Search
USR_006266,2025-01-28,US,Organic App Store Search
USR_006267,2025-01-17,US,Organic App Store Search
USR_006268,2025-05-07,CA,Organic App Store Search
USR_006269,2025-06-17,CA,Organic App Store Search
USR_006270,2025-09-01,JP,Organic App Store Search
USR_006271,2025-03-17,US,Web Referral
USR_006272,2025-08-19,JP,Organic App Store Search
USR_006273,2025-07-23,CA,Organic App Store Search
USR_006274,2025-09-05,UK,Web Referral
USR_006275,2025-08-02,FR,Social Media Campaign
USR_006276,2025-08-03,CA,Organic App Store Search
USR_006277,2025-06-07,US,Organic App Store Search
USR_006278,2025-03-10,FR,Apple Search Ads
USR_006279,2025-03-26,CA,Web Referral
USR_006280,2025-09-24,CA,Organic App Store Search
USR_006281,2025-03-10,FR,Organic App Store Search
USR_006282,2025-04-09,US,Social Media Campaign
USR_006283,2025-08-04,CA,Organic App Store Search
USR_006284,2025-06-10,AU,Apple Search Ads
USR_006285,2025-04-04,UK,Apple Search Ads
USR_006286,2025-06-23,US,Organic App Store Search
USR_006287,2025-06-14,DE,Organic App Store Search
USR_006288,2025-04-25,US,Apple Search Ads
USR_006289,2025-08-08,AU,Apple Search Ads
USR_006290,2025-01-31,FR,Social Media Campaign
USR_006291,2025-01-11,US,Social Media Campaign
USR_006292,2025-05-10,US,Organic App Store Search
USR_006293,2025-04-15,US,Apple Search Ads
USR_006294,2025-01-27,UK,Organic App Store Search
USR_006295,2025-08-15,FR,Apple Search Ads
USR_006296,2025-01-02,UK,Organic App Store Search
USR_006297,2025-04-11,US,Apple Search Ads
USR_006298,2025-01-21,CA,Apple Search Ads
USR_006299,2025-02-27,AU,Apple Search Ads
USR_006300,2025-06-29,US,Social Media Campaign
USR_006301,2025-01-20,AU,Organic App Store Search
USR_006302,2025-09-12,US,Organic App Store Search
USR_006303,2025-02-07,DE,Organic App Store Search
USR_006304,2025-05-28,US,Web Referral
USR_006305,2025-01-25,US,Organic App Store Search
USR_006306,2025-05-01,FR,Organic App Store Search
USR_006307,2025-01-26,UK,Web Referral
USR_006308,2025-06-18,US,Social Media Campaign
USR_006309,2025-08-13,FR,Social Media Campaign
USR_006310,2025-01-01,CA,Organic App Store Search
USR_006311,2025-09-18,US,Social Media Campaign
USR_006312,2025-01-13,CA,Apple Search Ads
USR_006313,2025-02-17,FR,Apple Search Ads
USR_006314,2025-04-04,CA,Organic App Store Search
USR_006315,2025-09-18,US,Apple Search Ads
USR_006316,2025-07-24,CA,Organic App Store Search
USR_006317,2025-07-04,CA,Organic App Store Search
USR_006318,2025-06-24,DE,Apple Search Ads
USR_006319,2025-03-10,US,Organic App Store Search
USR_006320,2025-04-14,CA,Organic App Store Search
USR_006321,2025-09-03,US,Organic App Store Search
USR_006322,2025-06-10,CA,Social Media Campaign
USR_006323,2025-07-19,JP,Organic App Store Search
USR_006324,2025-08-04,US,Social Media Campaign
USR_006325,2025-07-31,US,Apple Search Ads
USR_006326,2025-01-16,UK,Apple Search Ads
USR_006327,2025-07-24,AU,Organic App Store Search
USR_006328,2025-02-08,US,Apple Search Ads
USR_006329,2025-03-30,CA,Organic App Store Search
USR_006330,2025-09-13,FR,Organic App Store Search
USR_006331,2025-09-11,AU,Apple Search Ads
USR_006332,2025-08-04,AU,Web Referral
USR_006333,2025-06-21,US,Organic App Store Search
USR_006334,2025-05-17,FR,Apple Search Ads
USR_006335,2025-06-27,US,Web Referral
USR_006336,2025-03-18,US,Social Media Campaign
USR_006337,2025-07-07,US,Organic App Store Search
USR_006338,2025-01-15,CA,Apple Search Ads
USR_006339,2025-08-02,FR,Organic App Store Search
USR_006340,2025-07-27,US,Social Media Campaign
USR_006341,2025-06-18,DE,Organic App Store Search
USR_006342,2025-05-26,DE,Social Media Campaign
USR_006343,2025-09-20,UK,Web Referral
USR_006344,2025-01-04,DE,Web Referral
USR_006345,2025-03-31,US,Social Media Campaign
USR_006346,2025-03-01,US,Organic App Store Search
USR_006347,2025-01-16,FR,Organic App Store Search
USR_006348,2025-08-15,UK,Apple Search Ads
USR_006349,2025-01-29,US,Apple Search Ads
USR_006350,2025-05-31,CA,Organic App Store Search
USR_006351,2025-09-02,FR,Organic App Store Search
USR_006352,2025-09-27,CA,Web Referral
USR_006353,2025-03-20,US,Social Media Campaign
USR_006354,2025-06-02,UK,Organic App Store Search
USR_006355,2025-02-26,DE,Organic App Store Search
USR_006356,2025-07-05,US,Apple Search Ads
USR_006357,2025-04-03,US,Social Media Campaign
USR_006358,2025-06-07,UK,Apple Search Ads
USR_006359,2025-06-30,CA,Web Referral
USR_006360,2025-03-18,US,Social Media Campaign
USR_006361,2025-05-31,US,Web Referral
USR_006362,2025-08-26,US,Apple Search Ads
USR_006363,2025-08-19,US,Social Media Campaign
USR_006364,2025-01-18,US,Social Media Campaign
USR_006365,2025-03-14,UK,Organic App Store Search
USR_006366,2025-07-08,UK,Organic App Store Search
USR_006367,2025-01-17,UK,Social Media Campaign
USR_006368,2025-01-19,US,Organic App Store Search
USR_006369,2025-08-07,US,Organic App Store Search
USR_006370,2025-04-30,US,Social Media Campaign
USR_006371,2025-04-11,US,Social Media Campaign
USR_006372,2025-02-03,US,Organic App Store Search
USR_006373,2025-03-25,US,Organic App Store Search
USR_006374,2025-07-15,JP,Organic App Store Search
USR_006375,2025-07-21,US,Organic App Store Search
USR_006376,2025-01-11,FR,Web Referral
USR_006377,2025-08-06,US,Apple Search Ads
USR_006378,2025-09-10,US,Web Referral
USR_006379,2025-08-10,DE,Organic App Store Search
USR_006380,2025-03-21,US,Organic App Store Search
USR_006381,2025-01-07,US,Social Media Campaign
USR_006382,2025-08-15,JP,Organic App Store Search
USR_006383,2025-01-16,UK,Organic App Store Search
USR_006384,2025-01-12,US,Web Referral
USR_006385,2025-08-29,US,Social Media Campaign
USR_006386,2025-01-21,FR,Apple Search Ads
USR_006387,2025-06-27,FR,Apple Search Ads
USR_006388,2025-08-16,UK,Organic App Store Search
USR_006389,2025-05-14,US,Web Referral
USR_006390,2025-06-02,DE,Social Media Campaign
USR_006391,2025-03-07,US,Organic App Store Search
USR_006392,2025-05-17,US,Organic App Store Search
USR_006393,2025-04-02,CA,Social Media Campaign
USR_006394,2025-09-16,US,Organic App Store Search
USR_006395,2025-04-13,CA,Web Referral
USR_006396,2025-02-24,FR,Web Referral
USR_006397,2025-09-14,DE,Social Media Campaign
USR_006398,2025-04-11,US,Apple Search Ads
USR_006399,2025-07-17,US,Organic App Store Search
USR_006400,2025-08-14,US,Organic App Store Search
USR_006401,2025-08-25,US,Apple Search Ads
USR_006402,2025-01-26,UK,Organic App Store Search
USR_006403,2025-05-01,US,Apple Search Ads
USR_006404,2025-07-01,US,Organic App Store Search
USR_006405,2025-07-18,US,Organic App Store Search
USR_006406,2025-09-12,US,Organic App Store Search
USR_006407,2025-05-02,UK,Social Media Campaign
USR_006408,2025-01-31,UK,Organic App Store Search
USR_006409,2025-04-16,UK,Organic App Store Search
USR_006410,2025-08-12,AU,Organic App Store Search
USR_006411,2025-08-20,AU,Organic App Store Search
USR_006412,2025-09-13,US,Social Media Campaign
USR_006413,2025-01-24,US,Apple Search Ads
USR_006414,2025-04-19,UK,Organic App Store Search
USR_006415,2025-07-10,US,Organic App Store Search
USR_006416,2025-01-25,US,Web Referral
USR_006417,2025-07-06,JP,Apple Search Ads
USR_006418,2025-04-26,US,Organic App Store Search
USR_006419,2025-02-06,CA,Organic App Store Search
USR_006420,2025-05-17,UK,Organic App Store Search
USR_006421,2025-08-15,US,Organic App Store Search
USR_006422,2025-07-01,US,Social Media Campaign
USR_006423,2025-03-27,CA,Organic App Store Search
USR_006424,2025-02-22,US,Social Media Campaign
USR_006425,2025-08-23,US,Organic App Store Search
USR_006426,2025-09-24,JP,Organic App Store Search
USR_006427,2025-04-10,UK,Social Media Campaign
USR_006428,2025-03-28,US,Organic App Store Search
USR_006429,2025-01-15,US,Apple Search Ads
USR_006430,2025-04-11,UK,Social Media Campaign
USR_006431,2025-06-14,US,Web Referral
USR_006432,2025-01-29,US,Organic App Store Search
USR_006433,2025-04-24,US,Organic App Store Search
USR_006434,2025-04-17,US,Apple Search Ads
USR_006435,2025-05-10,CA,Organic App Store Search
USR_006436,2025-03-25,CA,Organic App Store Search
USR_006437,2025-09-01,US,Organic App Store Search
USR_006438,2025-08-02,US,Apple Search Ads
USR_006439,2025-06-15,US,Organic App Store Search
USR_006440,2025-02-28,UK,Social Media Campaign
USR_006441,2025-03-31,US,Social Media Campaign
USR_006442,2025-07-13,US,Organic App Store Search
USR_006443,2025-05-03,JP,Social Media Campaign
USR_006444,2025-05-16,US,Organic App Store Search
USR_006445,2025-05-19,JP,Organic App Store Search
USR_006446,2025-08-17,US,Organic App Store Search
USR_006447,2025-02-19,US,Social Media Campaign
USR_006448,2025-04-28,UK,Organic App Store Search
USR_006449,2025-07-21,US,Organic App Store Search
USR_006450,2025-07-10,US,Web Referral
USR_006451,2025-06-30,US,Organic App Store Search
USR_006452,2025-03-19,JP,Web Referral
USR_006453,2025-03-16,US,Organic App Store Search
USR_006454,2025-01-21,UK,Social Media Campaign
USR_006455,2025-06-20,AU,Apple Search Ads
USR_006456,2025-01-15,AU,Social Media Campaign
USR_006457,2025-07-30,CA,Web Referral
USR_006458,2025-02-17,US,Social Media Campaign
USR_006459,2025-03-27,US,Organic App Store Search
USR_006460,2025-05-29,US,Social Media Campaign
USR_006461,2025-07-07,US,Apple Search Ads
USR_006462,2025-05-31,US,Organic App Store Search
USR_006463,2025-05-21,US,Web Referral
USR_006464,2025-03-10,FR,Organic App Store Search
USR_006465,2025-09-17,FR,Organic App Store Search
USR_006466,2025-01-09,US,Organic App Store Search
USR_006467,2025-05-01,US,Apple Search Ads
USR_006468,2025-04-11,US,Apple Search Ads
USR_006469,2025-05-29,US,Apple Search Ads
USR_006470,2025-05-26,US,Organic App Store Search
USR_006471,2025-08-31,FR,Apple Search Ads
USR_006472,2025-08-29,US,Web Referral
USR_006473,2025-02-12,US,Organic App Store Search
USR_006474,2025-04-05,US,Apple Search Ads
USR_006475,2025-08-14,JP,Organic App Store Search
USR_006476,2025-01-06,FR,Organic App Store Search
USR_006477,2025-08-02,AU,Apple Search Ads
USR_006478,2025-07-25,US,Organic App Store Search
USR_006479,2025-03-08,US,Apple Search Ads
USR_006480,2025-04-10,US,Apple Search Ads
USR_006481,2025-01-12,US,Organic App Store Search
USR_006482,2025-08-25,DE,Organic App Store Search
USR_006483,2025-09-15,US,Web Referral
USR_006484,2025-05-15,US,Organic App Store Search
USR_006485,2025-08-10,UK,Apple Search Ads
USR_006486,2025-06-05,US,Web Referral
USR_006487,2025-05-22,UK,Web Referral
USR_006488,2025-06-07,US,Apple Search Ads
USR_006489,2025-09-19,US,Organic App Store Search
USR_006490,2025-08-17,US,Organic App Store Search
USR_006491,2025-06-17,FR,Organic App Store Search
USR_006492,2025-02-16,US,Apple Search Ads
USR_006493,2025-07-22,US,Organic App Store Search
USR_006494,2025-08-02,US,Social Media Campaign
USR_006495,2025-09-03,CA,Apple Search Ads
USR_006496,2025-01-24,DE,Organic App Store Search
USR_006497,2025-02-13,US,Organic App Store Search
USR_006498,2025-06-05,US,Apple Search Ads
USR_006499,2025-07-18,JP,Organic App Store Search
USR_006500,2025-06-11,AU,Social Media Campaign
USR_006501,2025-08-22,UK,Web Referral
USR_006502,2025-06-12,US,Web Referral
USR_006503,2025-04-26,US,Apple Search Ads
USR_006504,2025-04-03,AU,Social Media Campaign
USR_006505,2025-02-11,UK,Apple Search Ads
USR_006506,2025-07-29,UK,Organic App Store Search
USR_006507,2025-07-25,US,Apple Search Ads
USR_006508,2025-08-08,UK,Organic App Store Search
USR_006509,2025-05-16,DE,Organic App Store Search
USR_006510,2025-04-16,FR,Social Media Campaign
USR_006511,2025-04-28,US,Web Referral
USR_006512,2025-08-25,CA,Apple Search Ads
USR_006513,2025-04-10,UK,Organic App Store Search
USR_006514,2025-09-18,FR,Apple Search Ads
USR_006515,2025-04-13,DE,Organic App Store Search
USR_006516,2025-03-04,JP,Organic App Store Search
USR_006517,2025-06-24,JP,Web Referral
USR_006518,2025-08-14,US,Organic App Store Search
USR_006519,2025-01-07,AU,Organic App Store Search
USR_006520,2025-05-07,UK,Social Media Campaign
USR_006521,2025-04-02,US,Organic App Store Search
USR_006522,2025-07-09,US,Apple Search Ads
USR_006523,2025-02-22,US,Apple Search Ads
USR_006524,2025-08-30,DE,Apple Search Ads
USR_006525,2025-05-12,US,Organic App Store Search
USR_006526,2025-04-22,FR,Organic App Store Search
USR_006527,2025-01-07,CA,Organic App Store Search
USR_006528,2025-08-18,CA,Apple Search Ads
USR_006529,2025-06-05,US,Organic App Store Search
USR_006530,2025-07-16,UK,Organic App Store Search
USR_006531,2025-08-11,US,Web Referral
USR_006532,2025-09-07,US,Organic App Store Search
USR_006533,2025-03-24,DE,Social Media Campaign
USR_006534,2025-08-28,CA,Social Media Campaign
USR_006535,2025-09-20,US,Social Media Campaign
USR_006536,2025-07-08,DE,Web Referral
USR_006537,2025-02-27,US,Apple Search Ads
USR_006538,2025-01-09,US,Apple Search Ads
USR_006539,2025-04-25,UK,Apple Search Ads
USR_006540,2025-07-29,US,Organic App Store Search
USR_006541,2025-02-10,CA,Organic App Store Search
USR_006542,2025-06-22,CA,Organic App Store Search
USR_006543,2025-08-22,CA,Organic App Store Search
USR_006544,2025-03-19,US,Social Media Campaign
USR_006545,2025-04-18,US,Web Referral
USR_006546,2025-02-08,US,Social Media Campaign
USR_006547,2025-04-29,JP,Organic App Store Search
USR_006548,2025-01-27,US,Organic App Store Search
USR_006549,2025-04-14,US,Social Media Campaign
USR_006550,2025-03-15,FR,Organic App Store Search
USR_006551,2025-07-10,DE,Social Media Campaign
USR_006552,2025-05-27,DE,Social Media Campaign
USR_006553,2025-09-12,JP,Apple Search Ads
USR_006554,2025-08-01,US,Organic App Store Search
USR_006555,2025-05-03,US,Organic App Store Search
USR_006556,2025-07-25,US,Organic App Store Search
USR_006557,2025-08-28,US,Apple Search Ads
USR_006558,2025-01-22,UK,Web Referral
USR_006559,2025-09-16,US,Organic App Store Search
USR_006560,2025-04-15,AU,Organic App Store Search
USR_006561,2025-09-15,US,Apple Search Ads
USR_006562,2025-07-23,US,Organic App Store Search
USR_006563,2025-09-19,CA,Social Media Campaign
USR_006564,2025-04-17,US,Organic App Store Search
USR_006565,2025-09-08,AU,Web Referral
USR_006566,2025-08-09,JP,Web Referral
USR_006567,2025-08-10,DE,Social Media Campaign
USR_006568,2025-09-15,US,Organic App Store Search
USR_006569,2025-07-20,FR,Organic App Store Search
USR_006570,2025-09-15,US,Social Media Campaign
USR_006571,2025-08-13,AU,Social Media Campaign
USR_006572,2025-07-21,US,Apple Search Ads
USR_006573,2025-08-14,US,Organic App Store Search
USR_006574,2025-08-24,JP,Organic App Store Search
USR_006575,2025-07-02,US,Web Referral
USR_006576,2025-07-19,DE,Organic App Store Search
USR_006577,2025-09-03,US,Organic App Store Search
USR_006578,2025-04-21,DE,Organic App Store Search
USR_006579,2025-01-06,JP,Social Media Campaign
USR_006580,2025-08-24,US,Organic App Store Search
USR_006581,2025-05-07,UK,Apple Search Ads
USR_006582,2025-04-14,CA,Organic App Store Search
USR_006583,2025-08-25,FR,Organic App Store Search
USR_006584,2025-06-04,US,Apple Search Ads
USR_006585,2025-09-14,CA,Organic App Store Search
USR_006586,2025-08-23,US,Organic App Store Search
USR_006587,2025-02-09,US,Apple Search Ads
USR_006588,2025-07-16,US,Organic App Store Search
USR_006589,2025-09-21,CA,Organic App Store Search
USR_006590,2025-02-26,FR,Web Referral
USR_006591,2025-04-08,US,Web Referral
USR_006592,2025-05-17,UK,Organic App Store Search
USR_006593,2025-03-28,CA,Organic App Store Search
USR_006594,2025-08-30,US,Organic App Store Search
USR_006595,2025-07-18,FR,Social Media Campaign
USR_006596,2025-03-25,US,Apple Search Ads
USR_006597,2025-08-30,US,Organic App Store Search
USR_006598,2025-09-09,US,Social Media Campaign
USR_006599,2025-07-09,FR,Apple Search Ads
USR_006600,2025-06-01,JP,Organic App Store Search
USR_006601,2025-05-19,US,Organic App Store Search
USR_006602,2025-06-25,US,Organic App Store Search
USR_006603,2025-01-08,UK,Web Referral
USR_006604,2025-08-23,AU,Apple Search Ads
USR_006605,2025-06-12,CA,Organic App Store Search
USR_006606,2025-02-18,JP,Apple Search Ads
USR_006607,2025-02-07,DE,Apple Search Ads
USR_006608,2025-05-16,FR,Organic App Store Search
USR_006609,2025-08-07,UK,Organic App Store Search
USR_006610,2025-02-03,US,Apple Search Ads
USR_006611,2025-03-20,AU,Organic App Store Search
USR_006612,2025-08-24,US,Organic App Store Search
USR_006613,2025-06-10,US,Organic App Store Search
USR_006614,2025-06-24,US,Organic App Store Search
USR_006615,2025-08-09,UK,Apple Search Ads
USR_006616,2025-01-09,UK,Organic App Store Search
USR_006617,2025-04-23,UK,Apple Search Ads
USR_006618,2025-07-24,US,Organic App Store Search
USR_006619,2025-07-05,UK,Apple Search Ads
USR_006620,2025-07-16,US,Organic App Store Search
USR_006621,2025-09-23,CA,Apple Search Ads
USR_006622,2025-09-19,US,Apple Search Ads
USR_006623,2025-09-05,DE,Apple Search Ads
USR_006624,2025-04-25,DE,Social Media Campaign
USR_006625,2025-05-01,AU,Organic App Store Search
USR_006626,2025-05-21,AU,Web Referral
USR_006627,2025-03-06,UK,Social Media Campaign
USR_006628,2025-08-27,US,Apple Search Ads
USR_006629,2025-01-10,CA,Social Media Campaign
USR_006630,2025-08-21,UK,Organic App Store Search
USR_006631,2025-07-14,UK,Organic App Store Search
USR_006632,2025-01-12,US,Apple Search Ads
USR_006633,2025-06-26,FR,Web Referral
USR_006634,2025-06-26,US,Organic App Store Search
USR_006635,2025-08-05,US,Apple Search Ads
USR_006636,2025-01-11,JP,Social Media Campaign
USR_006637,2025-04-28,DE,Web Referral
USR_006638,2025-06-13,US,Organic App Store Search
USR_006639,2025-02-08,FR,Organic App Store Search
USR_006640,2025-02-22,US,Organic App Store Search
USR_006641,2025-08-06,AU,Apple Search Ads
USR_006642,2025-07-25,UK,Web Referral
USR_006643,2025-02-25,UK,Apple Search Ads
USR_006644,2025-04-28,AU,Web Referral
USR_006645,2025-09-10,US,Social Media Campaign
USR_006646,2025-09-25,US,Apple Search Ads
USR_006647,2025-06-29,CA,Organic App Store Search
USR_006648,2025-08-23,US,Organic App Store Search
USR_006649,2025-07-15,JP,Organic App Store Search
USR_006650,2025-03-21,UK,Organic App Store Search
USR_006651,2025-05-15,US,Organic App Store Search
USR_006652,2025-01-22,CA,Organic App Store Search
USR_006653,2025-08-13,US,Organic App Store Search
USR_006654,2025-02-27,US,Apple Search Ads
USR_006655,2025-04-03,US,Organic App Store Search
USR_006656,2025-07-11,JP,Apple Search Ads
USR_006657,2025-04-13,US,Apple Search Ads
USR_006658,2025-01-07,US,Apple Search Ads
USR_006659,2025-05-08,US,Apple Search Ads
USR_006660,2025-02-24,US,Apple Search Ads
USR_006661,2025-08-19,US,Web Referral
USR_006662,2025-03-03,DE,Organic App Store Search
USR_006663,2025-08-28,JP,Organic App Store Search
USR_006664,2025-03-31,US,Organic App Store Search
USR_006665,2025-08-20,UK,Apple Search Ads
USR_006666,2025-08-21,JP,Organic App Store Search
USR_006667,2025-06-01,US,Organic App Store Search
USR_006668,2025-05-25,US,Organic App Store Search
USR_006669,2025-05-10,FR,Apple Search Ads
USR_006670,2025-05-21,AU,Apple Search Ads
USR_006671,2025-04-03,US,Organic App Store Search
USR_006672,2025-04-24,US,Organic App Store Search
USR_006673,2025-05-23,US,Social Media Campaign
USR_006674,2025-08-11,US,Social Media Campaign
USR_006675,2025-08-20,DE,Organic App Store Search
USR_006676,2025-02-02,UK,Social Media Campaign
USR_006677,2025-06-19,CA,Organic App Store Search
USR_006678,2025-05-20,US,Organic App Store Search
USR_006679,2025-07-20,US,Organic App Store Search
USR_006680,2025-01-23,US,Web Referral
USR_006681,2025-08-12,DE,Organic App Store Search
USR_006682,2025-09-27,CA,Organic App Store Search
USR_006683,2025-06-02,US,Web Referral
USR_006684,2025-03-26,US,Apple Search Ads
USR_006685,2025-04-19,DE,Social Media Campaign
USR_006686,2025-01-31,UK,Organic App Store Search
USR_006687,2025-08-17,US,Organic App Store Search
USR_006688,2025-08-28,US,Web Referral
USR_006689,2025-05-21,US,Apple Search Ads
USR_006690,2025-06-05,DE,Social Media Campaign
USR_006691,2025-04-09,UK,Web Referral
USR_006692,2025-02-16,AU,Apple Search Ads
USR_006693,2025-03-08,FR,Organic App Store Search
USR_006694,2025-03-03,JP,Organic App Store Search
USR_006695,2025-04-19,US,Organic App Store Search
USR_006696,2025-06-16,US,Organic App Store Search
USR_006697,2025-02-06,UK,Web Referral
USR_006698,2025-04-29,US,Organic App Store Search
USR_006699,2025-03-27,DE,Web Referral
USR_006700,2025-02-21,FR,Social Media Campaign
USR_006701,2025-04-01,CA,Web Referral
USR_006702,2025-07-23,US,Web Referral
USR_006703,2025-08-26,US,Apple Search Ads
USR_006704,2025-06-04,US,Social Media Campaign
USR_006705,2025-08-28,DE,Apple Search Ads
USR_006706,2025-05-16,US,Apple Search Ads
USR_006707,2025-03-05,US,Apple Search Ads
USR_006708,2025-05-03,US,Apple Search Ads
USR_006709,2025-09-11,JP,Organic App Store Search
USR_006710,2025-04-24,CA,Organic App Store Search
USR_006711,2025-01-20,FR,Organic App Store Search
USR_006712,2025-01-16,DE,Organic App Store Search
USR_006713,2025-05-25,UK,Organic App Store Search
USR_006714,2025-07-27,US,Social Media Campaign
USR_006715,2025-01-19,US,Apple Search Ads
USR_006716,2025-06-15,UK,Organic App Store Search
USR_006717,2025-02-07,FR,Social Media Campaign
USR_006718,2025-06-30,US,Web Referral
USR_006719,2025-04-15,US,Social Media Campaign
USR_006720,2025-04-10,UK,Apple Search Ads
USR_006721,2025-03-31,US,Organic App Store Search
USR_006722,2025-03-20,CA,Organic App Store Search
USR_006723,2025-03-14,US,Apple Search Ads
USR_006724,2025-06-25,US,Organic App Store Search
USR_006725,2025-04-06,US,Organic App Store Search
USR_006726,2025-04-13,UK,Web Referral
USR_006727,2025-08-12,UK,Apple Search Ads
USR_006728,2025-01-06,US,Organic App Store Search
USR_006729,2025-05-02,FR,Organic App Store Search
USR_006730,2025-08-24,US,Organic App Store Search
USR_006731,2025-04-26,US,Organic App Store Search
USR_006732,2025-06-12,CA,Apple Search Ads
USR_006733,2025-08-14,US,Organic App Store Search
USR_006734,2025-08-18,UK,Social Media Campaign
USR_006735,2025-07-01,JP,Social Media Campaign
USR_006736,2025-09-06,CA,Apple Search Ads
USR_006737,2025-07-29,CA,Social Media Campaign
USR_006738,2025-05-24,UK,Organic App Store Search
USR_006739,2025-04-06,US,Apple Search Ads
USR_006740,2025-09-01,US,Apple Search Ads
USR_006741,2025-03-27,US,Apple Search Ads
USR_006742,2025-07-03,JP,Organic App Store Search
USR_006743,2025-05-01,US,Organic App Store Search
USR_006744,2025-04-02,UK,Organic App Store Search
USR_006745,2025-03-11,FR,Apple Search Ads
USR_006746,2025-05-13,DE,Social Media Campaign
USR_006747,2025-05-17,JP,Apple Search Ads
USR_006748,2025-07-06,CA,Social Media Campaign
USR_006749,2025-08-09,US,Organic App Store Search
USR_006750,2025-02-15,DE,Social Media Campaign
USR_006751,2025-07-11,US,Apple Search Ads
USR_006752,2025-01-08,US,Organic App Store Search
USR_006753,2025-06-28,AU,Apple Search Ads
USR_006754,2025-02-08,CA,Apple Search Ads
USR_006755,2025-06-27,FR,Organic App Store Search
USR_006756,2025-06-11,JP,Social Media Campaign
USR_006757,2025-04-14,FR,Web Referral
USR_006758,2025-06-10,US,Organic App Store Search
USR_006759,2025-05-03,CA,Organic App Store Search
USR_006760,2025-02-23,DE,Organic App Store Search
USR_006761,2025-02-03,JP,Web Referral
USR_006762,2025-08-30,US,Organic App Store Search
USR_006763,2025-04-23,US,Organic App Store Search
USR_006764,2025-01-23,FR,Organic App Store Search
USR_006765,2025-02-15,US,Organic App Store Search
USR_006766,2025-05-15,UK,Organic App Store Search
USR_006767,2025-04-28,US,Organic App Store Search
USR_006768,2025-07-08,US,Organic App Store Search
USR_006769,2025-05-11,AU,Organic App Store Search
USR_006770,2025-07-31,US,Social Media Campaign
USR_006771,2025-04-23,CA,Web Referral
USR_006772,2025-02-13,US,Organic App Store Search
USR_006773,2025-05-08,US,Apple Search Ads
USR_006774,2025-06-07,US,Apple Search Ads
USR_006775,2025-02-14,AU,Organic App Store Search
USR_006776,2025-04-18,US,Organic App Store Search
USR_006777,2025-08-07,CA,Apple Search Ads
USR_006778,2025-06-26,CA,Organic App Store Search
USR_006779,2025-08-16,CA,Apple Search Ads
USR_006780,2025-07-10,CA,Apple Search Ads
USR_006781,2025-06-09,US,Apple Search Ads
USR_006782,2025-09-24,US,Social Media Campaign
USR_006783,2025-07-09,UK,Apple Search Ads
USR_006784,2025-06-24,US,Web Referral
USR_006785,2025-05-25,FR,Social Media Campaign
USR_006786,2025-08-20,DE,Organic App Store Search
USR_006787,2025-07-23,US,Apple Search Ads
USR_006788,2025-08-01,UK,Apple Search Ads
USR_006789,2025-02-09,FR,Apple Search Ads
USR_006790,2025-03-23,US,Organic App Store Search
USR_006791,2025-06-30,AU,Organic App Store Search
USR_006792,2025-03-24,US,Web Referral
USR_006793,2025-09-19,UK,Social Media Campaign
USR_006794,2025-07-19,FR,Organic App Store Search
USR_006795,2025-08-28,UK,Organic App Store Search
USR_006796,2025-06-29,CA,Social Media Campaign
USR_006797,2025-06-20,FR,Organic App Store Search
USR_006798,2025-06-26,AU,Organic App Store Search
USR_006799,2025-08-25,CA,Apple Search Ads
USR_006800,2025-05-18,UK,Social Media Campaign
USR_006801,2025-05-09,CA,Organic App Store Search
USR_006802,2025-02-18,DE,Social Media Campaign
USR_006803,2025-06-13,JP,Apple Search Ads
USR_006804,2025-04-26,DE,Apple Search Ads
USR_006805,2025-01-24,AU,Organic App Store Search
USR_006806,2025-01-25,US,Organic App Store Search
USR_006807,2025-05-07,DE,Organic App Store Search
USR_006808,2025-08-22,AU,Organic App Store Search
USR_006809,2025-07-28,DE,Organic App Store Search
USR_006810,2025-04-03,US,Organic App Store Search
USR_006811,2025-04-04,FR,Organic App Store Search
USR_006812,2025-08-13,US,Organic App Store Search
USR_006813,2025-01-11,US,Organic App Store Search
USR_006814,2025-01-12,CA,Organic App Store Search
USR_006815,2025-02-04,CA,Apple Search Ads
USR_006816,2025-08-16,US,Organic App Store Search
USR_006817,2025-08-08,AU,Organic App Store Search
USR_006818,2025-05-21,US,Organic App Store Search
USR_006819,2025-01-23,US,Apple Search Ads
USR_006820,2025-03-24,US,Organic App Store Search
USR_006821,2025-08-17,FR,Web Referral
USR_006822,2025-03-21,US,Apple Search Ads
USR_006823,2025-06-08,US,Organic App Store Search
USR_006824,2025-05-08,CA,Apple Search Ads
USR_006825,2025-07-09,US,Apple Search Ads
USR_006826,2025-01-31,DE,Organic App Store Search
USR_006827,2025-01-15,FR,Organic App Store Search
USR_006828,2025-03-16,DE,Apple Search Ads
USR_006829,2025-02-03,US,Web Referral
USR_006830,2025-07-15,UK,Organic App Store Search
USR_006831,2025-01-29,CA,Organic App Store Search
USR_006832,2025-07-13,US,Organic App Store Search
USR_006833,2025-01-16,US,Apple Search Ads
USR_006834,2025-03-18,UK,Apple Search Ads
USR_006835,2025-03-22,US,Organic App Store Search
USR_006836,2025-05-04,JP,Social Media Campaign
USR_006837,2025-01-19,DE,Organic App Store Search
USR_006838,2025-04-12,US,Apple Search Ads
USR_006839,2025-03-18,US,Organic App Store Search
USR_006840,2025-08-17,JP,Social Media Campaign
USR_006841,2025-07-22,US,Social Media Campaign
USR_006842,2025-03-02,DE,Social Media Campaign
USR_006843,2025-01-26,US,Organic App Store Search
USR_006844,2025-03-12,FR,Apple Search Ads
USR_006845,2025-04-13,AU,Apple Search Ads
USR_006846,2025-06-06,US,Web Referral
USR_006847,2025-07-13,US,Organic App Store Search
USR_006848,2025-07-05,UK,Social Media Campaign
USR_006849,2025-04-23,FR,Organic App Store Search
USR_006850,2025-06-14,US,Organic App Store Search
USR_006851,2025-03-02,CA,Organic App Store Search
USR_006852,2025-04-02,US,Organic App Store Search
USR_006853,2025-06-02,FR,Organic App Store Search
USR_006854,2025-08-13,DE,Organic App Store Search
USR_006855,2025-05-07,US,Organic App Store Search
USR_006856,2025-07-12,US,Social Media Campaign
USR_006857,2025-04-25,US,Organic App Store Search
USR_006858,2025-09-19,CA,Social Media Campaign
USR_006859,2025-01-18,US,Apple Search Ads
USR_006860,2025-01-10,US,Social Media Campaign
USR_006861,2025-04-02,JP,Apple Search Ads
USR_006862,2025-05-19,UK,Organic App Store Search
USR_006863,2025-02-21,AU,Apple Search Ads
USR_006864,2025-07-14,US,Apple Search Ads
USR_006865,2025-07-25,US,Apple Search Ads
USR_006866,2025-04-03,US,Social Media Campaign
USR_006867,2025-05-25,CA,Apple Search Ads
USR_006868,2025-03-27,UK,Organic App Store Search
USR_006869,2025-06-02,FR,Social Media Campaign
USR_006870,2025-01-02,US,Apple Search Ads
USR_006871,2025-09-17,US,Organic App Store Search
USR_006872,2025-06-13,FR,Apple Search Ads
USR_006873,2025-01-06,US,Apple Search Ads
USR_006874,2025-05-29,US,Apple Search Ads
USR_006875,2025-07-24,US,Web Referral
USR_006876,2025-04-28,DE,Organic App Store Search
USR_006877,2025-03-30,DE,Apple Search Ads
USR_006878,2025-06-03,US,Social Media Campaign
USR_006879,2025-06-16,US,Apple Search Ads
USR_006880,2025-06-10,AU,Organic App Store Search
USR_006881,2025-09-27,FR,Organic App Store Search
USR_006882,2025-02-25,US,Apple Search Ads
USR_006883,2025-08-16,FR,Organic App Store Search
USR_006884,2025-05-29,US,Social Media Campaign
USR_006885,2025-02-15,US,Organic App Store Search
USR_006886,2025-05-24,US,Apple Search Ads
USR_006887,2025-08-26,US,Organic App Store Search
USR_006888,2025-04-30,US,Apple Search Ads
USR_006889,2025-08-08,FR,Apple Search Ads
USR_006890,2025-01-08,US,Organic App Store Search
USR_006891,2025-03-07,US,Apple Search Ads
USR_006892,2025-03-20,US,Organic App Store Search
USR_006893,2025-03-27,DE,Apple Search Ads
USR_006894,2025-05-04,FR,Apple Search Ads
USR_006895,2025-07-21,US,Organic App Store Search
USR_006896,2025-05-30,US,Organic App Store Search
USR_006897,2025-02-15,US,Apple Search Ads
USR_006898,2025-04-23,UK,Organic App Store Search
USR_006899,2025-04-01,US,Organic App Store Search
USR_006900,2025-05-21,UK,Social Media Campaign
USR_006901,2025-08-06,AU,Organic App Store Search
USR_006902,2025-03-18,UK,Apple Search Ads
USR_006903,2025-06-01,US,Apple Search Ads
USR_006904,2025-08-27,US,Organic App Store Search
USR_006905,2025-04-25,CA,Organic App Store Search
USR_006906,2025-04-04,UK,Apple Search Ads
USR_006907,2025-02-17,US,Organic App Store Search
USR_006908,2025-07-10,DE,Organic App Store Search
USR_006909,2025-01-12,UK,Apple Search Ads
USR_006910,2025-06-05,US,Apple Search Ads
USR_006911,2025-06-21,US,Organic App Store Search
USR_006912,2025-06-26,JP,Apple Search Ads
USR_006913,2025-02-26,US,Apple Search Ads
USR_006914,2025-07-22,FR,Apple Search Ads
USR_006915,2025-07-04,US,Apple Search Ads
USR_006916,2025-05-01,US,Web Referral
USR_006917,2025-08-14,AU,Organic App Store Search
USR_006918,2025-07-21,US,Organic App Store Search
USR_006919,2025-08-04,US,Organic App Store Search
USR_006920,2025-02-12,US,Organic App Store Search
USR_006921,2025-01-23,FR,Organic App Store Search
USR_006922,2025-06-04,UK,Organic App Store Search
USR_006923,2025-07-05,US,Apple Search Ads
USR_006924,2025-09-06,US,Organic App Store Search
USR_006925,2025-08-25,UK,Apple Search Ads
USR_006926,2025-05-14,US,Organic App Store Search
USR_006927,2025-01-22,US,Web Referral
USR_006928,2025-03-29,US,Apple Search Ads
USR_006929,2025-06-02,CA,Social Media Campaign
USR_006930,2025-05-05,US,Social Media Campaign
USR_006931,2025-03-20,UK,Social Media Campaign
USR_006932,2025-02-20,CA,Apple Search Ads
USR_006933,2025-08-04,JP,Organic App Store Search
USR_006934,2025-06-25,DE,Apple Search Ads
USR_006935,2025-09-10,US,Organic App Store Search
USR_006936,2025-09-03,AU,Organic App Store Search
USR_006937,2025-08-15,FR,Organic App Store Search
USR_006938,2025-04-16,UK,Organic App Store Search
USR_006939,2025-07-12,US,Organic App Store Search
USR_006940,2025-02-05,US,Organic App Store Search
USR_006941,2025-07-23,FR,Organic App Store Search
USR_006942,2025-09-24,US,Organic App Store Search
USR_006943,2025-09-25,US,Organic App Store Search
USR_006944,2025-06-19,UK,Social Media Campaign
USR_006945,2025-02-08,DE,Organic App Store Search
USR_006946,2025-05-19,US,Web Referral
USR_006947,2025-02-21,DE,Organic App Store Search
USR_006948,2025-05-21,DE,Social Media Campaign
USR_006949,2025-05-26,UK,Organic App Store Search
USR_006950,2025-07-03,UK,Web Referral
USR_006951,2025-06-01,UK,Organic App Store Search
USR_006952,2025-07-20,FR,Apple Search Ads
USR_006953,2025-05-08,AU,Organic App Store Search
USR_006954,2025-09-10,FR,Apple Search Ads
USR_006955,2025-09-23,US,Organic App Store Search
USR_006956,2025-07-07,US,Apple Search Ads
USR_006957,2025-08-18,US,Apple Search Ads
USR_006958,2025-09-16,UK,Web Referral
USR_006959,2025-07-17,FR,Apple Search Ads
USR_006960,2025-02-25,US,Organic App Store Search
USR_006961,2025-07-22,US,Organic App Store Search
USR_006962,2025-04-19,US,Apple Search Ads
USR_006963,2025-04-26,US,Organic App Store Search
USR_006964,2025-04-02,US,Social Media Campaign
USR_006965,2025-05-18,US,Organic App Store Search
USR_006966,2025-02-26,DE,Apple Search Ads
USR_006967,2025-02-19,US,Apple Search Ads
USR_006968,2025-03-12,CA,Organic App Store Search
USR_006969,2025-03-23,UK,Apple Search Ads
USR_006970,2025-04-15,AU,Organic App Store Search
USR_006971,2025-03-29,US,Organic App Store Search
USR_006972,2025-01-02,FR,Web Referral
USR_006973,2025-03-25,CA,Organic App Store Search
USR_006974,2025-02-12,US,Apple Search Ads
USR_006975,2025-06-03,US,Apple Search Ads
USR_006976,2025-04-04,US,Apple Search Ads
USR_006977,2025-05-13,DE,Organic App Store Search
USR_006978,2025-03-06,UK,Apple Search Ads
USR_006979,2025-09-14,US,Organic App Store Search
USR_006980,2025-08-01,US,Organic App Store Search
USR_006981,2025-05-28,FR,Web Referral
USR_006982,2025-03-02,FR,Organic App Store Search
USR_006983,2025-05-29,UK,Social Media Campaign
USR_006984,2025-03-29,UK,Organic App Store Search
USR_006985,2025-03-23,DE,Organic App Store Search
USR_006986,2025-05-09,AU,Organic App Store Search
USR_006987,2025-09-27,US,Organic App Store Search
USR_006988,2025-07-22,US,Organic App Store Search
USR_006989,2025-01-24,DE,Organic App Store Search
USR_006990,2025-07-27,US,Apple Search Ads
USR_006991,2025-07-24,US,Organic App Store Search
USR_006992,2025-06-01,DE,Organic App Store Search
USR_006993,2025-01-26,UK,Organic App Store Search
USR_006994,2025-07-13,FR,Social Media Campaign
USR_006995,2025-08-26,UK,Organic App Store Search
USR_006996,2025-03-16,FR,Web Referral
USR_006997,2025-06-12,US,Organic App Store Search
USR_006998,2025-01-29,AU,Organic App Store Search
USR_006999,2025-06-14,US,Organic App Store Search
USR_007000,2025-07-05,US,Organic App Store Search
USR_007001,2025-02-23,US,Social Media Campaign
USR_007002,2025-02-11,AU,Organic App Store Search
USR_007003,2025-05-18,US,Organic App Store Search
USR_007004,2025-07-06,UK,Organic App Store Search
USR_007005,2025-07-23,US,Organic App Store Search
USR_007006,2025-02-11,US,Web Referral
USR_007007,2025-01-26,CA,Social Media Campaign
USR_007008,2025-02-25,JP,Organic App Store Search
USR_007009,2025-09-10,US,Organic App Store Search
USR_007010,2025-05-02,UK,Social Media Campaign
USR_007011,2025-04-16,JP,Apple Search Ads
USR_007012,2025-05-10,CA,Social Media Campaign
USR_007013,2025-06-07,CA,Organic App Store Search
USR_007014,2025-08-19,US,Organic App Store Search
USR_007015,2025-04-01,UK,Apple Search Ads
USR_007016,2025-01-22,US,Apple Search Ads
USR_007017,2025-04-20,UK,Apple Search Ads
USR_007018,2025-02-18,DE,Organic App Store Search
USR_007019,2025-05-09,UK,Apple Search Ads
USR_007020,2025-03-14,US,Organic App Store Search
USR_007021,2025-02-22,FR,Organic App Store Search
USR_007022,2025-06-17,UK,Apple Search Ads
USR_007023,2025-02-14,FR,Apple Search Ads
USR_007024,2025-04-15,UK,Apple Search Ads
USR_007025,2025-05-30,US,Web Referral
USR_007026,2025-05-26,UK,Apple Search Ads
USR_007027,2025-07-23,UK,Apple Search Ads
USR_007028,2025-06-16,US,Apple Search Ads
USR_007029,2025-07-20,UK,Organic App Store Search
USR_007030,2025-05-14,UK,Social Media Campaign
USR_007031,2025-07-30,CA,Organic App Store Search
USR_007032,2025-02-17,US,Apple Search Ads
USR_007033,2025-05-06,UK,Organic App Store Search
USR_007034,2025-08-27,US,Organic App Store Search
USR_007035,2025-01-07,US,Organic App Store Search
USR_007036,2025-02-06,US,Apple Search Ads
USR_007037,2025-07-30,US,Organic App Store Search
USR_007038,2025-06-14,US,Organic App Store Search
USR_007039,2025-05-05,US,Apple Search Ads
USR_007040,2025-07-11,US,Organic App Store Search
USR_007041,2025-08-06,JP,Organic App Store Search
USR_007042,2025-08-02,UK,Organic App Store Search
USR_007043,2025-03-03,UK,Apple Search Ads
USR_007044,2025-06-10,FR,Apple Search Ads
USR_007045,2025-03-07,FR,Social Media Campaign
USR_007046,2025-08-27,FR,Organic App Store Search
USR_007047,2025-01-20,US,Organic App Store Search
USR_007048,2025-07-07,CA,Organic App Store Search
USR_007049,2025-03-23,DE,Web Referral
USR_007050,2025-07-21,DE,Apple Search Ads
USR_007051,2025-05-12,UK,Apple Search Ads
USR_007052,2025-02-06,US,Web Referral
USR_007053,2025-05-12,JP,Organic App Store Search
USR_007054,2025-03-18,UK,Organic App Store Search
USR_007055,2025-03-30,US,Apple Search Ads
USR_007056,2025-09-10,US,Social Media Campaign
USR_007057,2025-07-13,US,Apple Search Ads
USR_007058,2025-06-25,US,Social Media Campaign
USR_007059,2025-02-02,US,Apple Search Ads
USR_007060,2025-02-27,JP,Social Media Campaign
USR_007061,2025-07-20,US,Apple Search Ads
USR_007062,2025-01-28,UK,Organic App Store Search
USR_007063,2025-02-04,DE,Apple Search Ads
USR_007064,2025-05-05,UK,Apple Search Ads
USR_007065,2025-02-11,US,Apple Search Ads
USR_007066,2025-03-26,UK,Organic App Store Search
USR_007067,2025-07-07,US,Organic App Store Search
USR_007068,2025-04-21,US,Organic App Store Search
USR_007069,2025-04-15,CA,Web Referral
USR_007070,2025-02-10,FR,Organic App Store Search
USR_007071,2025-08-03,AU,Organic App Store Search
USR_007072,2025-03-12,US,Apple Search Ads
USR_007073,2025-02-25,US,Social Media Campaign
USR_007074,2025-08-24,US,Social Media Campaign
USR_007075,2025-04-15,UK,Web Referral
USR_007076,2025-06-11,US,Apple Search Ads
USR_007077,2025-07-10,FR,Social Media Campaign
USR_007078,2025-01-09,US,Organic App Store Search
USR_007079,2025-03-01,US,Organic App Store Search
USR_007080,2025-08-13,UK,Social Media Campaign
USR_007081,2025-07-07,US,Organic App Store Search
USR_007082,2025-03-11,AU,Social Media Campaign
USR_007083,2025-06-18,FR,Organic App Store Search
USR_007084,2025-03-03,US,Organic App Store Search
USR_007085,2025-01-14,US,Organic App Store Search
USR_007086,2025-06-13,JP,Apple Search Ads
USR_007087,2025-09-02,AU,Organic App Store Search
USR_007088,2025-01-08,JP,Organic App Store Search
USR_007089,2025-06-03,US,Social Media Campaign
USR_007090,2025-02-05,US,Web Referral
USR_007091,2025-02-17,US,Organic App Store Search
USR_007092,2025-03-26,US,Apple Search Ads
USR_007093,2025-01-28,AU,Apple Search Ads
USR_007094,2025-07-15,US,Organic App Store Search
USR_007095,2025-07-27,UK,Apple Search Ads
USR_007096,2025-07-23,US,Organic App Store Search
USR_007097,2025-04-14,DE,Organic App Store Search
USR_007098,2025-08-18,US,Social Media Campaign
USR_007099,2025-04-11,US,Apple Search Ads
USR_007100,2025-01-29,CA,Organic App Store Search
USR_007101,2025-05-07,US,Apple Search Ads
USR_007102,2025-01-10,UK,Apple Search Ads
USR_007103,2025-04-16,US,Apple Search Ads
USR_007104,2025-06-16,FR,Apple Search Ads
USR_007105,2025-09-14,CA,Apple Search Ads
USR_007106,2025-03-06,CA,Organic App Store Search
USR_007107,2025-07-07,JP,Organic App Store Search
USR_007108,2025-05-18,JP,Apple Search Ads
USR_007109,2025-04-15,CA,Social Media Campaign
USR_007110,2025-02-03,UK,Organic App Store Search
USR_007111,2025-04-20,CA,Organic App Store Search
USR_007112,2025-02-02,US,Apple Search Ads
USR_007113,2025-08-19,JP,Organic App Store Search
USR_007114,2025-09-23,AU,Organic App Store Search
USR_007115,2025-07-01,US,Organic App Store Search
USR_007116,2025-03-06,US,Organic App Store Search
USR_007117,2025-01-01,US,Organic App Store Search
USR_007118,2025-05-13,US,Organic App Store Search
USR_007119,2025-03-21,US,Social Media Campaign
USR_007120,2025-08-29,US,Organic App Store Search
USR_007121,2025-01-28,US,Apple Search Ads
USR_007122,2025-08-11,CA,Apple Search Ads
USR_007123,2025-01-23,US,Organic App Store Search
USR_007124,2025-04-19,US,Organic App Store Search
USR_007125,2025-04-17,UK,Apple Search Ads
USR_007126,2025-05-25,FR,Organic App Store Search
USR_007127,2025-05-19,UK,Organic App Store Search
USR_007128,2025-04-09,US,Organic App Store Search
USR_007129,2025-05-03,UK,Organic App Store Search
USR_007130,2025-03-22,US,Social Media Campaign
USR_007131,2025-01-10,US,Apple Search Ads
USR_007132,2025-01-08,US,Organic App Store Search
USR_007133,2025-07-24,UK,Web Referral
USR_007134,2025-07-16,CA,Organic App Store Search
USR_007135,2025-07-17,CA,Apple Search Ads
USR_007136,2025-01-30,US,Social Media Campaign
USR_007137,2025-01-20,DE,Social Media Campaign
USR_007138,2025-02-17,US,Organic App Store Search
USR_007139,2025-05-10,US,Apple Search Ads
USR_007140,2025-05-12,US,Organic App Store Search
USR_007141,2025-02-23,UK,Organic App Store Search
USR_007142,2025-09-22,US,Organic App Store Search
USR_007143,2025-08-03,CA,Social Media Campaign
USR_007144,2025-02-12,FR,Organic App Store Search
USR_007145,2025-03-15,US,Organic App Store Search
USR_007146,2025-08-30,UK,Organic App Store Search
USR_007147,2025-05-10,US,Organic App Store Search
USR_007148,2025-07-13,US,Organic App Store Search
USR_007149,2025-02-01,US,Web Referral
USR_007150,2025-04-16,JP,Organic App Store Search
USR_007151,2025-07-23,US,Organic App Store Search
USR_007152,2025-01-01,DE,Apple Search Ads
USR_007153,2025-09-02,US,Social Media Campaign
USR_007154,2025-03-13,DE,Social Media Campaign
USR_007155,2025-01-15,FR,Apple Search Ads
USR_007156,2025-02-22,AU,Organic App Store Search
USR_007157,2025-01-08,FR,Social Media Campaign
USR_007158,2025-02-15,US,Apple Search Ads
USR_007159,2025-04-24,UK,Apple Search Ads
USR_007160,2025-05-27,CA,Web Referral
USR_007161,2025-06-15,UK,Social Media Campaign
USR_007162,2025-05-19,FR,Social Media Campaign
USR_007163,2025-04-27,US,Organic App Store Search
USR_007164,2025-06-27,US,Organic App Store Search
USR_007165,2025-06-03,US,Web Referral
USR_007166,2025-07-20,FR,Apple Search Ads
USR_007167,2025-04-25,FR,Organic App Store Search
USR_007168,2025-06-08,UK,Apple Search Ads
USR_007169,2025-02-11,UK,Organic App Store Search
USR_007170,2025-09-04,CA,Apple Search Ads
USR_007171,2025-03-09,CA,Social Media Campaign
USR_007172,2025-07-15,US,Organic App Store Search
USR_007173,2025-03-31,CA,Organic App Store Search
USR_007174,2025-04-21,UK,Organic App Store Search
USR_007175,2025-05-25,UK,Social Media Campaign
USR_007176,2025-06-28,US,Apple Search Ads
USR_007177,2025-08-29,DE,Apple Search Ads
USR_007178,2025-06-02,DE,Apple Search Ads
USR_007179,2025-04-14,CA,Organic App Store Search
USR_007180,2025-03-16,AU,Organic App Store Search
USR_007181,2025-05-08,UK,Apple Search Ads
USR_007182,2025-07-18,CA,Web Referral
USR_007183,2025-06-03,US,Organic App Store Search
USR_007184,2025-02-25,DE,Organic App Store Search
USR_007185,2025-01-19,UK,Organic App Store Search
USR_007186,2025-06-08,CA,Apple Search Ads
USR_007187,2025-01-26,CA,Organic App Store Search
USR_007188,2025-06-18,AU,Web Referral
USR_007189,2025-01-23,DE,Organic App Store Search
USR_007190,2025-02-16,UK,Organic App Store Search
USR_007191,2025-01-13,DE,Organic App Store Search
USR_007192,2025-08-05,UK,Social Media Campaign
USR_007193,2025-07-13,JP,Organic App Store Search
USR_007194,2025-05-24,DE,Organic App Store Search
USR_007195,2025-03-14,US,Organic App Store Search
USR_007196,2025-06-05,DE,Apple Search Ads
USR_007197,2025-03-18,UK,Organic App Store Search
USR_007198,2025-06-18,JP,Apple Search Ads
USR_007199,2025-03-26,AU,Organic App Store Search
USR_007200,2025-07-01,US,Web Referral
USR_007201,2025-04-22,US,Social Media Campaign
USR_007202,2025-08-18,UK,Organic App Store Search
USR_007203,2025-04-06,DE,Web Referral
USR_007204,2025-06-17,AU,Organic App Store Search
USR_007205,2025-06-05,US,Social Media Campaign
USR_007206,2025-04-15,CA,Organic App Store Search
USR_007207,2025-07-12,UK,Organic App Store Search
USR_007208,2025-05-12,US,Organic App Store Search
USR_007209,2025-05-18,US,Apple Search Ads
USR_007210,2025-09-27,US,Organic App Store Search
USR_007211,2025-02-07,US,Apple Search Ads
USR_007212,2025-02-14,US,Organic App Store Search
USR_007213,2025-06-12,US,Apple Search Ads
USR_007214,2025-09-10,FR,Apple Search Ads
USR_007215,2025-06-18,US,Apple Search Ads
USR_007216,2025-01-20,US,Apple Search Ads
USR_007217,2025-08-27,US,Organic App Store Search
USR_007218,2025-09-27,UK,Organic App Store Search
USR_007219,2025-01-31,UK,Organic App Store Search
USR_007220,2025-04-14,US,Web Referral
USR_007221,2025-06-19,CA,Apple Search Ads
USR_007222,2025-07-05,AU,Apple Search Ads
USR_007223,2025-05-08,US,Social Media Campaign
USR_007224,2025-07-29,UK,Web Referral
USR_007225,2025-09-10,UK,Apple Search Ads
USR_007226,2025-01-19,US,Apple Search Ads
USR_007227,2025-07-19,AU,Social Media Campaign
USR_007228,2025-08-08,DE,Social Media Campaign
USR_007229,2025-05-16,CA,Apple Search Ads
USR_007230,2025-08-11,US,Apple Search Ads
USR_007231,2025-01-03,FR,Apple Search Ads
USR_007232,2025-08-24,UK,Organic App Store Search
USR_007233,2025-08-16,US,Social Media Campaign
USR_007234,2025-05-22,US,Apple Search Ads
USR_007235,2025-01-09,CA,Organic App Store Search
USR_007236,2025-07-09,DE,Organic App Store Search
USR_007237,2025-06-14,US,Social Media Campaign
USR_007238,2025-05-19,US,Apple Search Ads
USR_007239,2025-02-22,CA,Organic App Store Search
USR_007240,2025-06-24,FR,Organic App Store Search
USR_007241,2025-04-20,US,Apple Search Ads
USR_007242,2025-07-22,DE,Organic App Store Search
USR_007243,2025-05-16,UK,Organic App Store Search
USR_007244,2025-01-04,DE,Apple Search Ads
USR_007245,2025-06-04,UK,Apple Search Ads
USR_007246,2025-06-21,US,Web Referral
USR_007247,2025-02-16,CA,Organic App Store Search
USR_007248,2025-04-04,FR,Organic App Store Search
USR_007249,2025-02-17,US,Organic App Store Search
USR_007250,2025-08-28,UK,Organic App Store Search
USR_007251,2025-08-01,US,Organic App Store Search
USR_007252,2025-05-19,US,Apple Search Ads
USR_007253,2025-07-24,DE,Organic App Store Search
USR_007254,2025-03-14,US,Web Referral
USR_007255,2025-01-04,DE,Organic App Store Search
USR_007256,2025-03-17,US,Apple Search Ads
USR_007257,2025-03-18,JP,Web Referral
USR_007258,2025-09-13,US,Organic App Store Search
USR_007259,2025-04-12,US,Organic App Store Search
USR_007260,2025-04-16,US,Apple Search Ads
USR_007261,2025-02-08,DE,Apple Search Ads
USR_007262,2025-03-29,US,Apple Search Ads
USR_007263,2025-07-30,US,Organic App Store Search
USR_007264,2025-03-18,FR,Apple Search Ads
USR_007265,2025-03-18,FR,Apple Search Ads
USR_007266,2025-01-28,DE,Organic App Store Search
USR_007267,2025-09-02,US,Web Referral
USR_007268,2025-03-07,US,Apple Search Ads
USR_007269,2025-09-23,AU,Apple Search Ads
USR_007270,2025-07-24,UK,Social Media Campaign
USR_007271,2025-02-27,US,Apple Search Ads
USR_007272,2025-07-20,US,Organic App Store Search
USR_007273,2025-08-13,JP,Apple Search Ads
USR_007274,2025-05-22,US,Social Media Campaign
USR_007275,2025-03-25,AU,Apple Search Ads
USR_007276,2025-05-23,UK,Web Referral
USR_007277,2025-02-02,AU,Organic App Store Search
USR_007278,2025-06-01,CA,Organic App Store Search
USR_007279,2025-06-07,US,Apple Search Ads
USR_007280,2025-05-21,US,Apple Search Ads
USR_007281,2025-09-08,DE,Organic App Store Search
USR_007282,2025-04-22,US,Social Media Campaign
USR_007283,2025-05-24,DE,Organic App Store Search
USR_007284,2025-07-28,CA,Organic App Store Search
USR_007285,2025-08-12,UK,Web Referral
USR_007286,2025-02-12,US,Organic App Store Search
USR_007287,2025-09-21,US,Web Referral
USR_007288,2025-09-01,AU,Organic App Store Search
USR_007289,2025-01-03,US,Organic App Store Search
USR_007290,2025-05-05,JP,Social Media Campaign
USR_007291,2025-09-25,JP,Social Media Campaign
USR_007292,2025-03-25,US,Organic App Store Search
USR_007293,2025-01-16,US,Organic App Store Search
USR_007294,2025-02-28,US,Apple Search Ads
USR_007295,2025-06-26,JP,Organic App Store Search
USR_007296,2025-03-04,US,Social Media Campaign
USR_007297,2025-02-18,US,Organic App Store Search
USR_007298,2025-09-03,AU,Social Media Campaign
USR_007299,2025-01-15,US,Organic App Store Search
USR_007300,2025-09-12,US,Apple Search Ads
USR_007301,2025-04-02,US,Social Media Campaign
USR_007302,2025-07-25,CA,Organic App Store Search
USR_007303,2025-04-04,US,Social Media Campaign
USR_007304,2025-08-13,UK,Organic App Store Search
USR_007305,2025-07-18,FR,Organic App Store Search
USR_007306,2025-08-22,UK,Organic App Store Search
USR_007307,2025-02-15,CA,Social Media Campaign
USR_007308,2025-03-05,US,Organic App Store Search
USR_007309,2025-08-18,US,Apple Search Ads
USR_007310,2025-09-06,US,Apple Search Ads
USR_007311,2025-09-03,UK,Organic App Store Search
USR_007312,2025-03-16,US,Organic App Store Search
USR_007313,2025-06-06,US,Organic App Store Search
USR_007314,2025-08-11,US,Organic App Store Search
USR_007315,2025-07-09,US,Organic App Store Search
USR_007316,2025-02-21,UK,Social Media Campaign
USR_007317,2025-03-29,UK,Social Media Campaign
USR_007318,2025-03-07,US,Organic App Store Search
USR_007319,2025-05-30,CA,Apple Search Ads
USR_007320,2025-01-20,UK,Organic App Store Search
USR_007321,2025-02-02,UK,Apple Search Ads
USR_007322,2025-02-15,DE,Web Referral
USR_007323,2025-03-14,US,Organic App Store Search
USR_007324,2025-05-13,US,Apple Search Ads
USR_007325,2025-02-24,UK,Social Media Campaign
USR_007326,2025-03-02,FR,Apple Search Ads
USR_007327,2025-01-08,UK,Organic App Store Search
USR_007328,2025-09-03,DE,Organic App Store Search
USR_007329,2025-06-25,DE,Organic App Store Search
USR_007330,2025-04-26,UK,Organic App Store Search
USR_007331,2025-07-12,CA,Apple Search Ads
USR_007332,2025-05-30,US,Organic App Store Search
USR_007333,2025-05-11,UK,Social Media Campaign
USR_007334,2025-04-12,UK,Organic App Store Search
USR_007335,2025-09-27,AU,Organic App Store Search
USR_007336,2025-07-29,US,Apple Search Ads
USR_007337,2025-03-08,US,Organic App Store Search
USR_007338,2025-01-10,DE,Apple Search Ads
USR_007339,2025-02-18,CA,Organic App Store Search
USR_007340,2025-04-21,JP,Organic App Store Search
USR_007341,2025-08-07,US,Organic App Store Search
USR_007342,2025-02-26,US,Organic App Store Search
USR_007343,2025-04-23,US,Web Referral
USR_007344,2025-05-13,DE,Organic App Store Search
USR_007345,2025-03-12,US,Social Media Campaign
USR_007346,2025-03-24,FR,Organic App Store Search
USR_007347,2025-02-26,US,Apple Search Ads
USR_007348,2025-04-21,FR,Apple Search Ads
USR_007349,2025-03-17,DE,Web Referral
USR_007350,2025-06-07,FR,Social Media Campaign
USR_007351,2025-01-20,US,Web Referral
USR_007352,2025-05-11,UK,Social Media Campaign
USR_007353,2025-05-02,US,Organic App Store Search
USR_007354,2025-02-10,US,Web Referral
USR_007355,2025-06-16,US,Web Referral
USR_007356,2025-05-10,AU,Organic App Store Search
USR_007357,2025-01-23,US,Web Referral
USR_007358,2025-09-08,FR,Apple Search Ads
USR_007359,2025-01-09,US,Web Referral
USR_007360,2025-01-13,US,Web Referral
USR_007361,2025-02-21,US,Social Media Campaign
USR_007362,2025-07-28,DE,Social Media Campaign
USR_007363,2025-02-07,US,Organic App Store Search
USR_007364,2025-04-10,FR,Organic App Store Search
USR_007365,2025-07-12,UK,Organic App Store Search
USR_007366,2025-07-10,FR,Organic App Store Search
USR_007367,2025-02-20,US,Organic App Store Search
USR_007368,2025-05-21,UK,Apple Search Ads
USR_007369,2025-06-17,CA,Organic App Store Search
USR_007370,2025-04-19,DE,Apple Search Ads
USR_007371,2025-07-26,US,Social Media Campaign
USR_007372,2025-04-20,FR,Apple Search Ads
USR_007373,2025-07-15,US,Organic App Store Search
USR_007374,2025-06-01,AU,Organic App Store Search
USR_007375,2025-08-31,US,Organic App Store Search
USR_007376,2025-05-08,US,Organic App Store Search
USR_007377,2025-04-15,US,Apple Search Ads
USR_007378,2025-01-10,FR,Apple Search Ads
USR_007379,2025-05-28,JP,Apple Search Ads
USR_007380,2025-05-20,US,Organic App Store Search
USR_007381,2025-07-09,FR,Organic App Store Search
USR_007382,2025-04-04,UK,Social Media Campaign
USR_007383,2025-08-17,AU,Organic App Store Search
USR_007384,2025-03-04,US,Apple Search Ads
USR_007385,2025-01-25,UK,Social Media Campaign
USR_007386,2025-09-25,US,Organic App Store Search
USR_007387,2025-01-11,US,Apple Search Ads
USR_007388,2025-07-20,UK,Apple Search Ads
USR_007389,2025-05-06,DE,Apple Search Ads
USR_007390,2025-07-09,UK,Organic App Store Search
USR_007391,2025-03-30,FR,Social Media Campaign
USR_007392,2025-04-26,DE,Organic App Store Search
USR_007393,2025-06-26,US,Apple Search Ads
USR_007394,2025-01-14,US,Organic App Store Search
USR_007395,2025-09-14,CA,Organic App Store Search
USR_007396,2025-07-28,FR,Organic App Store Search
USR_007397,2025-04-15,JP,Organic App Store Search
USR_007398,2025-05-27,DE,Organic App Store Search
USR_007399,2025-01-09,UK,Organic App Store Search
USR_007400,2025-04-28,DE,Social Media Campaign
USR_007401,2025-04-04,US,Organic App Store Search
USR_007402,2025-05-24,US,Social Media Campaign
USR_007403,2025-01-14,CA,Social Media Campaign
USR_007404,2025-09-14,FR,Organic App Store Search
USR_007405,2025-07-05,JP,Organic App Store Search
USR_007406,2025-07-26,US,Organic App Store Search
USR_007407,2025-06-21,DE,Web Referral
USR_007408,2025-09-27,FR,Apple Search Ads
USR_007409,2025-08-09,CA,Web Referral
USR_007410,2025-06-01,US,Organic App Store Search
USR_007411,2025-04-21,CA,Social Media Campaign
USR_007412,2025-07-02,UK,Organic App Store Search
USR_007413,2025-03-13,CA,Social Media Campaign
USR_007414,2025-03-15,CA,Organic App Store Search
USR_007415,2025-08-03,DE,Apple Search Ads
USR_007416,2025-01-23,US,Apple Search Ads
USR_007417,2025-03-09,US,Apple Search Ads
USR_007418,2025-04-03,UK,Organic App Store Search
USR_007419,2025-03-04,US,Apple Search Ads
USR_007420,2025-08-12,JP,Organic App Store Search
USR_007421,2025-08-13,US,Apple Search Ads
USR_007422,2025-04-13,UK,Apple Search Ads
USR_007423,2025-08-03,FR,Organic App Store Search
USR_007424,2025-07-11,US,Social Media Campaign
USR_007425,2025-06-09,DE,Organic App Store Search
USR_007426,2025-07-26,UK,Organic App Store Search
USR_007427,2025-09-26,US,Organic App Store Search
USR_007428,2025-07-13,FR,Social Media Campaign
USR_007429,2025-06-01,US,Apple Search Ads
USR_007430,2025-08-25,UK,Social Media Campaign
USR_007431,2025-03-29,US,Apple Search Ads
USR_007432,2025-01-11,US,Social Media Campaign
USR_007433,2025-07-06,FR,Organic App Store Search
USR_007434,2025-08-02,DE,Social Media Campaign
USR_007435,2025-01-15,US,Organic App Store Search
USR_007436,2025-09-23,CA,Apple Search Ads
USR_007437,2025-03-14,DE,Organic App Store Search
USR_007438,2025-02-21,FR,Web Referral
USR_007439,2025-05-08,UK,Apple Search Ads
USR_007440,2025-01-28,FR,Social Media Campaign
USR_007441,2025-03-06,UK,Organic App Store Search
USR_007442,2025-01-17,CA,Organic App Store Search
USR_007443,2025-05-18,JP,Organic App Store Search
USR_007444,2025-08-17,US,Apple Search Ads
USR_007445,2025-09-11,US,Social Media Campaign
USR_007446,2025-07-29,US,Organic App Store Search
USR_007447,2025-08-19,US,Organic App Store Search
USR_007448,2025-08-29,US,Organic App Store Search
USR_007449,2025-03-11,AU,Apple Search Ads
USR_007450,2025-04-14,UK,Organic App Store Search
USR_007451,2025-07-23,US,Web Referral
USR_007452,2025-02-22,US,Organic App Store Search
USR_007453,2025-02-23,US,Social Media Campaign
USR_007454,2025-01-31,US,Apple Search Ads
USR_007455,2025-05-15,CA,Organic App Store Search
USR_007456,2025-02-27,US,Social Media Campaign
USR_007457,2025-04-15,JP,Organic App Store Search
USR_007458,2025-09-23,US,Apple Search Ads
USR_007459,2025-01-10,FR,Apple Search Ads
USR_007460,2025-09-10,US,Organic App Store Search
USR_007461,2025-06-05,DE,Social Media Campaign
USR_007462,2025-06-07,CA,Apple Search Ads
USR_007463,2025-02-06,DE,Social Media Campaign
USR_007464,2025-04-29,CA,Organic App Store Search
USR_007465,2025-03-08,JP,Organic App Store Search
USR_007466,2025-08-30,CA,Organic App Store Search
USR_007467,2025-08-01,DE,Web Referral
USR_007468,2025-04-11,FR,Web Referral
USR_007469,2025-02-25,AU,Organic App Store Search
USR_007470,2025-08-27,UK,Organic App Store Search
USR_007471,2025-08-19,US,Apple Search Ads
USR_007472,2025-04-02,FR,Social Media Campaign
USR_007473,2025-04-19,UK,Social Media Campaign
USR_007474,2025-06-17,CA,Organic App Store Search
USR_007475,2025-08-06,US,Organic App Store Search
USR_007476,2025-08-10,UK,Organic App Store Search
USR_007477,2025-06-10,CA,Organic App Store Search
USR_007478,2025-01-16,UK,Social Media Campaign
USR_007479,2025-02-26,US,Apple Search Ads
USR_007480,2025-03-03,US,Social Media Campaign
USR_007481,2025-08-30,US,Organic App Store Search
USR_007482,2025-03-31,AU,Apple Search Ads
USR_007483,2025-03-13,US,Apple Search Ads
USR_007484,2025-01-30,CA,Organic App Store Search
USR_007485,2025-03-27,UK,Apple Search Ads
USR_007486,2025-08-22,JP,Apple Search Ads
USR_007487,2025-08-23,US,Social Media Campaign
USR_007488,2025-09-22,US,Organic App Store Search
USR_007489,2025-09-26,UK,Social Media Campaign
USR_007490,2025-07-05,UK,Web Referral
USR_007491,2025-05-11,US,Apple Search Ads
USR_007492,2025-06-29,DE,Apple Search Ads
USR_007493,2025-06-12,UK,Organic App Store Search
USR_007494,2025-04-06,US,Apple Search Ads
USR_007495,2025-09-19,US,Apple Search Ads
USR_007496,2025-03-24,FR,Apple Search Ads
USR_007497,2025-08-13,US,Organic App Store Search
USR_007498,2025-08-11,US,Web Referral
USR_007499,2025-04-28,US,Apple Search Ads
USR_007500,2025-07-11,CA,Web Referral
USR_007501,2025-03-20,DE,Apple Search Ads
USR_007502,2025-03-19,US,Social Media Campaign
USR_007503,2025-05-27,US,Apple Search Ads
USR_007504,2025-04-17,US,Apple Search Ads
USR_007505,2025-09-01,CA,Organic App Store Search
USR_007506,2025-03-14,US,Organic App Store Search
USR_007507,2025-01-26,FR,Apple Search Ads
USR_007508,2025-07-29,US,Web Referral
USR_007509,2025-04-02,US,Apple Search Ads
USR_007510,2025-05-05,US,Organic App Store Search
USR_007511,2025-03-14,DE,Organic App Store Search
USR_007512,2025-05-03,CA,Apple Search Ads
USR_007513,2025-07-03,JP,Apple Search Ads
USR_007514,2025-07-06,US,Web Referral
USR_007515,2025-07-17,US,Apple Search Ads
USR_007516,2025-03-19,UK,Organic App Store Search
USR_007517,2025-07-05,UK,Apple Search Ads
USR_007518,2025-09-10,UK,Social Media Campaign
USR_007519,2025-01-13,US,Apple Search Ads
USR_007520,2025-03-17,US,Organic App Store Search
USR_007521,2025-02-20,US,Organic App Store Search
USR_007522,2025-05-29,CA,Social Media Campaign
USR_007523,2025-08-07,UK,Organic App Store Search
USR_007524,2025-05-02,DE,Organic App Store Search
USR_007525,2025-07-30,US,Organic App Store Search
USR_007526,2025-01-26,DE,Web Referral
USR_007527,2025-06-22,US,Organic App Store Search
USR_007528,2025-06-05,US,Social Media Campaign
USR_007529,2025-08-26,JP,Apple Search Ads
USR_007530,2025-03-23,UK,Apple Search Ads
USR_007531,2025-03-09,CA,Social Media Campaign
USR_007532,2025-02-13,CA,Organic App Store Search
USR_007533,2025-03-02,US,Organic App Store Search
USR_007534,2025-05-03,AU,Organic App Store Search
USR_007535,2025-07-15,FR,Apple Search Ads
USR_007536,2025-04-21,US,Web Referral
USR_007537,2025-09-15,CA,Web Referral
USR_007538,2025-03-30,DE,Apple Search Ads
USR_007539,2025-07-17,US,Web Referral
USR_007540,2025-07-19,US,Web Referral
USR_007541,2025-04-09,US,Social Media Campaign
USR_007542,2025-01-27,CA,Organic App Store Search
USR_007543,2025-03-30,DE,Organic App Store Search
USR_007544,2025-05-26,CA,Web Referral
USR_007545,2025-07-01,US,Apple Search Ads
USR_007546,2025-09-14,UK,Social Media Campaign
USR_007547,2025-07-08,DE,Organic App Store Search
USR_007548,2025-08-28,US,Organic App Store Search
USR_007549,2025-07-15,DE,Organic App Store Search
USR_007550,2025-06-14,DE,Organic App Store Search
USR_007551,2025-01-08,US,Web Referral
USR_007552,2025-02-07,US,Organic App Store Search
USR_007553,2025-04-24,UK,Apple Search Ads
USR_007554,2025-02-25,AU,Organic App Store Search
USR_007555,2025-05-18,FR,Organic App Store Search
USR_007556,2025-04-12,CA,Organic App Store Search
USR_007557,2025-06-26,US,Web Referral
USR_007558,2025-06-18,US,Social Media Campaign
USR_007559,2025-09-18,DE,Apple Search Ads
USR_007560,2025-08-11,US,Web Referral
USR_007561,2025-07-18,CA,Web Referral
USR_007562,2025-07-30,US,Organic App Store Search
USR_007563,2025-06-29,US,Organic App Store Search
USR_007564,2025-09-07,US,Organic App Store Search
USR_007565,2025-08-19,US,Organic App Store Search
USR_007566,2025-01-23,CA,Organic App Store Search
USR_007567,2025-02-17,US,Organic App Store Search
USR_007568,2025-04-19,FR,Organic App Store Search
USR_007569,2025-01-06,UK,Social Media Campaign
USR_007570,2025-02-07,UK,Social Media Campaign
USR_007571,2025-06-18,US,Organic App Store Search
USR_007572,2025-07-22,UK,Social Media Campaign
USR_007573,2025-09-01,US,Social Media Campaign
USR_007574,2025-02-16,JP,Organic App Store Search
USR_007575,2025-09-06,UK,Apple Search Ads
USR_007576,2025-03-20,US,Organic App Store Search
USR_007577,2025-04-20,UK,Organic App Store Search
USR_007578,2025-01-13,US,Apple Search Ads
USR_007579,2025-03-31,US,Organic App Store Search
USR_007580,2025-08-09,FR,Organic App Store Search
USR_007581,2025-03-14,US,Organic App Store Search
USR_007582,2025-08-22,UK,Web Referral
USR_007583,2025-09-17,JP,Apple Search Ads
USR_007584,2025-04-23,US,Apple Search Ads
USR_007585,2025-02-15,US,Social Media Campaign
USR_007586,2025-02-12,US,Apple Search Ads
USR_007587,2025-07-27,US,Organic App Store Search
USR_007588,2025-04-13,US,Web Referral
USR_007589,2025-05-04,DE,Social Media Campaign
USR_007590,2025-01-10,DE,Organic App Store Search
USR_007591,2025-07-06,AU,Apple Search Ads
USR_007592,2025-01-31,US,Apple Search Ads
USR_007593,2025-06-05,DE,Organic App Store Search
USR_007594,2025-03-01,UK,Organic App Store Search
USR_007595,2025-09-06,US,Organic App Store Search
USR_007596,2025-09-27,US,Social Media Campaign
USR_007597,2025-08-05,US,Organic App Store Search
USR_007598,2025-01-02,FR,Organic App Store Search
USR_007599,2025-01-24,CA,Organic App Store Search
USR_007600,2025-07-25,AU,Social Media Campaign
USR_007601,2025-07-18,CA,Web Referral
USR_007602,2025-04-24,CA,Apple Search Ads
USR_007603,2025-06-04,US,Organic App Store Search
USR_007604,2025-06-14,UK,Apple Search Ads
USR_007605,2025-08-10,DE,Social Media Campaign
USR_007606,2025-04-01,US,Apple Search Ads
USR_007607,2025-06-16,JP,Apple Search Ads
USR_007608,2025-07-26,US,Organic App Store Search
USR_007609,2025-03-06,US,Organic App Store Search
USR_007610,2025-01-04,UK,Organic App Store Search
USR_007611,2025-06-06,DE,Web Referral
USR_007612,2025-09-06,UK,Apple Search Ads
USR_007613,2025-09-14,CA,Apple Search Ads
USR_007614,2025-08-23,UK,Social Media Campaign
USR_007615,2025-03-15,CA,Social Media Campaign
USR_007616,2025-07-06,US,Organic App Store Search
USR_007617,2025-03-03,US,Organic App Store Search
USR_007618,2025-06-13,US,Web Referral
USR_007619,2025-02-25,US,Web Referral
USR_007620,2025-04-21,US,Apple Search Ads
USR_007621,2025-08-06,CA,Social Media Campaign
USR_007622,2025-08-28,UK,Organic App Store Search
USR_007623,2025-01-21,US,Organic App Store Search
USR_007624,2025-05-21,US,Organic App Store Search
USR_007625,2025-09-22,US,Social Media Campaign
USR_007626,2025-05-19,US,Apple Search Ads
USR_007627,2025-03-11,US,Apple Search Ads
USR_007628,2025-04-28,UK,Organic App Store Search
USR_007629,2025-07-17,US,Organic App Store Search
USR_007630,2025-07-24,UK,Web Referral
USR_007631,2025-08-02,AU,Organic App Store Search
USR_007632,2025-02-25,US,Apple Search Ads
USR_007633,2025-06-24,US,Social Media Campaign
USR_007634,2025-05-08,US,Apple Search Ads
USR_007635,2025-08-14,US,Web Referral
USR_007636,2025-03-05,US,Organic App Store Search
USR_007637,2025-02-17,DE,Apple Search Ads
USR_007638,2025-07-21,US,Organic App Store Search
USR_007639,2025-03-01,JP,Organic App Store Search
USR_007640,2025-09-14,US,Organic App Store Search
USR_007641,2025-03-06,DE,Organic App Store Search
USR_007642,2025-08-27,AU,Web Referral
USR_007643,2025-02-07,US,Apple Search Ads
USR_007644,2025-01-25,US,Organic App Store Search
USR_007645,2025-02-28,UK,Organic App Store Search
USR_007646,2025-06-07,FR,Organic App Store Search
USR_007647,2025-02-26,US,Apple Search Ads
USR_007648,2025-02-17,US,Social Media Campaign
USR_007649,2025-02-25,US,Apple Search Ads
USR_007650,2025-03-06,US,Organic App Store Search
USR_007651,2025-09-25,FR,Organic App Store Search
USR_007652,2025-03-10,CA,Organic App Store Search
USR_007653,2025-08-04,US,Apple Search Ads
USR_007654,2025-03-30,US,Organic App Store Search
USR_007655,2025-09-14,US,Organic App Store Search
USR_007656,2025-06-09,DE,Organic App Store Search
USR_007657,2025-08-22,FR,Apple Search Ads
USR_007658,2025-05-11,US,Organic App Store Search
USR_007659,2025-02-18,US,Social Media Campaign
USR_007660,2025-05-27,FR,Apple Search Ads
USR_007661,2025-01-02,US,Apple Search Ads
USR_007662,2025-05-25,US,Organic App Store Search
USR_007663,2025-03-02,US,Organic App Store Search
USR_007664,2025-02-18,US,Apple Search Ads
USR_007665,2025-05-11,US,Organic App Store Search
USR_007666,2025-02-12,JP,Organic App Store Search
USR_007667,2025-02-26,UK,Organic App Store Search
USR_007668,2025-02-19,US,Organic App Store Search
USR_007669,2025-06-27,US,Organic App Store Search
USR_007670,2025-02-15,AU,Social Media Campaign
USR_007671,2025-06-19,US,Organic App Store Search
USR_007672,2025-05-19,US,Organic App Store Search
USR_007673,2025-09-04,US,Organic App Store Search
USR_007674,2025-05-28,AU,Apple Search Ads
USR_007675,2025-08-18,US,Apple Search Ads
USR_007676,2025-05-05,US,Organic App Store Search
USR_007677,2025-07-11,US,Social Media Campaign
USR_007678,2025-03-21,US,Organic App Store Search
USR_007679,2025-04-04,JP,Apple Search Ads
USR_007680,2025-08-14,CA,Apple Search Ads
USR_007681,2025-03-06,US,Social Media Campaign
USR_007682,2025-03-29,US,Apple Search Ads
USR_007683,2025-03-29,UK,Organic App Store Search
USR_007684,2025-07-20,US,Apple Search Ads
USR_007685,2025-08-02,DE,Organic App Store Search
USR_007686,2025-07-23,UK,Web Referral
USR_007687,2025-03-30,US,Organic App Store Search
USR_007688,2025-03-02,JP,Organic App Store Search
USR_007689,2025-04-04,US,Organic App Store Search
USR_007690,2025-01-27,US,Organic App Store Search
USR_007691,2025-08-02,CA,Apple Search Ads
USR_007692,2025-03-15,DE,Organic App Store Search
USR_007693,2025-03-02,CA,Organic App Store Search
USR_007694,2025-07-05,CA,Organic App Store Search
USR_007695,2025-01-31,US,Apple Search Ads
USR_007696,2025-08-07,UK,Organic App Store Search
USR_007697,2025-01-12,US,Organic App Store Search
USR_007698,2025-02-01,CA,Apple Search Ads
USR_007699,2025-06-09,US,Organic App Store Search
USR_007700,2025-08-25,US,Organic App Store Search
USR_007701,2025-08-15,FR,Social Media Campaign
USR_007702,2025-06-30,US,Organic App Store Search
USR_007703,2025-02-15,US,Organic App Store Search
USR_007704,2025-03-21,US,Apple Search Ads
USR_007705,2025-05-15,US,Organic App Store Search
USR_007706,2025-09-17,UK,Organic App Store Search
USR_007707,2025-09-04,US,Social Media Campaign
USR_007708,2025-06-08,US,Web Referral
USR_007709,2025-07-22,US,Apple Search Ads
USR_007710,2025-04-22,US,Organic App Store Search
USR_007711,2025-04-29,US,Organic App Store Search
USR_007712,2025-01-17,US,Apple Search Ads
USR_007713,2025-08-15,US,Organic App Store Search
USR_007714,2025-04-27,US,Organic App Store Search
USR_007715,2025-02-12,FR,Social Media Campaign
USR_007716,2025-04-25,FR,Organic App Store Search
USR_007717,2025-02-06,US,Organic App Store Search
USR_007718,2025-04-23,US,Organic App Store Search
USR_007719,2025-02-04,UK,Apple Search Ads
USR_007720,2025-05-12,CA,Organic App Store Search
USR_007721,2025-08-16,JP,Organic App Store Search
USR_007722,2025-05-27,US,Organic App Store Search
USR_007723,2025-05-02,CA,Social Media Campaign
USR_007724,2025-03-22,FR,Apple Search Ads
USR_007725,2025-06-22,US,Organic App Store Search
USR_007726,2025-06-03,US,Social Media Campaign
USR_007727,2025-05-30,US,Organic App Store Search
USR_007728,2025-02-27,US,Organic App Store Search
USR_007729,2025-03-04,US,Apple Search Ads
USR_007730,2025-06-05,DE,Apple Search Ads
USR_007731,2025-06-17,US,Organic App Store Search
USR_007732,2025-06-15,US,Social Media Campaign
USR_007733,2025-03-26,FR,Organic App Store Search
USR_007734,2025-05-17,US,Web Referral
USR_007735,2025-07-08,US,Apple Search Ads
USR_007736,2025-01-02,US,Web Referral
USR_007737,2025-04-16,US,Organic App Store Search
USR_007738,2025-03-13,US,Organic App Store Search
USR_007739,2025-05-06,DE,Apple Search Ads
USR_007740,2025-06-19,US,Social Media Campaign
USR_007741,2025-07-24,UK,Social Media Campaign
USR_007742,2025-07-14,US,Organic App Store Search
USR_007743,2025-06-07,FR,Apple Search Ads
USR_007744,2025-05-21,CA,Social Media Campaign
USR_007745,2025-01-07,FR,Social Media Campaign
USR_007746,2025-02-23,US,Organic App Store Search
USR_007747,2025-04-14,DE,Apple Search Ads
USR_007748,2025-03-02,FR,Apple Search Ads
USR_007749,2025-03-28,AU,Organic App Store Search
USR_007750,2025-09-15,US,Web Referral
USR_007751,2025-06-27,US,Organic App Store Search
USR_007752,2025-08-30,US,Apple Search Ads
USR_007753,2025-07-22,US,Social Media Campaign
USR_007754,2025-01-31,AU,Organic App Store Search
USR_007755,2025-03-21,UK,Social Media Campaign
USR_007756,2025-01-11,UK,Apple Search Ads
USR_007757,2025-09-11,US,Social Media Campaign
USR_007758,2025-06-25,US,Organic App Store Search
USR_007759,2025-05-06,US,Organic App Store Search
USR_007760,2025-02-16,US,Apple Search Ads
USR_007761,2025-07-25,AU,Organic App Store Search
USR_007762,2025-04-17,US,Organic App Store Search
USR_007763,2025-05-03,CA,Organic App Store Search
USR_007764,2025-05-14,UK,Organic App Store Search
USR_007765,2025-04-17,FR,Apple Search Ads
USR_007766,2025-02-19,US,Apple Search Ads
USR_007767,2025-04-05,UK,Social Media Campaign
USR_007768,2025-09-25,US,Apple Search Ads
USR_007769,2025-01-23,US,Social Media Campaign
USR_007770,2025-02-23,UK,Organic App Store Search
USR_007771,2025-09-11,AU,Social Media Campaign
USR_007772,2025-08-23,US,Organic App Store Search
USR_007773,2025-02-28,US,Apple Search Ads
USR_007774,2025-06-13,CA,Organic App Store Search
USR_007775,2025-09-16,US,Organic App Store Search
USR_007776,2025-08-04,UK,Organic App Store Search
USR_007777,2025-07-02,DE,Organic App Store Search
USR_007778,2025-02-26,UK,Organic App Store Search
USR_007779,2025-05-25,CA,Organic App Store Search
USR_007780,2025-03-31,CA,Organic App Store Search
USR_007781,2025-02-14,DE,Organic App Store Search
USR_007782,2025-09-14,CA,Organic App Store Search
USR_007783,2025-01-21,US,Organic App Store Search
USR_007784,2025-01-21,US,Social Media Campaign
USR_007785,2025-02-21,JP,Apple Search Ads
USR_007786,2025-06-20,US,Web Referral
USR_007787,2025-03-08,UK,Apple Search Ads
USR_007788,2025-04-23,DE,Social Media Campaign
USR_007789,2025-06-09,UK,Apple Search Ads
USR_007790,2025-09-23,US,Organic App Store Search
USR_007791,2025-08-20,US,Apple Search Ads
USR_007792,2025-03-09,US,Organic App Store Search
USR_007793,2025-01-28,US,Apple Search Ads
USR_007794,2025-04-26,JP,Social Media Campaign
USR_007795,2025-02-20,AU,Social Media Campaign
USR_007796,2025-06-30,AU,Organic App Store Search
USR_007797,2025-09-17,US,Web Referral
USR_007798,2025-03-20,US,Web Referral
USR_007799,2025-04-18,US,Organic App Store Search
USR_007800,2025-03-15,US,Social Media Campaign
USR_007801,2025-06-24,UK,Organic App Store Search
USR_007802,2025-07-03,UK,Organic App Store Search
USR_007803,2025-01-23,US,Organic App Store Search
USR_007804,2025-05-09,UK,Social Media Campaign
USR_007805,2025-07-05,JP,Organic App Store Search
USR_007806,2025-02-28,US,Organic App Store Search
USR_007807,2025-01-01,CA,Organic App Store Search
USR_007808,2025-05-11,US,Organic App Store Search
USR_007809,2025-03-08,UK,Organic App Store Search
USR_007810,2025-03-30,US,Organic App Store Search
USR_007811,2025-04-10,UK,Organic App Store Search
USR_007812,2025-07-08,US,Organic App Store Search
USR_007813,2025-08-29,US,Organic App Store Search
USR_007814,2025-09-27,DE,Social Media Campaign
USR_007815,2025-08-07,US,Web Referral
USR_007816,2025-06-25,US,Organic App Store Search
USR_007817,2025-08-21,UK,Organic App Store Search
USR_007818,2025-05-31,US,Web Referral
USR_007819,2025-08-17,AU,Apple Search Ads
USR_007820,2025-06-20,UK,Apple Search Ads
USR_007821,2025-08-11,US,Organic App Store Search
USR_007822,2025-08-01,US,Organic App Store Search
USR_007823,2025-02-10,DE,Apple Search Ads
USR_007824,2025-05-02,US,Apple Search Ads
USR_007825,2025-08-15,FR,Organic App Store Search
USR_007826,2025-03-29,US,Organic App Store Search
USR_007827,2025-09-24,AU,Social Media Campaign
USR_007828,2025-01-29,FR,Organic App Store Search
USR_007829,2025-09-04,CA,Apple Search Ads
USR_007830,2025-09-01,US,Organic App Store Search
USR_007831,2025-03-02,UK,Organic App Store Search
USR_007832,2025-05-27,UK,Organic App Store Search
USR_007833,2025-06-23,UK,Apple Search Ads
USR_007834,2025-05-22,US,Organic App Store Search
USR_007835,2025-02-13,CA,Organic App Store Search
USR_007836,2025-05-24,US,Organic App Store Search
USR_007837,2025-02-24,US,Web Referral
USR_007838,2025-06-10,CA,Web Referral
USR_007839,2025-07-17,US,Social Media Campaign
USR_007840,2025-06-08,DE,Web Referral
USR_007841,2025-03-21,FR,Organic App Store Search
USR_007842,2025-01-31,FR,Web Referral
USR_007843,2025-04-22,CA,Organic App Store Search
USR_007844,2025-02-15,UK,Organic App Store Search
USR_007845,2025-07-24,US,Organic App Store Search
USR_007846,2025-02-21,UK,Web Referral
USR_007847,2025-05-18,US,Apple Search Ads
USR_007848,2025-03-15,US,Apple Search Ads
USR_007849,2025-02-10,AU,Web Referral
USR_007850,2025-03-18,US,Apple Search Ads
USR_007851,2025-07-06,US,Apple Search Ads
USR_007852,2025-02-21,AU,Organic App Store Search
USR_007853,2025-03-28,US,Social Media Campaign
USR_007854,2025-04-19,US,Web Referral
USR_007855,2025-08-13,US,Web Referral
USR_007856,2025-09-05,AU,Organic App Store Search
USR_007857,2025-03-10,CA,Organic App Store Search
USR_007858,2025-04-30,CA,Organic App Store Search
USR_007859,2025-03-08,US,Organic App Store Search
USR_007860,2025-03-02,CA,Organic App Store Search
USR_007861,2025-07-10,UK,Apple Search Ads
USR_007862,2025-07-08,US,Social Media Campaign
USR_007863,2025-05-31,US,Web Referral
USR_007864,2025-04-06,UK,Organic App Store Search
USR_007865,2025-09-20,UK,Organic App Store Search
USR_007866,2025-04-07,CA,Organic App Store Search
USR_007867,2025-04-23,US,Organic App Store Search
USR_007868,2025-05-05,UK,Organic App Store Search
USR_007869,2025-05-12,UK,Organic App Store Search
USR_007870,2025-05-01,UK,Web Referral
USR_007871,2025-07-16,UK,Organic App Store Search
USR_007872,2025-05-02,FR,Apple Search Ads
USR_007873,2025-09-17,DE,Apple Search Ads
USR_007874,2025-02-08,CA,Apple Search Ads
USR_007875,2025-02-23,AU,Apple Search Ads
USR_007876,2025-06-10,US,Social Media Campaign
USR_007877,2025-07-19,AU,Apple Search Ads
USR_007878,2025-01-16,UK,Social Media Campaign
USR_007879,2025-06-22,US,Organic App Store Search
USR_007880,2025-09-05,US,Organic App Store Search
USR_007881,2025-08-06,US,Social Media Campaign
USR_007882,2025-03-28,US,Organic App Store Search
USR_007883,2025-03-23,US,Apple Search Ads
USR_007884,2025-03-03,US,Apple Search Ads
USR_007885,2025-02-11,AU,Organic App Store Search
USR_007886,2025-01-12,US,Apple Search Ads
USR_007887,2025-08-22,US,Social Media Campaign
USR_007888,2025-05-11,DE,Social Media Campaign
USR_007889,2025-04-25,US,Apple Search Ads
USR_007890,2025-08-06,DE,Social Media Campaign
USR_007891,2025-05-17,CA,Social Media Campaign
USR_007892,2025-04-16,US,Apple Search Ads
USR_007893,2025-06-28,US,Organic App Store Search
USR_007894,2025-01-16,US,Organic App Store Search
USR_007895,2025-08-30,US,Organic App Store Search
USR_007896,2025-08-14,US,Organic App Store Search
USR_007897,2025-08-30,US,Organic App Store Search
USR_007898,2025-05-21,US,Web Referral
USR_007899,2025-07-18,UK,Apple Search Ads
USR_007900,2025-04-22,US,Social Media Campaign
USR_007901,2025-05-07,DE,Apple Search Ads
USR_007902,2025-01-21,US,Organic App Store Search
USR_007903,2025-05-27,DE,Organic App Store Search
USR_007904,2025-03-30,US,Web Referral
USR_007905,2025-07-22,AU,Organic App Store Search
USR_007906,2025-03-26,US,Apple Search Ads
USR_007907,2025-06-16,UK,Organic App Store Search
USR_007908,2025-03-13,US,Organic App Store Search
USR_007909,2025-01-09,UK,Organic App Store Search
USR_007910,2025-09-15,US,Apple Search Ads
USR_007911,2025-08-26,UK,Social Media Campaign
USR_007912,2025-01-20,US,Apple Search Ads
USR_007913,2025-08-21,US,Apple Search Ads
USR_007914,2025-08-09,US,Web Referral
USR_007915,2025-01-17,US,Apple Search Ads
USR_007916,2025-03-30,UK,Social Media Campaign
USR_007917,2025-07-15,JP,Organic App Store Search
USR_007918,2025-03-25,US,Social Media Campaign
USR_007919,2025-03-28,CA,Apple Search Ads
USR_007920,2025-06-03,UK,Organic App Store Search
USR_007921,2025-08-16,UK,Organic App Store Search
USR_007922,2025-09-21,US,Organic App Store Search
USR_007923,2025-08-11,US,Organic App Store Search
USR_007924,2025-05-01,FR,Social Media Campaign
USR_007925,2025-06-22,US,Apple Search Ads
USR_007926,2025-01-04,CA,Web Referral
USR_007927,2025-05-08,UK,Apple Search Ads
USR_007928,2025-04-20,US,Apple Search Ads
USR_007929,2025-02-06,US,Organic App Store Search
USR_007930,2025-03-12,UK,Apple Search Ads
USR_007931,2025-01-31,US,Apple Search Ads
USR_007932,2025-09-25,US,Social Media Campaign
USR_007933,2025-01-11,US,Apple Search Ads
USR_007934,2025-02-01,JP,Apple Search Ads
USR_007935,2025-02-26,US,Organic App Store Search
USR_007936,2025-06-15,CA,Apple Search Ads
USR_007937,2025-07-07,US,Social Media Campaign
USR_007938,2025-01-19,US,Apple Search Ads
USR_007939,2025-04-26,FR,Organic App Store Search
USR_007940,2025-07-03,AU,Organic App Store Search
USR_007941,2025-09-27,US,Organic App Store Search
USR_007942,2025-02-02,UK,Apple Search Ads
USR_007943,2025-01-10,US,Organic App Store Search
USR_007944,2025-03-21,AU,Social Media Campaign
USR_007945,2025-07-11,US,Organic App Store Search
USR_007946,2025-07-09,DE,Organic App Store Search
USR_007947,2025-03-09,UK,Social Media Campaign
USR_007948,2025-05-05,US,Apple Search Ads
USR_007949,2025-02-28,FR,Social Media Campaign
USR_007950,2025-04-07,JP,Organic App Store Search
USR_007951,2025-05-29,US,Organic App Store Search
USR_007952,2025-09-22,DE,Organic App Store Search
USR_007953,2025-01-09,DE,Organic App Store Search
USR_007954,2025-01-08,AU,Social Media Campaign
USR_007955,2025-07-27,JP,Organic App Store Search
USR_007956,2025-05-05,UK,Web Referral
USR_007957,2025-05-03,CA,Social Media Campaign
USR_007958,2025-02-02,DE,Apple Search Ads
USR_007959,2025-01-01,UK,Web Referral
USR_007960,2025-07-23,UK,Organic App Store Search
USR_007961,2025-01-06,US,Organic App Store Search
USR_007962,2025-01-05,DE,Apple Search Ads
USR_007963,2025-03-21,CA,Organic App Store Search
USR_007964,2025-06-26,UK,Web Referral
USR_007965,2025-05-16,US,Web Referral
USR_007966,2025-01-25,US,Web Referral
USR_007967,2025-07-02,US,Web Referral
USR_007968,2025-06-17,UK,Apple Search Ads
USR_007969,2025-06-27,US,Apple Search Ads
USR_007970,2025-04-05,DE,Organic App Store Search
USR_007971,2025-02-02,UK,Social Media Campaign
USR_007972,2025-04-21,FR,Organic App Store Search
USR_007973,2025-05-26,US,Social Media Campaign
USR_007974,2025-08-19,JP,Web Referral
USR_007975,2025-02-07,US,Organic App Store Search
USR_007976,2025-05-15,CA,Organic App Store Search
USR_007977,2025-08-23,UK,Organic App Store Search
USR_007978,2025-06-09,US,Social Media Campaign
USR_007979,2025-02-07,US,Social Media Campaign
USR_007980,2025-05-30,US,Apple Search Ads
USR_007981,2025-01-29,AU,Social Media Campaign
USR_007982,2025-05-24,US,Organic App Store Search
USR_007983,2025-03-17,JP,Apple Search Ads
USR_007984,2025-05-25,US,Apple Search Ads
USR_007985,2025-08-17,JP,Organic App Store Search
USR_007986,2025-03-05,US,Organic App Store Search
USR_007987,2025-09-26,US,Social Media Campaign
USR_007988,2025-07-03,US,Web Referral
USR_007989,2025-09-18,FR,Apple Search Ads
USR_007990,2025-09-25,UK,Web Referral
USR_007991,2025-06-18,US,Organic App Store Search
USR_007992,2025-09-16,US,Web Referral
USR_007993,2025-08-15,US,Organic App Store Search
USR_007994,2025-02-02,UK,Apple Search Ads
USR_007995,2025-08-02,US,Organic App Store Search
USR_007996,2025-02-19,AU,Social Media Campaign
USR_007997,2025-07-29,CA,Organic App Store Search
USR_007998,2025-01-29,FR,Organic App Store Search
USR_007999,2025-02-08,UK,Organic App Store Search
USR_008000,2025-04-10,US,Organic App Store Search
USR_008001,2025-06-22,JP,Organic App Store Search
USR_008002,2025-01-17,US,Apple Search Ads
USR_008003,2025-02-25,US,Organic App Store Search
USR_008004,2025-08-14,DE,Organic App Store Search
USR_008005,2025-02-15,US,Organic App Store Search
USR_008006,2025-03-08,US,Organic App Store Search
USR_008007,2025-07-16,US,Apple Search Ads
USR_008008,2025-05-22,US,Apple Search Ads
USR_008009,2025-01-23,US,Organic App Store Search
USR_008010,2025-04-04,US,Organic App Store Search
USR_008011,2025-08-30,US,Apple Search Ads
USR_008012,2025-08-25,DE,Apple Search Ads
USR_008013,2025-02-23,UK,Organic App Store Search
USR_008014,2025-05-18,CA,Organic App Store Search
USR_008015,2025-02-10,UK,Organic App Store Search
USR_008016,2025-04-08,DE,Organic App Store Search
USR_008017,2025-07-02,FR,Organic App Store Search
USR_008018,2025-05-08,DE,Organic App Store Search
USR_008019,2025-08-17,DE,Organic App Store Search
USR_008020,2025-03-27,US,Apple Search Ads
USR_008021,2025-09-13,UK,Web Referral
USR_008022,2025-07-28,UK,Apple Search Ads
USR_008023,2025-08-03,UK,Apple Search Ads
USR_008024,2025-04-10,UK,Organic App Store Search
USR_008025,2025-02-18,US,Organic App Store Search
USR_008026,2025-07-20,US,Organic App Store Search
USR_008027,2025-09-15,FR,Apple Search Ads
USR_008028,2025-06-27,CA,Apple Search Ads
USR_008029,2025-09-02,US,Social Media Campaign
USR_008030,2025-05-03,US,Organic App Store Search
USR_008031,2025-06-20,CA,Organic App Store Search
USR_008032,2025-05-16,US,Apple Search Ads
USR_008033,2025-02-28,US,Apple Search Ads
USR_008034,2025-07-12,US,Organic App Store Search
USR_008035,2025-09-25,US,Apple Search Ads
USR_008036,2025-09-17,US,Organic App Store Search
USR_008037,2025-04-05,CA,Apple Search Ads
USR_008038,2025-05-05,US,Organic App Store Search
USR_008039,2025-02-10,US,Apple Search Ads
USR_008040,2025-09-11,CA,Social Media Campaign
USR_008041,2025-01-07,DE,Web Referral
USR_008042,2025-08-04,US,Web Referral
USR_008043,2025-03-10,AU,Apple Search Ads
USR_008044,2025-03-10,JP,Organic App Store Search
USR_008045,2025-03-22,FR,Organic App Store Search
USR_008046,2025-01-30,DE,Organic App Store Search
USR_008047,2025-03-14,AU,Organic App Store Search
USR_008048,2025-09-19,US,Organic App Store Search
USR_008049,2025-03-30,CA,Apple Search Ads
USR_008050,2025-07-27,CA,Organic App Store Search
USR_008051,2025-08-01,US,Organic App Store Search
USR_008052,2025-09-23,UK,Apple Search Ads
USR_008053,2025-07-26,CA,Apple Search Ads
USR_008054,2025-03-18,JP,Apple Search Ads
USR_008055,2025-02-16,US,Apple Search Ads
USR_008056,2025-04-20,US,Organic App Store Search
USR_008057,2025-07-19,CA,Organic App Store Search
USR_008058,2025-07-29,US,Social Media Campaign
USR_008059,2025-06-03,UK,Organic App Store Search
USR_008060,2025-01-10,US,Apple Search Ads
USR_008061,2025-06-06,UK,Organic App Store Search
USR_008062,2025-09-18,CA,Web Referral
USR_008063,2025-03-18,US,Apple Search Ads
USR_008064,2025-09-14,US,Apple Search Ads
USR_008065,2025-05-11,US,Organic App Store Search
USR_008066,2025-03-08,US,Web Referral
USR_008067,2025-08-16,CA,Apple Search Ads
USR_008068,2025-06-12,UK,Organic App Store Search
USR_008069,2025-01-15,US,Apple Search Ads
USR_008070,2025-08-20,UK,Organic App Store Search
USR_008071,2025-07-14,US,Organic App Store Search
USR_008072,2025-01-30,DE,Organic App Store Search
USR_008073,2025-08-08,US,Social Media Campaign
USR_008074,2025-05-27,DE,Apple Search Ads
USR_008075,2025-09-16,UK,Apple Search Ads
USR_008076,2025-05-23,UK,Apple Search Ads
USR_008077,2025-08-23,AU,Apple Search Ads
USR_008078,2025-04-25,FR,Organic App Store Search
USR_008079,2025-03-31,FR,Organic App Store Search
USR_008080,2025-07-27,UK,Organic App Store Search
USR_008081,2025-06-13,US,Organic App Store Search
USR_008082,2025-03-25,FR,Web Referral
USR_008083,2025-03-18,US,Social Media Campaign
USR_008084,2025-06-10,DE,Organic App Store Search
USR_008085,2025-01-05,CA,Organic App Store Search
USR_008086,2025-03-19,FR,Web Referral
USR_008087,2025-04-01,FR,Organic App Store Search
USR_008088,2025-03-28,US,Apple Search Ads
USR_008089,2025-09-27,CA,Organic App Store Search
USR_008090,2025-04-14,US,Apple Search Ads
USR_008091,2025-06-24,US,Web Referral
USR_008092,2025-02-23,US,Social Media Campaign
USR_008093,2025-07-30,US,Apple Search Ads
USR_008094,2025-04-05,AU,Apple Search Ads
USR_008095,2025-08-11,JP,Apple Search Ads
USR_008096,2025-01-09,UK,Organic App Store Search
USR_008097,2025-02-22,US,Organic App Store Search
USR_008098,2025-03-18,DE,Web Referral
USR_008099,2025-07-25,FR,Organic App Store Search
USR_008100,2025-04-22,AU,Organic App Store Search
USR_008101,2025-06-14,CA,Apple Search Ads
USR_008102,2025-01-27,FR,Web Referral
USR_008103,2025-03-11,US,Apple Search Ads
USR_008104,2025-08-06,FR,Apple Search Ads
USR_008105,2025-07-08,FR,Apple Search Ads
USR_008106,2025-05-04,FR,Apple Search Ads
USR_008107,2025-01-19,US,Apple Search Ads
USR_008108,2025-09-14,FR,Web Referral
USR_008109,2025-01-22,UK,Apple Search Ads
USR_008110,2025-02-09,UK,Organic App Store Search
USR_008111,2025-02-07,DE,Social Media Campaign
USR_008112,2025-02-17,US,Social Media Campaign
USR_008113,2025-07-02,US,Organic App Store Search
USR_008114,2025-03-16,DE,Organic App Store Search
USR_008115,2025-07-28,DE,Web Referral
USR_008116,2025-07-02,DE,Organic App Store Search
USR_008117,2025-04-17,US,Apple Search Ads
USR_008118,2025-07-07,AU,Organic App Store Search
USR_008119,2025-09-21,US,Organic App Store Search
USR_008120,2025-03-27,DE,Apple Search Ads
USR_008121,2025-05-17,US,Organic App Store Search
USR_008122,2025-04-05,AU,Organic App Store Search
USR_008123,2025-09-02,UK,Organic App Store Search
USR_008124,2025-03-31,JP,Web Referral
USR_008125,2025-02-28,UK,Social Media Campaign
USR_008126,2025-01-28,CA,Social Media Campaign
USR_008127,2025-03-13,US,Apple Search Ads
USR_008128,2025-09-27,AU,Apple Search Ads
USR_008129,2025-01-24,UK,Social Media Campaign
USR_008130,2025-04-22,US,Social Media Campaign
USR_008131,2025-02-25,CA,Social Media Campaign
USR_008132,2025-08-11,DE,Organic App Store Search
USR_008133,2025-04-30,US,Organic App Store Search
USR_008134,2025-06-28,US,Apple Search Ads
USR_008135,2025-07-08,CA,Organic App Store Search
USR_008136,2025-03-07,DE,Organic App Store Search
USR_008137,2025-09-06,US,Apple Search Ads
USR_008138,2025-03-17,FR,Organic App Store Search
USR_008139,2025-05-17,FR,Social Media Campaign
USR_008140,2025-06-13,US,Organic App Store Search
USR_008141,2025-08-21,US,Apple Search Ads
USR_008142,2025-09-12,AU,Organic App Store Search
USR_008143,2025-06-19,JP,Web Referral
USR_008144,2025-06-23,AU,Organic App Store Search
USR_008145,2025-01-18,US,Social Media Campaign
USR_008146,2025-03-11,US,Apple Search Ads
USR_008147,2025-04-26,UK,Organic App Store Search
USR_008148,2025-03-21,CA,Apple Search Ads
USR_008149,2025-01-15,US,Web Referral
USR_008150,2025-06-25,UK,Organic App Store Search
USR_008151,2025-09-26,US,Organic App Store Search
USR_008152,2025-04-29,UK,Organic App Store Search
USR_008153,2025-07-07,US,Organic App Store Search
USR_008154,2025-02-26,US,Web Referral
USR_008155,2025-07-18,FR,Organic App Store Search
USR_008156,2025-01-17,US,Apple Search Ads
USR_008157,2025-02-24,UK,Organic App Store Search
USR_008158,2025-09-26,US,Organic App Store Search
USR_008159,2025-03-28,US,Organic App Store Search
USR_008160,2025-01-29,US,Organic App Store Search
USR_008161,2025-01-22,US,Apple Search Ads
USR_008162,2025-02-17,US,Organic App Store Search
USR_008163,2025-01-05,FR,Social Media Campaign
USR_008164,2025-09-07,US,Apple Search Ads
USR_008165,2025-06-12,US,Organic App Store Search
USR_008166,2025-07-21,DE,Organic App Store Search
USR_008167,2025-04-11,US,Organic App Store Search
USR_008168,2025-03-12,AU,Organic App Store Search
USR_008169,2025-06-12,US,Organic App Store Search
USR_008170,2025-06-22,US,Social Media Campaign
USR_008171,2025-05-21,UK,Web Referral
USR_008172,2025-05-18,JP,Social Media Campaign
USR_008173,2025-03-07,US,Organic App Store Search
USR_008174,2025-07-17,US,Organic App Store Search
USR_008175,2025-08-16,US,Web Referral
USR_008176,2025-06-21,US,Apple Search Ads
USR_008177,2025-02-09,FR,Organic App Store Search
USR_008178,2025-01-07,US,Organic App Store Search
USR_008179,2025-06-23,FR,Organic App Store Search
USR_008180,2025-05-31,US,Apple Search Ads
USR_008181,2025-07-30,FR,Social Media Campaign
USR_008182,2025-03-27,UK,Organic App Store Search
USR_008183,2025-09-10,FR,Organic App Store Search
USR_008184,2025-01-21,US,Organic App Store Search
USR_008185,2025-09-14,DE,Organic App Store Search
USR_008186,2025-02-02,CA,Apple Search Ads
USR_008187,2025-09-17,UK,Apple Search Ads
USR_008188,2025-08-22,DE,Organic App Store Search
USR_008189,2025-01-03,CA,Apple Search Ads
USR_008190,2025-08-15,FR,Organic App Store Search
USR_008191,2025-03-11,US,Apple Search Ads
USR_008192,2025-09-11,UK,Apple Search Ads
USR_008193,2025-05-24,FR,Organic App Store Search
USR_008194,2025-01-24,US,Apple Search Ads
USR_008195,2025-08-22,UK,Organic App Store Search
USR_008196,2025-06-24,JP,Organic App Store Search
USR_008197,2025-06-08,UK,Organic App Store Search
USR_008198,2025-01-18,US,Organic App Store Search
USR_008199,2025-02-13,US,Social Media Campaign
USR_008200,2025-06-04,FR,Organic App Store Search
USR_008201,2025-08-19,JP,Apple Search Ads
USR_008202,2025-08-13,JP,Web Referral
USR_008203,2025-08-05,CA,Organic App Store Search
USR_008204,2025-02-25,UK,Organic App Store Search
USR_008205,2025-01-31,US,Organic App Store Search
USR_008206,2025-02-28,US,Organic App Store Search
USR_008207,2025-08-23,US,Organic App Store Search
USR_008208,2025-04-17,US,Apple Search Ads
USR_008209,2025-07-10,FR,Organic App Store Search
USR_008210,2025-01-18,DE,Apple Search Ads
USR_008211,2025-08-14,UK,Organic App Store Search
USR_008212,2025-06-16,JP,Organic App Store Search
USR_008213,2025-03-12,JP,Organic App Store Search
USR_008214,2025-02-23,CA,Organic App Store Search
USR_008215,2025-09-02,UK,Organic App Store Search
USR_008216,2025-03-17,US,Apple Search Ads
USR_008217,2025-02-04,UK,Apple Search Ads
USR_008218,2025-09-24,US,Organic App Store Search
USR_008219,2025-05-01,US,Apple Search Ads
USR_008220,2025-01-25,FR,Organic App Store Search
USR_008221,2025-06-09,US,Organic App Store Search
USR_008222,2025-03-25,US,Social Media Campaign
USR_008223,2025-04-24,UK,Web Referral
USR_008224,2025-08-11,CA,Social Media Campaign
USR_008225,2025-06-15,US,Organic App Store Search
USR_008226,2025-07-10,US,Web Referral
USR_008227,2025-06-24,JP,Apple Search Ads
USR_008228,2025-01-01,US,Apple Search Ads
USR_008229,2025-08-17,DE,Web Referral
USR_008230,2025-03-27,UK,Social Media Campaign
USR_008231,2025-03-03,US,Apple Search Ads
USR_008232,2025-07-25,US,Social Media Campaign
USR_008233,2025-04-15,DE,Organic App Store Search
USR_008234,2025-09-07,FR,Apple Search Ads
USR_008235,2025-01-13,US,Organic App Store Search
USR_008236,2025-06-12,US,Web Referral
USR_008237,2025-02-12,US,Apple Search Ads
USR_008238,2025-04-21,DE,Social Media Campaign
USR_008239,2025-07-24,US,Organic App Store Search
USR_008240,2025-09-13,US,Social Media Campaign
USR_008241,2025-05-24,US,Organic App Store Search
USR_008242,2025-05-26,UK,Apple Search Ads
USR_008243,2025-06-13,FR,Social Media Campaign
USR_008244,2025-06-18,CA,Organic App Store Search
USR_008245,2025-08-21,US,Organic App Store Search
USR_008246,2025-03-01,US,Apple Search Ads
USR_008247,2025-08-23,US,Organic App Store Search
USR_008248,2025-06-14,US,Organic App Store Search
USR_008249,2025-07-13,DE,Organic App Store Search
USR_008250,2025-08-22,US,Organic App Store Search
USR_008251,2025-07-02,US,Social Media Campaign
USR_008252,2025-08-20,UK,Web Referral
USR_008253,2025-04-17,AU,Apple Search Ads
USR_008254,2025-08-11,UK,Organic App Store Search
USR_008255,2025-03-21,DE,Social Media Campaign
USR_008256,2025-08-22,CA,Apple Search Ads
USR_008257,2025-07-03,DE,Social Media Campaign
USR_008258,2025-07-04,CA,Organic App Store Search
USR_008259,2025-05-14,US,Organic App Store Search
USR_008260,2025-08-08,US,Apple Search Ads
USR_008261,2025-07-21,FR,Organic App Store Search
USR_008262,2025-05-26,FR,Social Media Campaign
USR_008263,2025-05-07,AU,Apple Search Ads
USR_008264,2025-05-15,AU,Organic App Store Search
USR_008265,2025-04-24,US,Apple Search Ads
USR_008266,2025-09-21,UK,Organic App Store Search
USR_008267,2025-03-05,JP,Organic App Store Search
USR_008268,2025-05-15,FR,Organic App Store Search
USR_008269,2025-02-10,US,Organic App Store Search
USR_008270,2025-01-03,US,Organic App Store Search
USR_008271,2025-07-13,UK,Organic App Store Search
USR_008272,2025-04-20,US,Organic App Store Search
USR_008273,2025-08-09,US,Organic App Store Search
USR_008274,2025-01-04,CA,Social Media Campaign
USR_008275,2025-09-01,US,Organic App Store Search
USR_008276,2025-06-15,DE,Organic App Store Search
USR_008277,2025-01-26,AU,Organic App Store Search
USR_008278,2025-01-17,DE,Organic App Store Search
USR_008279,2025-08-04,DE,Web Referral
USR_008280,2025-04-02,UK,Apple Search Ads
USR_008281,2025-01-31,DE,Social Media Campaign
USR_008282,2025-07-24,UK,Organic App Store Search
USR_008283,2025-07-26,JP,Apple Search Ads
USR_008284,2025-04-17,US,Web Referral
USR_008285,2025-05-26,FR,Organic App Store Search
USR_008286,2025-04-11,US,Apple Search Ads
USR_008287,2025-08-29,US,Apple Search Ads
USR_008288,2025-09-04,US,Web Referral
USR_008289,2025-06-12,CA,Organic App Store Search
USR_008290,2025-06-22,US,Apple Search Ads
USR_008291,2025-02-04,UK,Organic App Store Search
USR_008292,2025-01-21,DE,Web Referral
USR_008293,2025-06-12,US,Apple Search Ads
USR_008294,2025-04-07,UK,Social Media Campaign
USR_008295,2025-02-24,US,Social Media Campaign
USR_008296,2025-05-07,UK,Apple Search Ads
USR_008297,2025-07-12,CA,Apple Search Ads
USR_008298,2025-08-31,US,Apple Search Ads
USR_008299,2025-03-29,JP,Organic App Store Search
USR_008300,2025-08-03,UK,Organic App Store Search
USR_008301,2025-04-02,DE,Organic App Store Search
USR_008302,2025-08-23,AU,Organic App Store Search
USR_008303,2025-07-03,FR,Web Referral
USR_008304,2025-02-07,US,Organic App Store Search
USR_008305,2025-05-19,US,Social Media Campaign
USR_008306,2025-07-14,UK,Organic App Store Search
USR_008307,2025-01-15,FR,Organic App Store Search
USR_008308,2025-09-14,US,Organic App Store Search
USR_008309,2025-05-15,JP,Organic App Store Search
USR_008310,2025-01-01,US,Organic App Store Search
USR_008311,2025-02-18,US,Apple Search Ads
USR_008312,2025-04-06,US,Apple Search Ads
USR_008313,2025-07-20,UK,Social Media Campaign
USR_008314,2025-01-26,FR,Apple Search Ads
USR_008315,2025-08-23,US,Web Referral
USR_008316,2025-09-01,UK,Social Media Campaign
USR_008317,2025-02-20,US,Organic App Store Search
USR_008318,2025-03-22,CA,Organic App Store Search
USR_008319,2025-02-05,US,Organic App Store Search
USR_008320,2025-03-08,UK,Organic App Store Search
USR_008321,2025-05-09,CA,Apple Search Ads
USR_008322,2025-06-04,UK,Web Referral
USR_008323,2025-09-02,US,Apple Search Ads
USR_008324,2025-04-21,US,Social Media Campaign
USR_008325,2025-06-17,CA,Organic App Store Search
USR_008326,2025-05-22,DE,Organic App Store Search
USR_008327,2025-07-16,FR,Social Media Campaign
USR_008328,2025-04-19,DE,Organic App Store Search
USR_008329,2025-03-20,JP,Social Media Campaign
USR_008330,2025-06-10,US,Organic App Store Search
USR_008331,2025-01-19,US,Social Media Campaign
USR_008332,2025-05-07,US,Social Media Campaign
USR_008333,2025-07-24,US,Apple Search Ads
USR_008334,2025-01-29,CA,Social Media Campaign
USR_008335,2025-07-26,DE,Organic App Store Search
USR_008336,2025-05-31,US,Organic App Store Search
USR_008337,2025-08-28,UK,Organic App Store Search
USR_008338,2025-09-23,CA,Organic App Store Search
USR_008339,2025-07-01,UK,Organic App Store Search
USR_008340,2025-04-15,US,Social Media Campaign
USR_008341,2025-08-24,DE,Organic App Store Search
USR_008342,2025-06-22,US,Web Referral
USR_008343,2025-06-07,FR,Web Referral
USR_008344,2025-06-21,JP,Apple Search Ads
USR_008345,2025-06-06,US,Web Referral
USR_008346,2025-09-15,US,Social Media Campaign
USR_008347,2025-06-13,AU,Apple Search Ads
USR_008348,2025-05-27,UK,Apple Search Ads
USR_008349,2025-06-03,US,Apple Search Ads
USR_008350,2025-02-07,FR,Organic App Store Search
USR_008351,2025-05-11,US,Organic App Store Search
USR_008352,2025-09-12,US,Apple Search Ads
USR_008353,2025-07-27,UK,Organic App Store Search
USR_008354,2025-04-05,US,Web Referral
USR_008355,2025-06-20,US,Apple Search Ads
USR_008356,2025-09-07,UK,Organic App Store Search
USR_008357,2025-07-09,US,Organic App Store Search
USR_008358,2025-07-18,UK,Organic App Store Search
USR_008359,2025-08-09,JP,Organic App Store Search
USR_008360,2025-01-24,FR,Organic App Store Search
USR_008361,2025-09-01,US,Web Referral
USR_008362,2025-05-08,US,Organic App Store Search
USR_008363,2025-04-03,CA,Apple Search Ads
USR_008364,2025-05-13,CA,Organic App Store Search
USR_008365,2025-02-24,FR,Web Referral
USR_008366,2025-06-07,CA,Apple Search Ads
USR_008367,2025-01-29,US,Apple Search Ads
USR_008368,2025-07-30,UK,Social Media Campaign
USR_008369,2025-06-03,DE,Apple Search Ads
USR_008370,2025-08-10,FR,Organic App Store Search
USR_008371,2025-04-25,US,Organic App Store Search
USR_008372,2025-06-07,UK,Organic App Store Search
USR_008373,2025-09-16,US,Organic App Store Search
USR_008374,2025-09-08,UK,Organic App Store Search
USR_008375,2025-05-02,US,Social Media Campaign
USR_008376,2025-09-20,FR,Organic App Store Search
USR_008377,2025-02-18,CA,Organic App Store Search
USR_008378,2025-03-18,FR,Web Referral
USR_008379,2025-05-07,JP,Web Referral
USR_008380,2025-07-16,US,Web Referral
USR_008381,2025-08-09,CA,Apple Search Ads
USR_008382,2025-04-01,FR,Organic App Store Search
USR_008383,2025-01-08,UK,Social Media Campaign
USR_008384,2025-02-01,CA,Organic App Store Search
USR_008385,2025-09-26,US,Organic App Store Search
USR_008386,2025-07-10,CA,Organic App Store Search
USR_008387,2025-06-12,US,Apple Search Ads
USR_008388,2025-03-02,UK,Organic App Store Search
USR_008389,2025-09-21,US,Social Media Campaign
USR_008390,2025-04-05,US,Organic App Store Search
USR_008391,2025-02-10,US,Organic App Store Search
USR_008392,2025-05-29,US,Organic App Store Search
USR_008393,2025-07-23,UK,Organic App Store Search
USR_008394,2025-09-24,US,Web Referral
USR_008395,2025-01-02,US,Web Referral
USR_008396,2025-06-27,DE,Organic App Store Search
USR_008397,2025-07-13,DE,Web Referral
USR_008398,2025-07-15,DE,Apple Search Ads
USR_008399,2025-09-06,FR,Organic App Store Search
USR_008400,2025-07-31,US,Apple Search Ads
USR_008401,2025-06-02,US,Web Referral
USR_008402,2025-06-07,US,Organic App Store Search
USR_008403,2025-05-19,FR,Organic App Store Search
USR_008404,2025-08-09,DE,Organic App Store Search
USR_008405,2025-06-03,US,Organic App Store Search
USR_008406,2025-09-06,US,Organic App Store Search
USR_008407,2025-01-02,CA,Apple Search Ads
USR_008408,2025-03-29,US,Social Media Campaign
USR_008409,2025-05-10,UK,Organic App Store Search
USR_008410,2025-03-19,FR,Organic App Store Search
USR_008411,2025-09-17,UK,Social Media Campaign
USR_008412,2025-08-29,FR,Organic App Store Search
USR_008413,2025-05-21,US,Social Media Campaign
USR_008414,2025-08-16,CA,Web Referral
USR_008415,2025-06-12,FR,Web Referral
USR_008416,2025-08-24,UK,Apple Search Ads
USR_008417,2025-05-08,CA,Organic App Store Search
USR_008418,2025-07-19,AU,Organic App Store Search
USR_008419,2025-01-31,FR,Apple Search Ads
USR_008420,2025-05-18,US,Web Referral
USR_008421,2025-01-21,US,Organic App Store Search
USR_008422,2025-08-22,US,Organic App Store Search
USR_008423,2025-07-21,FR,Social Media Campaign
USR_008424,2025-05-11,JP,Organic App Store Search
USR_008425,2025-05-28,US,Organic App Store Search
USR_008426,2025-01-29,US,Web Referral
USR_008427,2025-06-11,FR,Organic App Store Search
USR_008428,2025-03-02,US,Organic App Store Search
USR_008429,2025-05-05,US,Apple Search Ads
USR_008430,2025-03-12,US,Social Media Campaign
USR_008431,2025-08-31,US,Organic App Store Search
USR_008432,2025-09-06,CA,Organic App Store Search
USR_008433,2025-08-09,US,Apple Search Ads
USR_008434,2025-01-21,UK,Apple Search Ads
USR_008435,2025-03-23,FR,Organic App Store Search
USR_008436,2025-01-10,US,Organic App Store Search
USR_008437,2025-01-12,US,Apple Search Ads
USR_008438,2025-09-20,FR,Social Media Campaign
USR_008439,2025-05-25,DE,Social Media Campaign
USR_008440,2025-07-11,US,Apple Search Ads
USR_008441,2025-09-07,US,Social Media Campaign
USR_008442,2025-04-24,US,Organic App Store Search
USR_008443,2025-01-26,CA,Social Media Campaign
USR_008444,2025-02-02,US,Social Media Campaign
USR_008445,2025-03-03,UK,Apple Search Ads
USR_008446,2025-08-17,US,Organic App Store Search
USR_008447,2025-04-05,DE,Apple Search Ads
USR_008448,2025-02-04,US,Apple Search Ads
USR_008449,2025-07-12,UK,Organic App Store Search
USR_008450,2025-03-17,US,Apple Search Ads
USR_008451,2025-09-06,US,Social Media Campaign
USR_008452,2025-03-24,CA,Social Media Campaign
USR_008453,2025-01-25,DE,Organic App Store Search
USR_008454,2025-02-26,AU,Organic App Store Search
USR_008455,2025-02-01,AU,Apple Search Ads
USR_008456,2025-01-12,US,Social Media Campaign
USR_008457,2025-04-02,CA,Apple Search Ads
USR_008458,2025-01-01,US,Apple Search Ads
USR_008459,2025-05-16,US,Organic App Store Search
USR_008460,2025-07-15,DE,Apple Search Ads
USR_008461,2025-05-13,FR,Web Referral
USR_008462,2025-03-27,AU,Apple Search Ads
USR_008463,2025-06-29,DE,Web Referral
USR_008464,2025-01-04,JP,Apple Search Ads
USR_008465,2025-05-06,US,Social Media Campaign
USR_008466,2025-06-24,JP,Organic App Store Search
USR_008467,2025-09-08,CA,Organic App Store Search
USR_008468,2025-01-21,DE,Organic App Store Search
USR_008469,2025-04-15,CA,Organic App Store Search
USR_008470,2025-03-07,UK,Organic App Store Search
USR_008471,2025-09-20,AU,Apple Search Ads
USR_008472,2025-02-18,US,Web Referral
USR_008473,2025-01-16,FR,Apple Search Ads
USR_008474,2025-05-25,US,Organic App Store Search
USR_008475,2025-09-07,US,Web Referral
USR_008476,2025-03-16,US,Apple Search Ads
USR_008477,2025-03-07,US,Apple Search Ads
USR_008478,2025-05-05,US,Social Media Campaign
USR_008479,2025-03-28,US,Web Referral
USR_008480,2025-02-10,UK,Apple Search Ads
USR_008481,2025-07-05,UK,Social Media Campaign
USR_008482,2025-09-23,US,Apple Search Ads
USR_008483,2025-02-11,US,Organic App Store Search
USR_008484,2025-04-03,JP,Apple Search Ads
USR_008485,2025-07-04,US,Organic App Store Search
USR_008486,2025-08-03,US,Organic App Store Search
USR_008487,2025-01-17,US,Apple Search Ads
USR_008488,2025-09-22,US,Organic App Store Search
USR_008489,2025-04-24,CA,Apple Search Ads
USR_008490,2025-02-17,US,Apple Search Ads
USR_008491,2025-04-07,UK,Social Media Campaign
USR_008492,2025-04-05,US,Organic App Store Search
USR_008493,2025-03-15,CA,Social Media Campaign
USR_008494,2025-03-09,DE,Web Referral
USR_008495,2025-09-03,US,Apple Search Ads
USR_008496,2025-03-18,US,Social Media Campaign
USR_008497,2025-07-27,US,Organic App Store Search
USR_008498,2025-09-11,CA,Web Referral
USR_008499,2025-08-09,US,Apple Search Ads
USR_008500,2025-09-19,UK,Organic App Store Search
USR_008501,2025-09-16,US,Organic App Store Search
USR_008502,2025-03-15,US,Apple Search Ads
USR_008503,2025-05-05,US,Organic App Store Search
USR_008504,2025-07-07,US,Social Media Campaign
USR_008505,2025-09-11,US,Organic App Store Search
USR_008506,2025-08-23,US,Apple Search Ads
USR_008507,2025-09-07,UK,Apple Search Ads
USR_008508,2025-03-13,US,Social Media Campaign
USR_008509,2025-08-23,AU,Apple Search Ads
USR_008510,2025-06-05,AU,Social Media Campaign
USR_008511,2025-04-25,CA,Web Referral
USR_008512,2025-08-16,FR,Apple Search Ads
USR_008513,2025-09-02,US,Social Media Campaign
USR_008514,2025-01-14,US,Organic App Store Search
USR_008515,2025-01-16,CA,Social Media Campaign
USR_008516,2025-02-11,UK,Organic App Store Search
USR_008517,2025-04-20,UK,Web Referral
USR_008518,2025-01-19,US,Organic App Store Search
USR_008519,2025-03-07,UK,Organic App Store Search
USR_008520,2025-06-16,FR,Organic App Store Search
USR_008521,2025-03-14,US,Organic App Store Search
USR_008522,2025-04-22,JP,Organic App Store Search
USR_008523,2025-03-26,US,Apple Search Ads
USR_008524,2025-05-19,US,Web Referral
USR_008525,2025-02-08,US,Organic App Store Search
USR_008526,2025-04-15,UK,Organic App Store Search
USR_008527,2025-05-03,CA,Apple Search Ads
USR_008528,2025-08-06,UK,Organic App Store Search
USR_008529,2025-03-02,UK,Social Media Campaign
USR_008530,2025-04-10,US,Organic App Store Search
USR_008531,2025-07-23,US,Apple Search Ads
USR_008532,2025-09-15,US,Organic App Store Search
USR_008533,2025-01-05,JP,Organic App Store Search
USR_008534,2025-07-16,US,Social Media Campaign
USR_008535,2025-06-29,FR,Organic App Store Search
USR_008536,2025-05-13,US,Web Referral
USR_008537,2025-09-10,US,Apple Search Ads
USR_008538,2025-09-22,US,Social Media Campaign
USR_008539,2025-04-03,US,Web Referral
USR_008540,2025-05-30,JP,Organic App Store Search
USR_008541,2025-05-18,CA,Social Media Campaign
USR_008542,2025-07-27,FR,Organic App Store Search
USR_008543,2025-05-05,DE,Apple Search Ads
USR_008544,2025-08-22,UK,Apple Search Ads
USR_008545,2025-03-02,CA,Organic App Store Search
USR_008546,2025-09-23,CA,Organic App Store Search
USR_008547,2025-05-14,CA,Apple Search Ads
USR_008548,2025-04-23,US,Social Media Campaign
USR_008549,2025-07-10,US,Web Referral
USR_008550,2025-07-06,UK,Apple Search Ads
USR_008551,2025-03-30,US,Organic App Store Search
USR_008552,2025-07-06,UK,Social Media Campaign
USR_008553,2025-05-12,FR,Social Media Campaign
USR_008554,2025-05-03,UK,Organic App Store Search
USR_008555,2025-02-17,UK,Organic App Store Search
USR_008556,2025-06-28,US,Social Media Campaign
USR_008557,2025-06-29,DE,Social Media Campaign
USR_008558,2025-04-09,US,Organic App Store Search
USR_008559,2025-02-03,JP,Web Referral
USR_008560,2025-03-11,JP,Apple Search Ads
USR_008561,2025-06-20,FR,Web Referral
USR_008562,2025-02-28,US,Organic App Store Search
USR_008563,2025-06-30,US,Apple Search Ads
USR_008564,2025-01-19,FR,Organic App Store Search
USR_008565,2025-08-14,DE,Social Media Campaign
USR_008566,2025-04-05,FR,Organic App Store Search
USR_008567,2025-03-22,UK,Social Media Campaign
USR_008568,2025-06-24,UK,Organic App Store Search
USR_008569,2025-08-10,US,Social Media Campaign
USR_008570,2025-04-13,DE,Organic App Store Search
USR_008571,2025-02-23,AU,Organic App Store Search
USR_008572,2025-07-02,US,Organic App Store Search
USR_008573,2025-03-09,US,Organic App Store Search
USR_008574,2025-01-28,UK,Social Media Campaign
USR_008575,2025-04-29,CA,Organic App Store Search
USR_008576,2025-05-14,US,Organic App Store Search
USR_008577,2025-05-09,US,Organic App Store Search
USR_008578,2025-01-08,US,Apple Search Ads
USR_008579,2025-02-20,US,Organic App Store Search
USR_008580,2025-06-24,FR,Organic App Store Search
USR_008581,2025-07-02,AU,Apple Search Ads
USR_008582,2025-07-11,AU,Apple Search Ads
USR_008583,2025-09-06,DE,Apple Search Ads
USR_008584,2025-08-23,US,Organic App Store Search
USR_008585,2025-03-24,DE,Organic App Store Search
USR_008586,2025-04-03,JP,Social Media Campaign
USR_008587,2025-09-25,CA,Web Referral
USR_008588,2025-04-30,US,Apple Search Ads
USR_008589,2025-03-12,AU,Organic App Store Search
USR_008590,2025-01-17,FR,Apple Search Ads
USR_008591,2025-09-10,US,Social Media Campaign
USR_008592,2025-05-02,US,Apple Search Ads
USR_008593,2025-01-10,FR,Social Media Campaign
USR_008594,2025-07-29,FR,Organic App Store Search
USR_008595,2025-08-06,UK,Apple Search Ads
USR_008596,2025-08-29,US,Apple Search Ads
USR_008597,2025-07-19,US,Apple Search Ads
USR_008598,2025-08-04,UK,Apple Search Ads
USR_008599,2025-07-24,FR,Apple Search Ads
USR_008600,2025-08-04,US,Social Media Campaign
USR_008601,2025-03-21,US,Web Referral
USR_008602,2025-09-24,FR,Organic App Store Search
USR_008603,2025-02-04,US,Apple Search Ads
USR_008604,2025-01-18,DE,Web Referral
USR_008605,2025-06-14,US,Organic App Store Search
USR_008606,2025-01-13,DE,Organic App Store Search
USR_008607,2025-07-21,JP,Organic App Store Search
USR_008608,2025-08-17,US,Organic App Store Search
USR_008609,2025-01-01,DE,Web Referral
USR_008610,2025-08-05,JP,Organic App Store Search
USR_008611,2025-02-03,JP,Apple Search Ads
USR_008612,2025-09-23,US,Organic App Store Search
USR_008613,2025-05-08,UK,Organic App Store Search
USR_008614,2025-07-31,US,Social Media Campaign
USR_008615,2025-09-20,US,Apple Search Ads
USR_008616,2025-03-21,UK,Organic App Store Search
USR_008617,2025-06-14,US,Web Referral
USR_008618,2025-09-09,AU,Organic App Store Search
USR_008619,2025-01-12,UK,Organic App Store Search
USR_008620,2025-07-31,FR,Apple Search Ads
USR_008621,2025-04-22,DE,Organic App Store Search
USR_008622,2025-07-30,US,Apple Search Ads
USR_008623,2025-08-27,UK,Apple Search Ads
USR_008624,2025-09-25,DE,Organic App Store Search
USR_008625,2025-02-27,US,Apple Search Ads
USR_008626,2025-02-03,US,Organic App Store Search
USR_008627,2025-09-20,FR,Apple Search Ads
USR_008628,2025-02-04,US,Organic App Store Search
USR_008629,2025-08-15,FR,Web Referral
USR_008630,2025-01-25,FR,Social Media Campaign
USR_008631,2025-08-22,UK,Organic App Store Search
USR_008632,2025-02-28,DE,Web Referral
USR_008633,2025-09-08,US,Apple Search Ads
USR_008634,2025-03-27,FR,Apple Search Ads
USR_008635,2025-09-08,DE,Social Media Campaign
USR_008636,2025-06-29,US,Organic App Store Search
USR_008637,2025-07-26,UK,Organic App Store Search
USR_008638,2025-05-29,CA,Organic App Store Search
USR_008639,2025-03-12,US,Organic App Store Search
USR_008640,2025-05-01,JP,Organic App Store Search
USR_008641,2025-09-10,US,Apple Search Ads
USR_008642,2025-04-03,UK,Organic App Store Search
USR_008643,2025-09-13,US,Apple Search Ads
USR_008644,2025-09-11,CA,Organic App Store Search
USR_008645,2025-02-28,DE,Organic App Store Search
USR_008646,2025-03-10,UK,Organic App Store Search
USR_008647,2025-03-27,DE,Apple Search Ads
USR_008648,2025-08-15,AU,Social Media Campaign
USR_008649,2025-03-22,US,Organic App Store Search
USR_008650,2025-04-24,US,Social Media Campaign
USR_008651,2025-07-03,US,Social Media Campaign
USR_008652,2025-02-23,US,Web Referral
USR_008653,2025-07-16,US,Apple Search Ads
USR_008654,2025-06-29,FR,Organic App Store Search
USR_008655,2025-08-10,JP,Organic App Store Search
USR_008656,2025-09-01,US,Organic App Store Search
USR_008657,2025-06-03,US,Apple Search Ads
USR_008658,2025-05-15,US,Organic App Store Search
USR_008659,2025-01-08,DE,Apple Search Ads
USR_008660,2025-05-08,UK,Organic App Store Search
USR_008661,2025-02-25,CA,Organic App Store Search
USR_008662,2025-05-06,UK,Web Referral
USR_008663,2025-06-08,AU,Web Referral
USR_008664,2025-02-28,US,Apple Search Ads
USR_008665,2025-02-27,US,Organic App Store Search
USR_008666,2025-05-20,US,Web Referral
USR_008667,2025-06-25,US,Organic App Store Search
USR_008668,2025-04-18,FR,Apple Search Ads
USR_008669,2025-07-30,US,Organic App Store Search
USR_008670,2025-03-15,US,Apple Search Ads
USR_008671,2025-06-16,FR,Social Media Campaign
USR_008672,2025-08-21,US,Social Media Campaign
USR_008673,2025-07-01,US,Apple Search Ads
USR_008674,2025-05-02,FR,Web Referral
USR_008675,2025-07-22,AU,Apple Search Ads
USR_008676,2025-01-29,US,Apple Search Ads
USR_008677,2025-07-21,DE,Organic App Store Search
USR_008678,2025-04-03,AU,Organic App Store Search
USR_008679,2025-06-25,US,Social Media Campaign
USR_008680,2025-07-30,CA,Social Media Campaign
USR_008681,2025-07-03,CA,Organic App Store Search
USR_008682,2025-04-05,JP,Organic App Store Search
USR_008683,2025-05-17,JP,Organic App Store Search
USR_008684,2025-08-25,US,Social Media Campaign
USR_008685,2025-09-22,UK,Organic App Store Search
USR_008686,2025-05-15,US,Organic App Store Search
USR_008687,2025-05-24,US,Organic App Store Search
USR_008688,2025-01-19,US,Organic App Store Search
USR_008689,2025-08-19,CA,Apple Search Ads
USR_008690,2025-05-14,UK,Web Referral
USR_008691,2025-04-24,US,Organic App Store Search
USR_008692,2025-05-19,DE,Organic App Store Search
USR_008693,2025-05-05,DE,Social Media Campaign
USR_008694,2025-07-23,AU,Social Media Campaign
USR_008695,2025-03-02,US,Organic App Store Search
USR_008696,2025-09-07,DE,Organic App Store Search
USR_008697,2025-01-13,FR,Web Referral
USR_008698,2025-09-12,US,Apple Search Ads
USR_008699,2025-03-26,US,Web Referral
USR_008700,2025-01-20,JP,Organic App Store Search
USR_008701,2025-02-19,UK,Apple Search Ads
USR_008702,2025-06-13,UK,Apple Search Ads
USR_008703,2025-04-02,US,Social Media Campaign
USR_008704,2025-03-29,UK,Web Referral
USR_008705,2025-03-10,US,Organic App Store Search
USR_008706,2025-02-06,US,Apple Search Ads
USR_008707,2025-09-10,UK,Organic App Store Search
USR_008708,2025-09-09,US,Social Media Campaign
USR_008709,2025-05-20,AU,Social Media Campaign
USR_008710,2025-06-17,JP,Social Media Campaign
USR_008711,2025-02-23,UK,Organic App Store Search
USR_008712,2025-06-27,CA,Organic App Store Search
USR_008713,2025-04-16,US,Organic App Store Search
USR_008714,2025-05-17,US,Organic App Store Search
USR_008715,2025-07-09,JP,Organic App Store Search
USR_008716,2025-05-08,US,Web Referral
USR_008717,2025-02-16,US,Organic App Store Search
USR_008718,2025-01-05,UK,Apple Search Ads
USR_008719,2025-09-14,CA,Social Media Campaign
USR_008720,2025-05-30,US,Social Media Campaign
USR_008721,2025-08-31,US,Apple Search Ads
USR_008722,2025-07-27,DE,Organic App Store Search
USR_008723,2025-04-25,US,Organic App Store Search
USR_008724,2025-07-14,US,Organic App Store Search
USR_008725,2025-06-19,US,Social Media Campaign
USR_008726,2025-03-23,US,Apple Search Ads
USR_008727,2025-06-03,UK,Apple Search Ads
USR_008728,2025-05-21,CA,Social Media Campaign
USR_008729,2025-05-26,DE,Social Media Campaign
USR_008730,2025-05-02,US,Web Referral
USR_008731,2025-09-09,US,Social Media Campaign
USR_008732,2025-03-30,US,Organic App Store Search
USR_008733,2025-02-27,US,Organic App Store Search
USR_008734,2025-03-04,US,Organic App Store Search
USR_008735,2025-03-13,US,Apple Search Ads
USR_008736,2025-01-09,US,Apple Search Ads
USR_008737,2025-04-04,UK,Organic App Store Search
USR_008738,2025-06-01,US,Social Media Campaign
USR_008739,2025-02-09,US,Organic App Store Search
USR_008740,2025-03-03,US,Web Referral
USR_008741,2025-09-11,US,Organic App Store Search
USR_008742,2025-03-10,CA,Organic App Store Search
USR_008743,2025-09-02,US,Organic App Store Search
USR_008744,2025-06-19,US,Organic App Store Search
USR_008745,2025-06-27,US,Organic App Store Search
USR_008746,2025-07-08,US,Apple Search Ads
USR_008747,2025-09-17,DE,Organic App Store Search
USR_008748,2025-03-13,JP,Social Media Campaign
USR_008749,2025-01-17,US,Organic App Store Search
USR_008750,2025-02-26,CA,Organic App Store Search
USR_008751,2025-08-06,US,Social Media Campaign
USR_008752,2025-04-17,US,Organic App Store Search
USR_008753,2025-06-22,US,Apple Search Ads
USR_008754,2025-08-07,FR,Organic App Store Search
USR_008755,2025-09-04,US,Organic App Store Search
USR_008756,2025-08-06,JP,Organic App Store Search
USR_008757,2025-01-31,US,Apple Search Ads
USR_008758,2025-02-16,US,Organic App Store Search
USR_008759,2025-05-14,DE,Apple Search Ads
USR_008760,2025-04-18,FR,Social Media Campaign
USR_008761,2025-03-13,DE,Organic App Store Search
USR_008762,2025-04-18,AU,Web Referral
USR_008763,2025-06-20,US,Organic App Store Search
USR_008764,2025-04-26,US,Social Media Campaign
USR_008765,2025-03-15,US,Social Media Campaign
USR_008766,2025-09-13,US,Organic App Store Search
USR_008767,2025-03-22,JP,Web Referral
USR_008768,2025-09-25,AU,Organic App Store Search
USR_008769,2025-05-08,DE,Organic App Store Search
USR_008770,2025-08-23,US,Apple Search Ads
USR_008771,2025-02-10,CA,Web Referral
USR_008772,2025-06-30,FR,Social Media Campaign
USR_008773,2025-06-06,UK,Organic App Store Search
USR_008774,2025-02-28,US,Apple Search Ads
USR_008775,2025-09-06,AU,Organic App Store Search
USR_008776,2025-07-11,UK,Organic App Store Search
USR_008777,2025-01-24,JP,Apple Search Ads
USR_008778,2025-03-21,US,Organic App Store Search
USR_008779,2025-05-14,US,Organic App Store Search
USR_008780,2025-08-01,UK,Web Referral
USR_008781,2025-06-15,US,Apple Search Ads
USR_008782,2025-03-12,UK,Social Media Campaign
USR_008783,2025-08-02,US,Organic App Store Search
USR_008784,2025-03-06,FR,Web Referral
USR_008785,2025-08-09,FR,Organic App Store Search
USR_008786,2025-07-04,US,Apple Search Ads
USR_008787,2025-07-26,US,Social Media Campaign
USR_008788,2025-04-09,UK,Social Media Campaign
USR_008789,2025-08-30,DE,Organic App Store Search
USR_008790,2025-06-07,US,Organic App Store Search
USR_008791,2025-04-08,US,Apple Search Ads
USR_008792,2025-02-11,UK,Organic App Store Search
USR_008793,2025-05-19,CA,Apple Search Ads
USR_008794,2025-08-15,US,Organic App Store Search
USR_008795,2025-03-13,AU,Organic App Store Search
USR_008796,2025-08-31,JP,Organic App Store Search
USR_008797,2025-01-18,US,Organic App Store Search
USR_008798,2025-03-18,UK,Social Media Campaign
USR_008799,2025-02-14,US,Organic App Store Search
USR_008800,2025-05-20,US,Apple Search Ads
USR_008801,2025-06-26,US,Organic App Store Search
USR_008802,2025-08-10,US,Organic App Store Search
USR_008803,2025-04-02,DE,Organic App Store Search
USR_008804,2025-01-22,UK,Organic App Store Search
USR_008805,2025-06-21,US,Social Media Campaign
USR_008806,2025-04-02,US,Web Referral
USR_008807,2025-07-11,UK,Social Media Campaign
USR_008808,2025-03-18,US,Apple Search Ads
USR_008809,2025-06-28,US,Apple Search Ads
USR_008810,2025-08-26,UK,Web Referral
USR_008811,2025-05-15,FR,Apple Search Ads
USR_008812,2025-01-19,US,Apple Search Ads
USR_008813,2025-03-24,CA,Apple Search Ads
USR_008814,2025-08-16,US,Apple Search Ads
USR_008815,2025-09-22,CA,Apple Search Ads
USR_008816,2025-04-22,UK,Apple Search Ads
USR_008817,2025-09-08,DE,Apple Search Ads
USR_008818,2025-06-13,UK,Social Media Campaign
USR_008819,2025-06-17,US,Organic App Store Search
USR_008820,2025-08-09,US,Apple Search Ads
USR_008821,2025-07-10,US,Organic App Store Search
USR_008822,2025-06-19,UK,Social Media Campaign
USR_008823,2025-02-14,FR,Organic App Store Search
USR_008824,2025-01-14,UK,Organic App Store Search
USR_008825,2025-08-19,AU,Social Media Campaign
USR_008826,2025-06-06,US,Apple Search Ads
USR_008827,2025-05-14,US,Organic App Store Search
USR_008828,2025-02-06,US,Organic App Store Search
USR_008829,2025-02-22,US,Web Referral
USR_008830,2025-01-18,US,Organic App Store Search
USR_008831,2025-02-07,DE,Organic App Store Search
USR_008832,2025-07-06,US,Apple Search Ads
USR_008833,2025-07-15,CA,Apple Search Ads
USR_008834,2025-08-31,DE,Apple Search Ads
USR_008835,2025-02-04,US,Apple Search Ads
USR_008836,2025-08-03,DE,Social Media Campaign
USR_008837,2025-08-07,US,Web Referral
USR_008838,2025-03-31,US,Social Media Campaign
USR_008839,2025-09-09,US,Organic App Store Search
USR_008840,2025-01-08,US,Organic App Store Search
USR_008841,2025-09-13,AU,Apple Search Ads
USR_008842,2025-07-27,FR,Apple Search Ads
USR_008843,2025-05-11,US,Organic App Store Search
USR_008844,2025-08-12,US,Apple Search Ads
USR_008845,2025-07-16,US,Social Media Campaign
USR_008846,2025-05-22,CA,Organic App Store Search
USR_008847,2025-09-09,US,Apple Search Ads
USR_008848,2025-04-06,UK,Apple Search Ads
USR_008849,2025-01-26,AU,Organic App Store Search
USR_008850,2025-04-21,US,Apple Search Ads
USR_008851,2025-05-03,JP,Organic App Store Search
USR_008852,2025-07-05,US,Apple Search Ads
USR_008853,2025-06-17,JP,Social Media Campaign
USR_008854,2025-02-20,US,Social Media Campaign
USR_008855,2025-01-05,US,Organic App Store Search
USR_008856,2025-03-18,DE,Organic App Store Search
USR_008857,2025-06-09,AU,Social Media Campaign
USR_008858,2025-07-27,DE,Organic App Store Search
USR_008859,2025-09-14,US,Organic App Store Search
USR_008860,2025-07-24,FR,Organic App Store Search
USR_008861,2025-09-12,US,Apple Search Ads
USR_008862,2025-01-11,US,Social Media Campaign
USR_008863,2025-01-08,US,Web Referral
USR_008864,2025-02-01,DE,Organic App Store Search
USR_008865,2025-01-28,CA,Organic App Store Search
USR_008866,2025-07-25,US,Apple Search Ads
USR_008867,2025-08-16,US,Social Media Campaign
USR_008868,2025-05-08,US,Organic App Store Search
USR_008869,2025-09-12,US,Organic App Store Search
USR_008870,2025-07-31,UK,Organic App Store Search
USR_008871,2025-08-27,CA,Social Media Campaign
USR_008872,2025-07-26,CA,Organic App Store Search
USR_008873,2025-09-02,FR,Web Referral
USR_008874,2025-02-14,US,Apple Search Ads
USR_008875,2025-04-15,US,Organic App Store Search
USR_008876,2025-08-22,UK,Organic App Store Search
USR_008877,2025-07-08,CA,Organic App Store Search
USR_008878,2025-02-13,UK,Apple Search Ads
USR_008879,2025-08-13,FR,Social Media Campaign
USR_008880,2025-05-22,CA,Organic App Store Search
USR_008881,2025-05-16,US,Apple Search Ads
USR_008882,2025-06-25,US,Social Media Campaign
USR_008883,2025-05-22,DE,Organic App Store Search
USR_008884,2025-03-21,AU,Organic App Store Search
USR_008885,2025-03-23,US,Organic App Store Search
USR_008886,2025-05-15,US,Organic App Store Search
USR_008887,2025-07-26,UK,Organic App Store Search
USR_008888,2025-06-26,CA,Organic App Store Search
USR_008889,2025-08-31,US,Organic App Store Search
USR_008890,2025-02-24,UK,Web Referral
USR_008891,2025-05-21,US,Organic App Store Search
USR_008892,2025-02-25,FR,Organic App Store Search
USR_008893,2025-01-15,US,Social Media Campaign
USR_008894,2025-07-04,AU,Organic App Store Search
USR_008895,2025-03-29,UK,Organic App Store Search
USR_008896,2025-04-07,US,Organic App Store Search
USR_008897,2025-05-24,UK,Web Referral
USR_008898,2025-01-08,US,Organic App Store Search
USR_008899,2025-08-03,CA,Web Referral
USR_008900,2025-06-22,UK,Apple Search Ads
USR_008901,2025-08-11,US,Apple Search Ads
USR_008902,2025-02-09,US,Apple Search Ads
USR_008903,2025-07-01,DE,Organic App Store Search
USR_008904,2025-09-27,US,Organic App Store Search
USR_008905,2025-07-06,UK,Organic App Store Search
USR_008906,2025-09-02,US,Organic App Store Search
USR_008907,2025-08-19,FR,Web Referral
USR_008908,2025-06-04,UK,Apple Search Ads
USR_008909,2025-06-24,CA,Organic App Store Search
USR_008910,2025-04-25,US,Social Media Campaign
USR_008911,2025-01-18,US,Web Referral
USR_008912,2025-01-12,US,Web Referral
USR_008913,2025-07-11,US,Social Media Campaign
USR_008914,2025-08-20,CA,Organic App Store Search
USR_008915,2025-04-03,UK,Organic App Store Search
USR_008916,2025-08-06,US,Organic App Store Search
USR_008917,2025-01-29,CA,Organic App Store Search
USR_008918,2025-03-18,US,Organic App Store Search
USR_008919,2025-01-09,US,Web Referral
USR_008920,2025-01-24,FR,Web Referral
USR_008921,2025-01-15,UK,Apple Search Ads
USR_008922,2025-06-13,CA,Apple Search Ads
USR_008923,2025-01-13,US,Apple Search Ads
USR_008924,2025-06-21,US,Organic App Store Search
USR_008925,2025-07-19,US,Web Referral
USR_008926,2025-03-17,FR,Organic App Store Search
USR_008927,2025-06-13,UK,Apple Search Ads
USR_008928,2025-03-02,US,Organic App Store Search
USR_008929,2025-09-02,DE,Social Media Campaign
USR_008930,2025-06-04,US,Apple Search Ads
USR_008931,2025-09-14,DE,Apple Search Ads
USR_008932,2025-09-01,US,Organic App Store Search
USR_008933,2025-06-11,US,Organic App Store Search
USR_008934,2025-03-09,US,Apple Search Ads
USR_008935,2025-06-10,US,Organic App Store Search
USR_008936,2025-09-16,DE,Social Media Campaign
USR_008937,2025-04-05,AU,Social Media Campaign
USR_008938,2025-09-03,CA,Organic App Store Search
USR_008939,2025-08-09,FR,Organic App Store Search
USR_008940,2025-05-03,US,Social Media Campaign
USR_008941,2025-07-06,FR,Organic App Store Search
USR_008942,2025-09-19,FR,Organic App Store Search
USR_008943,2025-03-01,US,Organic App Store Search
USR_008944,2025-05-05,US,Organic App Store Search
USR_008945,2025-02-20,AU,Organic App Store Search
USR_008946,2025-06-27,US,Organic App Store Search
USR_008947,2025-05-19,DE,Apple Search Ads
USR_008948,2025-06-19,US,Apple Search Ads
USR_008949,2025-02-08,UK,Apple Search Ads
USR_008950,2025-03-10,UK,Organic App Store Search
USR_008951,2025-08-24,US,Social Media Campaign
USR_008952,2025-02-17,US,Apple Search Ads
USR_008953,2025-02-26,US,Organic App Store Search
USR_008954,2025-04-09,UK,Apple Search Ads
USR_008955,2025-01-15,DE,Organic App Store Search
USR_008956,2025-06-28,US,Organic App Store Search
USR_008957,2025-03-03,DE,Web Referral
USR_008958,2025-04-29,US,Organic App Store Search
USR_008959,2025-02-06,CA,Apple Search Ads
USR_008960,2025-05-14,FR,Organic App Store Search
USR_008961,2025-01-26,US,Web Referral
USR_008962,2025-01-08,FR,Organic App Store Search
USR_008963,2025-01-04,UK,Organic App Store Search
USR_008964,2025-01-21,US,Apple Search Ads
USR_008965,2025-05-29,FR,Apple Search Ads
USR_008966,2025-01-25,US,Apple Search Ads
USR_008967,2025-05-23,US,Apple Search Ads
USR_008968,2025-09-02,UK,Organic App Store Search
USR_008969,2025-02-12,DE,Organic App Store Search
USR_008970,2025-07-04,DE,Apple Search Ads
USR_008971,2025-02-11,US,Apple Search Ads
USR_008972,2025-04-02,JP,Organic App Store Search
USR_008973,2025-02-22,AU,Apple Search Ads
USR_008974,2025-03-25,FR,Web Referral
USR_008975,2025-02-03,US,Social Media Campaign
USR_008976,2025-03-17,CA,Organic App Store Search
USR_008977,2025-07-16,FR,Organic App Store Search
USR_008978,2025-03-29,US,Organic App Store Search
USR_008979,2025-08-23,JP,Organic App Store Search
USR_008980,2025-08-20,US,Organic App Store Search
USR_008981,2025-01-07,US,Organic App Store Search
USR_008982,2025-02-07,FR,Organic App Store Search
USR_008983,2025-02-21,JP,Organic App Store Search
USR_008984,2025-05-23,US,Organic App Store Search
USR_008985,2025-08-09,US,Organic App Store Search
USR_008986,2025-08-28,DE,Organic App Store Search
USR_008987,2025-05-23,FR,Organic App Store Search
USR_008988,2025-02-18,CA,Organic App Store Search
USR_008989,2025-01-14,CA,Social Media Campaign
USR_008990,2025-01-15,DE,Social Media Campaign
USR_008991,2025-08-22,US,Organic App Store Search
USR_008992,2025-03-04,JP,Social Media Campaign
USR_008993,2025-07-15,US,Organic App Store Search
USR_008994,2025-01-27,CA,Apple Search Ads
USR_008995,2025-04-03,UK,Organic App Store Search
USR_008996,2025-04-15,UK,Social Media Campaign
USR_008997,2025-02-21,AU,Organic App Store Search
USR_008998,2025-06-30,JP,Organic App Store Search
USR_008999,2025-02-26,CA,Organic App Store Search
USR_009000,2025-04-30,DE,Web Referral
USR_009001,2025-02-12,US,Organic App Store Search
USR_009002,2025-05-15,DE,Organic App Store Search
USR_009003,2025-09-17,US,Organic App Store Search
USR_009004,2025-07-16,US,Social Media Campaign
USR_009005,2025-05-13,US,Organic App Store Search
USR_009006,2025-09-12,CA,Apple Search Ads
USR_009007,2025-08-08,JP,Organic App Store Search
USR_009008,2025-02-10,CA,Apple Search Ads
USR_009009,2025-09-12,US,Organic App Store Search
USR_009010,2025-01-02,US,Organic App Store Search
USR_009011,2025-07-14,UK,Social Media Campaign
USR_009012,2025-08-30,US,Apple Search Ads
USR_009013,2025-05-29,US,Web Referral
USR_009014,2025-07-17,CA,Social Media Campaign
USR_009015,2025-09-02,JP,Organic App Store Search
USR_009016,2025-04-18,US,Apple Search Ads
USR_009017,2025-07-31,US,Social Media Campaign
USR_009018,2025-06-05,DE,Organic App Store Search
USR_009019,2025-01-26,AU,Organic App Store Search
USR_009020,2025-03-23,FR,Organic App Store Search
USR_009021,2025-03-24,US,Organic App Store Search
USR_009022,2025-05-11,US,Organic App Store Search
USR_009023,2025-04-10,JP,Web Referral
USR_009024,2025-09-13,US,Social Media Campaign
USR_009025,2025-02-18,CA,Apple Search Ads
USR_009026,2025-03-04,US,Organic App Store Search
USR_009027,2025-04-15,UK,Organic App Store Search
USR_009028,2025-04-15,DE,Apple Search Ads
USR_009029,2025-01-15,UK,Apple Search Ads
USR_009030,2025-06-24,DE,Social Media Campaign
USR_009031,2025-09-16,US,Web Referral
USR_009032,2025-07-30,JP,Organic App Store Search
USR_009033,2025-09-16,US,Organic App Store Search
USR_009034,2025-04-12,US,Organic App Store Search
USR_009035,2025-09-17,US,Organic App Store Search
USR_009036,2025-06-08,AU,Organic App Store Search
USR_009037,2025-02-14,DE,Social Media Campaign
USR_009038,2025-09-08,UK,Web Referral
USR_009039,2025-06-14,UK,Web Referral
USR_009040,2025-07-12,DE,Social Media Campaign
USR_009041,2025-01-09,DE,Web Referral
USR_009042,2025-03-06,CA,Web Referral
USR_009043,2025-06-30,DE,Apple Search Ads
USR_009044,2025-01-30,UK,Organic App Store Search
USR_009045,2025-09-23,US,Organic App Store Search
USR_009046,2025-08-05,US,Organic App Store Search
USR_009047,2025-04-15,JP,Organic App Store Search
USR_009048,2025-07-03,US,Social Media Campaign
USR_009049,2025-05-28,US,Organic App Store Search
USR_009050,2025-04-15,FR,Organic App Store Search
USR_009051,2025-02-16,US,Organic App Store Search
USR_009052,2025-03-28,DE,Organic App Store Search
USR_009053,2025-05-09,DE,Organic App Store Search
USR_009054,2025-09-15,JP,Organic App Store Search
USR_009055,2025-05-27,US,Organic App Store Search
USR_009056,2025-03-13,US,Organic App Store Search
USR_009057,2025-05-20,FR,Apple Search Ads
USR_009058,2025-01-27,US,Organic App Store Search
USR_009059,2025-01-29,UK,Apple Search Ads
USR_009060,2025-06-23,AU,Organic App Store Search
USR_009061,2025-09-10,US,Organic App Store Search
USR_009062,2025-03-01,FR,Apple Search Ads
USR_009063,2025-04-17,CA,Organic App Store Search
USR_009064,2025-08-08,US,Organic App Store Search
USR_009065,2025-09-16,US,Web Referral
USR_009066,2025-05-26,US,Apple Search Ads
USR_009067,2025-02-21,US,Organic App Store Search
USR_009068,2025-03-01,AU,Social Media Campaign
USR_009069,2025-02-03,US,Web Referral
USR_009070,2025-04-06,US,Organic App Store Search
USR_009071,2025-03-30,FR,Social Media Campaign
USR_009072,2025-08-19,UK,Social Media Campaign
USR_009073,2025-09-03,US,Organic App Store Search
USR_009074,2025-04-21,JP,Apple Search Ads
USR_009075,2025-08-22,US,Organic App Store Search
USR_009076,2025-06-15,FR,Apple Search Ads
USR_009077,2025-05-08,AU,Apple Search Ads
USR_009078,2025-08-25,AU,Organic App Store Search
USR_009079,2025-04-17,DE,Social Media Campaign
USR_009080,2025-05-08,UK,Social Media Campaign
USR_009081,2025-07-14,DE,Web Referral
USR_009082,2025-05-23,DE,Organic App Store Search
USR_009083,2025-04-21,US,Organic App Store Search
USR_009084,2025-03-31,US,Social Media Campaign
USR_009085,2025-09-08,FR,Organic App Store Search
USR_009086,2025-08-12,UK,Organic App Store Search
USR_009087,2025-04-11,FR,Social Media Campaign
USR_009088,2025-05-12,CA,Organic App Store Search
USR_009089,2025-01-13,UK,Organic App Store Search
USR_009090,2025-04-08,US,Organic App Store Search
USR_009091,2025-04-30,US,Organic App Store Search
USR_009092,2025-07-18,UK,Organic App Store Search
USR_009093,2025-01-01,UK,Organic App Store Search
USR_009094,2025-03-01,CA,Organic App Store Search
USR_009095,2025-09-07,AU,Social Media Campaign
USR_009096,2025-05-20,CA,Organic App Store Search
USR_009097,2025-05-29,DE,Apple Search Ads
USR_009098,2025-02-13,US,Organic App Store Search
USR_009099,2025-07-05,CA,Apple Search Ads
USR_009100,2025-04-18,US,Web Referral
USR_009101,2025-02-13,UK,Apple Search Ads
USR_009102,2025-03-19,US,Apple Search Ads
USR_009103,2025-08-14,US,Organic App Store Search
USR_009104,2025-06-11,US,Organic App Store Search
USR_009105,2025-09-10,US,Social Media Campaign
USR_009106,2025-05-12,UK,Social Media Campaign
USR_009107,2025-05-24,JP,Apple Search Ads
USR_009108,2025-09-23,US,Web Referral
USR_009109,2025-04-19,AU,Organic App Store Search
USR_009110,2025-07-13,UK,Apple Search Ads
USR_009111,2025-02-04,US,Organic App Store Search
USR_009112,2025-07-06,US,Apple Search Ads
USR_009113,2025-08-31,US,Organic App Store Search
USR_009114,2025-09-21,DE,Web Referral
USR_009115,2025-01-10,US,Social Media Campaign
USR_009116,2025-06-15,US,Organic App Store Search
USR_009117,2025-01-29,US,Apple Search Ads
USR_009118,2025-03-28,UK,Social Media Campaign
USR_009119,2025-01-23,AU,Organic App Store Search
USR_009120,2025-07-29,US,Organic App Store Search
USR_009121,2025-02-15,UK,Organic App Store Search
USR_009122,2025-01-28,UK,Organic App Store Search
USR_009123,2025-01-26,US,Apple Search Ads
USR_009124,2025-09-23,US,Organic App Store Search
USR_009125,2025-06-24,UK,Organic App Store Search
USR_009126,2025-01-04,UK,Apple Search Ads
USR_009127,2025-03-08,AU,Web Referral
USR_009128,2025-05-15,CA,Social Media Campaign
USR_009129,2025-02-24,US,Apple Search Ads
USR_009130,2025-01-31,US,Organic App Store Search
USR_009131,2025-03-15,UK,Organic App Store Search
USR_009132,2025-01-19,AU,Organic App Store Search
USR_009133,2025-06-05,US,Apple Search Ads
USR_009134,2025-06-05,FR,Organic App Store Search
USR_009135,2025-05-27,UK,Organic App Store Search
USR_009136,2025-03-28,US,Social Media Campaign
USR_009137,2025-01-20,CA,Organic App Store Search
USR_009138,2025-09-26,US,Social Media Campaign
USR_009139,2025-02-12,UK,Social Media Campaign
USR_009140,2025-01-28,UK,Organic App Store Search
USR_009141,2025-09-17,US,Web Referral
USR_009142,2025-01-22,DE,Organic App Store Search
USR_009143,2025-04-11,DE,Web Referral
USR_009144,2025-02-08,US,Organic App Store Search
USR_009145,2025-06-19,US,Social Media Campaign
USR_009146,2025-05-10,US,Apple Search Ads
USR_009147,2025-06-05,DE,Apple Search Ads
USR_009148,2025-03-15,US,Apple Search Ads
USR_009149,2025-03-31,US,Web Referral
USR_009150,2025-03-08,US,Web Referral
USR_009151,2025-08-24,US,Apple Search Ads
USR_009152,2025-07-19,AU,Apple Search Ads
USR_009153,2025-08-15,AU,Organic App Store Search
USR_009154,2025-08-21,UK,Social Media Campaign
USR_009155,2025-09-23,CA,Apple Search Ads
USR_009156,2025-03-27,UK,Social Media Campaign
USR_009157,2025-04-12,US,Apple Search Ads
USR_009158,2025-08-02,US,Organic App Store Search
USR_009159,2025-04-18,US,Organic App Store Search
USR_009160,2025-06-14,AU,Organic App Store Search
USR_009161,2025-04-01,FR,Apple Search Ads
USR_009162,2025-07-11,US,Organic App Store Search
USR_009163,2025-03-27,US,Apple Search Ads
USR_009164,2025-08-10,US,Organic App Store Search
USR_009165,2025-04-11,DE,Organic App Store Search
USR_009166,2025-08-14,DE,Organic App Store Search
USR_009167,2025-03-01,US,Organic App Store Search
USR_009168,2025-09-07,AU,Organic App Store Search
USR_009169,2025-02-17,AU,Apple Search Ads
USR_009170,2025-04-27,US,Organic App Store Search
USR_009171,2025-08-15,US,Organic App Store Search
USR_009172,2025-02-02,CA,Web Referral
USR_009173,2025-02-13,US,Organic App Store Search
USR_009174,2025-06-14,US,Social Media Campaign
USR_009175,2025-08-13,US,Web Referral
USR_009176,2025-07-23,UK,Apple Search Ads
USR_009177,2025-06-21,DE,Apple Search Ads
USR_009178,2025-01-12,UK,Organic App Store Search
USR_009179,2025-05-01,US,Organic App Store Search
USR_009180,2025-09-01,US,Organic App Store Search
USR_009181,2025-06-01,CA,Organic App Store Search
USR_009182,2025-06-01,US,Organic App Store Search
USR_009183,2025-07-07,UK,Social Media Campaign
USR_009184,2025-01-13,US,Organic App Store Search
USR_009185,2025-04-01,DE,Apple Search Ads
USR_009186,2025-07-19,FR,Apple Search Ads
USR_009187,2025-03-15,FR,Organic App Store Search
USR_009188,2025-09-13,US,Organic App Store Search
USR_009189,2025-03-12,CA,Organic App Store Search
USR_009190,2025-03-19,US,Apple Search Ads
USR_009191,2025-05-10,DE,Organic App Store Search
USR_009192,2025-02-12,US,Apple Search Ads
USR_009193,2025-01-08,DE,Apple Search Ads
USR_009194,2025-01-13,US,Social Media Campaign
USR_009195,2025-08-01,FR,Organic App Store Search
USR_009196,2025-04-21,AU,Apple Search Ads
USR_009197,2025-01-23,US,Organic App Store Search
USR_009198,2025-09-11,FR,Organic App Store Search
USR_009199,2025-01-15,US,Organic App Store Search
USR_009200,2025-05-10,JP,Apple Search Ads
USR_009201,2025-03-02,DE,Web Referral
USR_009202,2025-04-25,JP,Organic App Store Search
USR_009203,2025-03-08,US,Apple Search Ads
USR_009204,2025-09-06,US,Organic App Store Search
USR_009205,2025-06-24,AU,Apple Search Ads
USR_009206,2025-01-02,FR,Organic App Store Search
USR_009207,2025-06-21,US,Organic App Store Search
USR_009208,2025-02-23,US,Apple Search Ads
USR_009209,2025-03-08,US,Apple Search Ads
USR_009210,2025-04-12,FR,Organic App Store Search
USR_009211,2025-04-30,DE,Apple Search Ads
USR_009212,2025-07-10,US,Organic App Store Search
USR_009213,2025-02-16,US,Organic App Store Search
USR_009214,2025-08-10,UK,Organic App Store Search
USR_009215,2025-01-21,US,Social Media Campaign
USR_009216,2025-06-07,AU,Social Media Campaign
USR_009217,2025-06-08,US,Organic App Store Search
USR_009218,2025-08-23,CA,Apple Search Ads
USR_009219,2025-05-30,FR,Apple Search Ads
USR_009220,2025-09-14,UK,Web Referral
USR_009221,2025-06-14,US,Web Referral
USR_009222,2025-03-18,DE,Apple Search Ads
USR_009223,2025-03-26,US,Organic App Store Search
USR_009224,2025-02-15,FR,Organic App Store Search
USR_009225,2025-02-16,US,Apple Search Ads
USR_009226,2025-08-01,DE,Web Referral
USR_009227,2025-02-28,US,Organic App Store Search
USR_009228,2025-02-23,US,Social Media Campaign
USR_009229,2025-01-12,US,Apple Search Ads
USR_009230,2025-07-11,JP,Organic App Store Search
USR_009231,2025-01-06,JP,Apple Search Ads
USR_009232,2025-05-24,US,Organic App Store Search
USR_009233,2025-09-18,US,Apple Search Ads
USR_009234,2025-03-14,US,Apple Search Ads
USR_009235,2025-06-23,US,Web Referral
USR_009236,2025-08-20,DE,Web Referral
USR_009237,2025-09-27,US,Organic App Store Search
USR_009238,2025-08-10,DE,Organic App Store Search
USR_009239,2025-02-21,AU,Social Media Campaign
USR_009240,2025-04-26,UK,Apple Search Ads
USR_009241,2025-01-26,DE,Social Media Campaign
USR_009242,2025-02-22,US,Organic App Store Search
USR_009243,2025-01-29,US,Social Media Campaign
USR_009244,2025-01-19,DE,Organic App Store Search
USR_009245,2025-04-27,US,Organic App Store Search
USR_009246,2025-04-16,US,Organic App Store Search
USR_009247,2025-08-15,FR,Social Media Campaign
USR_009248,2025-07-05,CA,Apple Search Ads
USR_009249,2025-09-18,US,Web Referral
USR_009250,2025-01-16,AU,Apple Search Ads
USR_009251,2025-06-09,US,Organic App Store Search
USR_009252,2025-09-07,JP,Apple Search Ads
USR_009253,2025-08-12,US,Organic App Store Search
USR_009254,2025-09-13,CA,Apple Search Ads
USR_009255,2025-06-29,DE,Organic App Store Search
USR_009256,2025-01-20,UK,Apple Search Ads
USR_009257,2025-04-22,DE,Apple Search Ads
USR_009258,2025-04-30,FR,Organic App Store Search
USR_009259,2025-07-13,AU,Organic App Store Search
USR_009260,2025-04-21,US,Organic App Store Search
USR_009261,2025-07-29,UK,Web Referral
USR_009262,2025-01-01,FR,Organic App Store Search
USR_009263,2025-02-27,US,Apple Search Ads
USR_009264,2025-04-03,CA,Organic App Store Search
USR_009265,2025-08-09,UK,Organic App Store Search
USR_009266,2025-07-30,US,Apple Search Ads
USR_009267,2025-08-20,US,Social Media Campaign
USR_009268,2025-09-19,JP,Apple Search Ads
USR_009269,2025-04-13,CA,Apple Search Ads
USR_009270,2025-02-19,US,Social Media Campaign
USR_009271,2025-04-20,FR,Organic App Store Search
USR_009272,2025-03-29,UK,Organic App Store Search
USR_009273,2025-01-20,DE,Organic App Store Search
USR_009274,2025-01-14,US,Organic App Store Search
USR_009275,2025-05-13,FR,Web Referral
USR_009276,2025-02-03,UK,Apple Search Ads
USR_009277,2025-07-27,AU,Organic App Store Search
USR_009278,2025-07-18,US,Web Referral
USR_009279,2025-03-21,US,Web Referral
USR_009280,2025-03-12,US,Organic App Store Search
USR_009281,2025-06-04,FR,Social Media Campaign
USR_009282,2025-03-19,US,Organic App Store Search
USR_009283,2025-03-19,AU,Social Media Campaign
USR_009284,2025-06-21,US,Organic App Store Search
USR_009285,2025-02-02,US,Apple Search Ads
USR_009286,2025-01-07,US,Organic App Store Search
USR_009287,2025-06-09,DE,Web Referral
USR_009288,2025-08-28,DE,Organic App Store Search
USR_009289,2025-01-24,JP,Organic App Store Search
USR_009290,2025-08-02,FR,Apple Search Ads
USR_009291,2025-03-11,US,Apple Search Ads
USR_009292,2025-08-04,DE,Apple Search Ads
USR_009293,2025-04-14,UK,Apple Search Ads
USR_009294,2025-08-03,FR,Social Media Campaign
USR_009295,2025-02-23,US,Organic App Store Search
USR_009296,2025-07-22,DE,Organic App Store Search
USR_009297,2025-02-14,US,Organic App Store Search
USR_009298,2025-07-17,US,Web Referral
USR_009299,2025-08-04,US,Organic App Store Search
USR_009300,2025-07-03,US,Organic App Store Search
USR_009301,2025-01-27,US,Apple Search Ads
USR_009302,2025-06-15,DE,Organic App Store Search
USR_009303,2025-04-13,DE,Organic App Store Search
USR_009304,2025-04-14,US,Apple Search Ads
USR_009305,2025-09-02,US,Organic App Store Search
USR_009306,2025-06-18,US,Apple Search Ads
USR_009307,2025-04-26,FR,Organic App Store Search
USR_009308,2025-05-21,US,Organic App Store Search
USR_009309,2025-05-05,UK,Web Referral
USR_009310,2025-01-25,US,Organic App Store Search
USR_009311,2025-07-13,UK,Organic App Store Search
USR_009312,2025-04-10,US,Social Media Campaign
USR_009313,2025-01-05,US,Organic App Store Search
USR_009314,2025-01-19,US,Organic App Store Search
USR_009315,2025-06-19,US,Organic App Store Search
USR_009316,2025-09-11,US,Apple Search Ads
USR_009317,2025-05-01,CA,Organic App Store Search
USR_009318,2025-02-01,US,Apple Search Ads
USR_009319,2025-05-29,US,Organic App Store Search
USR_009320,2025-09-23,US,Organic App Store Search
USR_009321,2025-02-06,FR,Apple Search Ads
USR_009322,2025-06-26,CA,Organic App Store Search
USR_009323,2025-01-13,AU,Organic App Store Search
USR_009324,2025-07-02,US,Apple Search Ads
USR_009325,2025-05-25,US,Web Referral
USR_009326,2025-09-22,US,Organic App Store Search
USR_009327,2025-03-29,UK,Organic App Store Search
USR_009328,2025-02-15,UK,Organic App Store Search
USR_009329,2025-04-29,FR,Social Media Campaign
USR_009330,2025-01-19,FR,Web Referral
USR_009331,2025-08-08,US,Web Referral
USR_009332,2025-08-21,US,Organic App Store Search
USR_009333,2025-04-04,US,Organic App Store Search
USR_009334,2025-09-08,US,Organic App Store Search
USR_009335,2025-09-07,FR,Organic App Store Search
USR_009336,2025-08-20,US,Apple Search Ads
USR_009337,2025-02-15,JP,Organic App Store Search
USR_009338,2025-02-15,UK,Apple Search Ads
USR_009339,2025-01-14,UK,Web Referral
USR_009340,2025-03-26,US,Organic App Store Search
USR_009341,2025-01-03,CA,Apple Search Ads
USR_009342,2025-01-28,UK,Organic App Store Search
USR_009343,2025-06-06,US,Organic App Store Search
USR_009344,2025-06-24,US,Organic App Store Search
USR_009345,2025-04-24,US,Organic App Store Search
USR_009346,2025-09-07,UK,Organic App Store Search
USR_009347,2025-02-28,US,Apple Search Ads
USR_009348,2025-07-22,AU,Social Media Campaign
USR_009349,2025-08-27,AU,Organic App Store Search
USR_009350,2025-08-22,US,Social Media Campaign
USR_009351,2025-04-05,CA,Social Media Campaign
USR_009352,2025-05-21,US,Apple Search Ads
USR_009353,2025-04-23,AU,Organic App Store Search
USR_009354,2025-04-19,US,Organic App Store Search
USR_009355,2025-04-07,US,Apple Search Ads
USR_009356,2025-01-16,US,Social Media Campaign
USR_009357,2025-02-13,DE,Organic App Store Search
USR_009358,2025-08-18,US,Apple Search Ads
USR_009359,2025-04-18,US,Organic App Store Search
USR_009360,2025-08-05,US,Apple Search Ads
USR_009361,2025-09-17,US,Organic App Store Search
USR_009362,2025-07-15,DE,Apple Search Ads
USR_009363,2025-04-05,UK,Apple Search Ads
USR_009364,2025-02-25,FR,Organic App Store Search
USR_009365,2025-02-01,US,Organic App Store Search
USR_009366,2025-08-19,US,Web Referral
USR_009367,2025-01-09,AU,Apple Search Ads
USR_009368,2025-07-10,CA,Apple Search Ads
USR_009369,2025-07-19,US,Apple Search Ads
USR_009370,2025-06-10,UK,Social Media Campaign
USR_009371,2025-03-28,DE,Organic App Store Search
USR_009372,2025-01-21,US,Social Media Campaign
USR_009373,2025-03-17,AU,Organic App Store Search
USR_009374,2025-05-21,US,Organic App Store Search
USR_009375,2025-05-06,FR,Apple Search Ads
USR_009376,2025-09-08,UK,Web Referral
USR_009377,2025-03-25,US,Organic App Store Search
USR_009378,2025-02-17,US,Organic App Store Search
USR_009379,2025-03-19,JP,Apple Search Ads
USR_009380,2025-01-30,AU,Organic App Store Search
USR_009381,2025-05-16,US,Web Referral
USR_009382,2025-05-20,UK,Apple Search Ads
USR_009383,2025-02-10,UK,Social Media Campaign
USR_009384,2025-02-19,US,Organic App Store Search
USR_009385,2025-09-15,US,Organic App Store Search
USR_009386,2025-09-27,UK,Apple Search Ads
USR_009387,2025-05-14,US,Organic App Store Search
USR_009388,2025-08-22,US,Apple Search Ads
USR_009389,2025-05-08,DE,Organic App Store Search
USR_009390,2025-04-14,UK,Organic App Store Search
USR_009391,2025-09-11,US,Social Media Campaign
USR_009392,2025-04-05,US,Social Media Campaign
USR_009393,2025-08-05,CA,Organic App Store Search
USR_009394,2025-03-02,CA,Social Media Campaign
USR_009395,2025-09-25,CA,Apple Search Ads
USR_009396,2025-08-29,US,Apple Search Ads
USR_009397,2025-01-13,UK,Organic App Store Search
USR_009398,2025-05-27,FR,Organic App Store Search
USR_009399,2025-08-28,US,Social Media Campaign
USR_009400,2025-03-30,US,Organic App Store Search
USR_009401,2025-04-05,DE,Organic App Store Search
USR_009402,2025-01-25,US,Organic App Store Search
USR_009403,2025-06-15,US,Organic App Store Search
USR_009404,2025-09-07,US,Apple Search Ads
USR_009405,2025-03-28,US,Organic App Store Search
USR_009406,2025-05-22,US,Organic App Store Search
USR_009407,2025-05-14,US,Social Media Campaign
USR_009408,2025-05-06,FR,Apple Search Ads
USR_009409,2025-05-21,UK,Organic App Store Search
USR_009410,2025-04-13,UK,Apple Search Ads
USR_009411,2025-08-14,US,Organic App Store Search
USR_009412,2025-03-04,CA,Organic App Store Search
USR_009413,2025-09-11,US,Apple Search Ads
USR_009414,2025-06-29,DE,Apple Search Ads
USR_009415,2025-02-09,DE,Social Media Campaign
USR_009416,2025-09-21,CA,Social Media Campaign
USR_009417,2025-07-08,UK,Web Referral
USR_009418,2025-01-08,DE,Web Referral
USR_009419,2025-04-14,UK,Apple Search Ads
USR_009420,2025-08-13,US,Social Media Campaign
USR_009421,2025-02-03,US,Apple Search Ads
USR_009422,2025-08-24,FR,Organic App Store Search
USR_009423,2025-08-16,US,Organic App Store Search
USR_009424,2025-07-07,DE,Organic App Store Search
USR_009425,2025-01-22,US,Web Referral
USR_009426,2025-02-09,US,Apple Search Ads
USR_009427,2025-06-22,CA,Social Media Campaign
USR_009428,2025-06-28,US,Organic App Store Search
USR_009429,2025-03-27,AU,Organic App Store Search
USR_009430,2025-05-13,CA,Organic App Store Search
USR_009431,2025-01-13,UK,Social Media Campaign
USR_009432,2025-01-28,UK,Social Media Campaign
USR_009433,2025-03-25,US,Social Media Campaign
USR_009434,2025-09-20,US,Organic App Store Search
USR_009435,2025-06-15,US,Organic App Store Search
USR_009436,2025-03-09,US,Organic App Store Search
USR_009437,2025-08-14,FR,Organic App Store Search
USR_009438,2025-06-19,UK,Social Media Campaign
USR_009439,2025-03-27,AU,Organic App Store Search
USR_009440,2025-05-13,UK,Apple Search Ads
USR_009441,2025-06-27,US,Apple Search Ads
USR_009442,2025-09-09,UK,Organic App Store Search
USR_009443,2025-01-15,DE,Organic App Store Search
USR_009444,2025-08-11,US,Web Referral
USR_009445,2025-07-20,DE,Organic App Store Search
USR_009446,2025-04-17,UK,Apple Search Ads
USR_009447,2025-09-07,US,Organic App Store Search
USR_009448,2025-03-30,UK,Social Media Campaign
USR_009449,2025-05-05,US,Organic App Store Search
USR_009450,2025-04-23,US,Apple Search Ads
USR_009451,2025-05-17,DE,Apple Search Ads
USR_009452,2025-09-04,FR,Organic App Store Search
USR_009453,2025-06-15,DE,Organic App Store Search
USR_009454,2025-05-30,DE,Web Referral
USR_009455,2025-03-09,FR,Organic App Store Search
USR_009456,2025-08-09,FR,Apple Search Ads
USR_009457,2025-01-20,US,Apple Search Ads
USR_009458,2025-04-10,UK,Organic App Store Search
USR_009459,2025-09-09,US,Organic App Store Search
USR_009460,2025-03-18,UK,Organic App Store Search
USR_009461,2025-05-15,FR,Apple Search Ads
USR_009462,2025-06-22,US,Apple Search Ads
USR_009463,2025-07-20,CA,Social Media Campaign
USR_009464,2025-08-05,CA,Apple Search Ads
USR_009465,2025-07-27,US,Social Media Campaign
USR_009466,2025-03-15,US,Organic App Store Search
USR_009467,2025-01-11,UK,Apple Search Ads
USR_009468,2025-09-13,US,Organic App Store Search
USR_009469,2025-01-12,UK,Organic App Store Search
USR_009470,2025-03-19,UK,Apple Search Ads
USR_009471,2025-06-21,UK,Social Media Campaign
USR_009472,2025-04-06,US,Organic App Store Search
USR_009473,2025-06-28,UK,Social Media Campaign
USR_009474,2025-03-05,US,Organic App Store Search
USR_009475,2025-05-12,FR,Social Media Campaign
USR_009476,2025-04-19,US,Organic App Store Search
USR_009477,2025-06-17,FR,Organic App Store Search
USR_009478,2025-06-29,AU,Social Media Campaign
USR_009479,2025-02-27,DE,Apple Search Ads
USR_009480,2025-03-20,US,Apple Search Ads
USR_009481,2025-03-02,US,Apple Search Ads
USR_009482,2025-05-01,US,Web Referral
USR_009483,2025-07-26,US,Apple Search Ads
USR_009484,2025-02-03,FR,Apple Search Ads
USR_009485,2025-03-11,US,Social Media Campaign
USR_009486,2025-01-17,JP,Social Media Campaign
USR_009487,2025-01-20,DE,Organic App Store Search
USR_009488,2025-03-10,US,Apple Search Ads
USR_009489,2025-08-03,CA,Apple Search Ads
USR_009490,2025-06-10,US,Organic App Store Search
USR_009491,2025-04-12,US,Apple Search Ads
USR_009492,2025-07-25,US,Organic App Store Search
USR_009493,2025-05-25,FR,Organic App Store Search
USR_009494,2025-02-26,UK,Web Referral
USR_009495,2025-03-24,CA,Organic App Store Search
USR_009496,2025-09-26,US,Apple Search Ads
USR_009497,2025-07-06,UK,Organic App Store Search
USR_009498,2025-01-06,US,Apple Search Ads
USR_009499,2025-04-20,US,Organic App Store Search
USR_009500,2025-05-18,US,Organic App Store Search
USR_009501,2025-02-20,US,Social Media Campaign
USR_009502,2025-02-20,CA,Organic App Store Search
USR_009503,2025-03-28,US,Organic App Store Search
USR_009504,2025-03-09,JP,Organic App Store Search
USR_009505,2025-03-25,US,Organic App Store Search
USR_009506,2025-02-11,UK,Organic App Store Search
USR_009507,2025-08-07,US,Organic App Store Search
USR_009508,2025-02-26,US,Apple Search Ads
USR_009509,2025-08-14,FR,Social Media Campaign
USR_009510,2025-07-15,DE,Apple Search Ads
USR_009511,2025-09-05,CA,Apple Search Ads
USR_009512,2025-06-15,FR,Organic App Store Search
USR_009513,2025-03-03,DE,Social Media Campaign
USR_009514,2025-09-20,CA,Organic App Store Search
USR_009515,2025-04-22,DE,Web Referral
USR_009516,2025-09-10,US,Organic App Store Search
USR_009517,2025-07-18,UK,Web Referral
USR_009518,2025-06-27,DE,Apple Search Ads
USR_009519,2025-01-26,US,Organic App Store Search
USR_009520,2025-09-03,FR,Web Referral
USR_009521,2025-01-19,US,Organic App Store Search
USR_009522,2025-09-22,FR,Apple Search Ads
USR_009523,2025-01-20,US,Social Media Campaign
USR_009524,2025-04-16,US,Organic App Store Search
USR_009525,2025-08-25,US,Organic App Store Search
USR_009526,2025-09-03,FR,Apple Search Ads
USR_009527,2025-03-22,US,Apple Search Ads
USR_009528,2025-05-30,CA,Social Media Campaign
USR_009529,2025-01-10,CA,Social Media Campaign
USR_009530,2025-08-12,US,Organic App Store Search
USR_009531,2025-09-21,JP,Social Media Campaign
USR_009532,2025-05-29,US,Web Referral
USR_009533,2025-07-13,CA,Organic App Store Search
USR_009534,2025-06-21,UK,Organic App Store Search
USR_009535,2025-09-22,US,Organic App Store Search
USR_009536,2025-01-26,US,Social Media Campaign
USR_009537,2025-01-26,AU,Organic App Store Search
USR_009538,2025-02-03,FR,Social Media Campaign
USR_009539,2025-09-21,US,Web Referral
USR_009540,2025-05-18,US,Organic App Store Search
USR_009541,2025-07-02,JP,Organic App Store Search
USR_009542,2025-08-30,US,Organic App Store Search
USR_009543,2025-02-23,UK,Organic App Store Search
USR_009544,2025-06-17,UK,Organic App Store Search
USR_009545,2025-04-29,US,Apple Search Ads
USR_009546,2025-05-23,CA,Apple Search Ads
USR_009547,2025-03-22,FR,Web Referral
USR_009548,2025-09-02,UK,Organic App Store Search
USR_009549,2025-03-03,AU,Apple Search Ads
USR_009550,2025-02-15,CA,Social Media Campaign
USR_009551,2025-03-28,UK,Organic App Store Search
USR_009552,2025-04-09,US,Organic App Store Search
USR_009553,2025-02-22,AU,Apple Search Ads
USR_009554,2025-07-11,US,Social Media Campaign
USR_009555,2025-03-21,US,Organic App Store Search
USR_009556,2025-01-16,FR,Apple Search Ads
USR_009557,2025-07-13,DE,Web Referral
USR_009558,2025-05-21,JP,Organic App Store Search
USR_009559,2025-04-18,US,Organic App Store Search
USR_009560,2025-09-22,DE,Apple Search Ads
USR_009561,2025-07-28,CA,Organic App Store Search
USR_009562,2025-06-14,JP,Apple Search Ads
USR_009563,2025-06-01,FR,Organic App Store Search
USR_009564,2025-09-25,JP,Social Media Campaign
USR_009565,2025-05-31,JP,Social Media Campaign
USR_009566,2025-07-26,US,Organic App Store Search
USR_009567,2025-09-12,AU,Organic App Store Search
USR_009568,2025-05-21,US,Social Media Campaign
USR_009569,2025-04-06,AU,Organic App Store Search
USR_009570,2025-08-15,JP,Apple Search Ads
USR_009571,2025-07-12,US,Organic App Store Search
USR_009572,2025-04-28,UK,Organic App Store Search
USR_009573,2025-01-05,AU,Organic App Store Search
USR_009574,2025-08-31,US,Organic App Store Search
USR_009575,2025-01-21,US,Organic App Store Search
USR_009576,2025-06-01,US,Apple Search Ads
USR_009577,2025-05-08,US,Apple Search Ads
USR_009578,2025-05-04,CA,Apple Search Ads
USR_009579,2025-05-26,UK,Organic App Store Search
USR_009580,2025-06-01,US,Organic App Store Search
USR_009581,2025-04-21,JP,Organic App Store Search
USR_009582,2025-04-26,CA,Organic App Store Search
USR_009583,2025-07-07,UK,Apple Search Ads
USR_009584,2025-02-26,US,Apple Search Ads
USR_009585,2025-09-08,CA,Organic App Store Search
USR_009586,2025-05-30,US,Apple Search Ads
USR_009587,2025-06-11,AU,Organic App Store Search
USR_009588,2025-04-30,CA,Social Media Campaign
USR_009589,2025-03-11,US,Social Media Campaign
USR_009590,2025-04-09,FR,Organic App Store Search
USR_009591,2025-06-16,UK,Apple Search Ads
USR_009592,2025-05-31,US,Apple Search Ads
USR_009593,2025-01-02,JP,Organic App Store Search
USR_009594,2025-06-01,US,Web Referral
USR_009595,2025-03-06,AU,Apple Search Ads
USR_009596,2025-03-10,CA,Apple Search Ads
USR_009597,2025-05-01,US,Apple Search Ads
USR_009598,2025-04-19,JP,Organic App Store Search
USR_009599,2025-09-04,UK,Organic App Store Search
USR_009600,2025-04-03,US,Organic App Store Search
USR_009601,2025-09-25,FR,Organic App Store Search
USR_009602,2025-04-13,UK,Web Referral
USR_009603,2025-04-22,AU,Organic App Store Search
USR_009604,2025-03-03,DE,Social Media Campaign
USR_009605,2025-05-16,US,Social Media Campaign
USR_009606,2025-02-24,US,Social Media Campaign
USR_009607,2025-04-18,US,Organic App Store Search
USR_009608,2025-09-15,FR,Organic App Store Search
USR_009609,2025-09-10,US,Organic App Store Search
USR_009610,2025-08-10,US,Web Referral
USR_009611,2025-06-16,US,Social Media Campaign
USR_009612,2025-06-09,US,Organic App Store Search
USR_009613,2025-06-15,CA,Organic App Store Search
USR_009614,2025-07-24,JP,Apple Search Ads
USR_009615,2025-09-24,US,Organic App Store Search
USR_009616,2025-05-18,US,Social Media Campaign
USR_009617,2025-09-05,DE,Social Media Campaign
USR_009618,2025-02-24,US,Apple Search Ads
USR_009619,2025-07-28,FR,Apple Search Ads
USR_009620,2025-01-17,UK,Apple Search Ads
USR_009621,2025-03-09,US,Organic App Store Search
USR_009622,2025-05-13,JP,Social Media Campaign
USR_009623,2025-07-07,US,Social Media Campaign
USR_009624,2025-05-18,US,Organic App Store Search
USR_009625,2025-06-23,US,Organic App Store Search
USR_009626,2025-04-07,JP,Organic App Store Search
USR_009627,2025-06-20,DE,Social Media Campaign
USR_009628,2025-06-03,US,Organic App Store Search
USR_009629,2025-07-02,DE,Apple Search Ads
USR_009630,2025-08-30,UK,Organic App Store Search
USR_009631,2025-01-27,US,Social Media Campaign
USR_009632,2025-03-01,AU,Apple Search Ads
USR_009633,2025-07-21,AU,Organic App Store Search
USR_009634,2025-09-07,UK,Organic App Store Search
USR_009635,2025-03-10,US,Organic App Store Search
USR_009636,2025-01-21,US,Social Media Campaign
USR_009637,2025-06-01,DE,Apple Search Ads
USR_009638,2025-04-12,DE,Organic App Store Search
USR_009639,2025-04-05,CA,Organic App Store Search
USR_009640,2025-08-17,DE,Organic App Store Search
USR_009641,2025-05-05,AU,Social Media Campaign
USR_009642,2025-09-15,FR,Organic App Store Search
USR_009643,2025-08-24,US,Social Media Campaign
USR_009644,2025-06-11,US,Apple Search Ads
USR_009645,2025-02-11,UK,Apple Search Ads
USR_009646,2025-03-09,US,Organic App Store Search
USR_009647,2025-06-22,AU,Organic App Store Search
USR_009648,2025-05-05,FR,Apple Search Ads
USR_009649,2025-06-19,US,Organic App Store Search
USR_009650,2025-02-16,FR,Organic App Store Search
USR_009651,2025-09-18,UK,Social Media Campaign
USR_009652,2025-08-05,UK,Organic App Store Search
USR_009653,2025-05-04,CA,Organic App Store Search
USR_009654,2025-06-11,US,Social Media Campaign
USR_009655,2025-07-20,US,Web Referral
USR_009656,2025-07-25,UK,Organic App Store Search
USR_009657,2025-02-09,FR,Social Media Campaign
USR_009658,2025-07-07,CA,Apple Search Ads
USR_009659,2025-04-03,US,Web Referral
USR_009660,2025-02-11,US,Organic App Store Search
USR_009661,2025-04-17,JP,Web Referral
USR_009662,2025-03-06,UK,Organic App Store Search
USR_009663,2025-05-15,FR,Organic App Store Search
USR_009664,2025-01-24,UK,Organic App Store Search
USR_009665,2025-01-28,CA,Organic App Store Search
USR_009666,2025-03-03,AU,Apple Search Ads
USR_009667,2025-08-17,US,Apple Search Ads
USR_009668,2025-01-20,CA,Organic App Store Search
USR_009669,2025-01-03,UK,Organic App Store Search
USR_009670,2025-08-06,CA,Organic App Store Search
USR_009671,2025-05-16,DE,Organic App Store Search
USR_009672,2025-01-03,US,Organic App Store Search
USR_009673,2025-07-12,CA,Organic App Store Search
USR_009674,2025-03-14,US,Organic App Store Search
USR_009675,2025-04-28,US,Organic App Store Search
USR_009676,2025-06-03,CA,Social Media Campaign
USR_009677,2025-07-28,US,Organic App Store Search
USR_009678,2025-02-03,UK,Organic App Store Search
USR_009679,2025-05-17,US,Organic App Store Search
USR_009680,2025-04-30,US,Organic App Store Search
USR_009681,2025-04-25,US,Apple Search Ads
USR_009682,2025-01-13,US,Web Referral
USR_009683,2025-03-10,DE,Social Media Campaign
USR_009684,2025-09-14,CA,Apple Search Ads
USR_009685,2025-03-30,FR,Organic App Store Search
USR_009686,2025-02-16,US,Organic App Store Search
USR_009687,2025-09-17,DE,Apple Search Ads
USR_009688,2025-08-16,CA,Social Media Campaign
USR_009689,2025-06-29,US,Social Media Campaign
USR_009690,2025-01-10,AU,Organic App Store Search
USR_009691,2025-05-06,AU,Organic App Store Search
USR_009692,2025-05-14,UK,Organic App Store Search
USR_009693,2025-06-04,CA,Organic App Store Search
USR_009694,2025-09-05,US,Social Media Campaign
USR_009695,2025-05-20,US,Organic App Store Search
USR_009696,2025-06-25,UK,Organic App Store Search
USR_009697,2025-06-23,FR,Social Media Campaign
USR_009698,2025-03-15,US,Organic App Store Search
USR_009699,2025-05-23,US,Organic App Store Search
USR_009700,2025-04-22,CA,Organic App Store Search
USR_009701,2025-07-25,DE,Organic App Store Search
USR_009702,2025-05-11,AU,Organic App Store Search
USR_009703,2025-04-20,US,Apple Search Ads
USR_009704,2025-03-08,CA,Social Media Campaign
USR_009705,2025-03-27,UK,Apple Search Ads
USR_009706,2025-08-15,UK,Apple Search Ads
USR_009707,2025-01-10,UK,Social Media Campaign
USR_009708,2025-04-22,AU,Organic App Store Search
USR_009709,2025-01-24,DE,Social Media Campaign
USR_009710,2025-06-17,CA,Organic App Store Search
USR_009711,2025-04-19,UK,Organic App Store Search
USR_009712,2025-07-09,US,Organic App Store Search
USR_009713,2025-07-15,US,Organic App Store Search
USR_009714,2025-02-02,JP,Web Referral
USR_009715,2025-07-24,UK,Organic App Store Search
USR_009716,2025-07-01,UK,Organic App Store Search
USR_009717,2025-05-27,DE,Apple Search Ads
USR_009718,2025-09-25,US,Organic App Store Search
USR_009719,2025-01-11,FR,Social Media Campaign
USR_009720,2025-03-11,DE,Web Referral
USR_009721,2025-09-13,DE,Organic App Store Search
USR_009722,2025-08-07,US,Organic App Store Search
USR_009723,2025-09-16,UK,Organic App Store Search
USR_009724,2025-01-03,US,Organic App Store Search
USR_009725,2025-03-25,UK,Organic App Store Search
USR_009726,2025-06-05,AU,Organic App Store Search
USR_009727,2025-05-31,US,Social Media Campaign
USR_009728,2025-06-25,CA,Organic App Store Search
USR_009729,2025-07-14,US,Organic App Store Search
USR_009730,2025-04-17,DE,Organic App Store Search
USR_009731,2025-05-14,UK,Apple Search Ads
USR_009732,2025-06-04,US,Organic App Store Search
USR_009733,2025-08-24,US,Organic App Store Search
USR_009734,2025-08-28,FR,Organic App Store Search
USR_009735,2025-01-13,UK,Organic App Store Search
USR_009736,2025-02-04,US,Organic App Store Search
USR_009737,2025-02-16,US,Web Referral
USR_009738,2025-08-02,US,Social Media Campaign
USR_009739,2025-05-26,DE,Apple Search Ads
USR_009740,2025-06-08,DE,Social Media Campaign
USR_009741,2025-05-05,US,Apple Search Ads
USR_009742,2025-04-20,US,Social Media Campaign
USR_009743,2025-02-06,US,Organic App Store Search
USR_009744,2025-01-14,JP,Apple Search Ads
USR_009745,2025-08-20,UK,Organic App Store Search
USR_009746,2025-05-04,DE,Organic App Store Search
USR_009747,2025-04-21,AU,Organic App Store Search
USR_009748,2025-05-04,FR,Apple Search Ads
USR_009749,2025-01-30,FR,Organic App Store Search
USR_009750,2025-04-25,US,Apple Search Ads
USR_009751,2025-03-31,JP,Apple Search Ads
USR_009752,2025-07-31,FR,Organic App Store Search
USR_009753,2025-02-07,US,Organic App Store Search
USR_009754,2025-03-24,DE,Organic App Store Search
USR_009755,2025-01-27,AU,Organic App Store Search
USR_009756,2025-08-05,DE,Apple Search Ads
USR_009757,2025-08-03,US,Apple Search Ads
USR_009758,2025-08-09,CA,Organic App Store Search
USR_009759,2025-01-15,US,Social Media Campaign
USR_009760,2025-09-16,DE,Social Media Campaign
USR_009761,2025-09-23,JP,Organic App Store Search
USR_009762,2025-04-30,CA,Apple Search Ads
USR_009763,2025-05-08,UK,Organic App Store Search
USR_009764,2025-07-30,AU,Apple Search Ads
USR_009765,2025-01-11,US,Organic App Store Search
USR_009766,2025-06-25,CA,Apple Search Ads
USR_009767,2025-05-13,AU,Organic App Store Search
USR_009768,2025-01-14,US,Web Referral
USR_009769,2025-02-19,US,Organic App Store Search
USR_009770,2025-03-13,AU,Organic App Store Search
USR_009771,2025-03-10,US,Organic App Store Search
USR_009772,2025-01-16,FR,Social Media Campaign
USR_009773,2025-02-25,US,Apple Search Ads
USR_009774,2025-04-15,US,Web Referral
USR_009775,2025-05-12,CA,Social Media Campaign
USR_009776,2025-02-17,CA,Apple Search Ads
USR_009777,2025-09-05,UK,Organic App Store Search
USR_009778,2025-04-21,CA,Organic App Store Search
USR_009779,2025-02-07,UK,Web Referral
USR_009780,2025-08-28,CA,Web Referral
USR_009781,2025-05-01,US,Organic App Store Search
USR_009782,2025-02-17,US,Apple Search Ads
USR_009783,2025-01-10,US,Apple Search Ads
USR_009784,2025-08-21,US,Apple Search Ads
USR_009785,2025-02-05,US,Social Media Campaign
USR_009786,2025-01-04,US,Organic App Store Search
USR_009787,2025-02-13,JP,Social Media Campaign
USR_009788,2025-02-25,US,Organic App Store Search
USR_009789,2025-02-11,US,Organic App Store Search
USR_009790,2025-09-12,DE,Organic App Store Search
USR_009791,2025-08-16,US,Apple Search Ads
USR_009792,2025-04-24,US,Apple Search Ads
USR_009793,2025-08-25,US,Apple Search Ads
USR_009794,2025-06-23,US,Apple Search Ads
USR_009795,2025-09-12,US,Apple Search Ads
USR_009796,2025-03-10,US,Organic App Store Search
USR_009797,2025-08-18,FR,Web Referral
USR_009798,2025-03-08,US,Organic App Store Search
USR_009799,2025-02-05,US,Apple Search Ads
USR_009800,2025-06-08,UK,Organic App Store Search
USR_009801,2025-05-29,US,Organic App Store Search
USR_009802,2025-01-27,US,Organic App Store Search
USR_009803,2025-03-13,DE,Web Referral
USR_009804,2025-09-05,FR,Organic App Store Search
USR_009805,2025-04-11,DE,Organic App Store Search
USR_009806,2025-07-09,US,Social Media Campaign
USR_009807,2025-04-06,JP,Organic App Store Search
USR_009808,2025-01-17,US,Social Media Campaign
USR_009809,2025-09-20,US,Social Media Campaign
USR_009810,2025-04-17,UK,Apple Search Ads
USR_009811,2025-03-09,AU,Organic App Store Search
USR_009812,2025-05-08,US,Organic App Store Search
USR_009813,2025-04-06,CA,Organic App Store Search
USR_009814,2025-01-01,FR,Organic App Store Search
USR_009815,2025-06-29,US,Organic App Store Search
USR_009816,2025-06-30,CA,Social Media Campaign
USR_009817,2025-08-23,US,Apple Search Ads
USR_009818,2025-01-08,US,Organic App Store Search
USR_009819,2025-01-27,US,Organic App Store Search
USR_009820,2025-05-26,CA,Apple Search Ads
USR_009821,2025-04-01,US,Organic App Store Search
USR_009822,2025-01-05,DE,Social Media Campaign
USR_009823,2025-03-23,JP,Organic App Store Search
USR_009824,2025-08-07,FR,Social Media Campaign
USR_009825,2025-04-28,US,Apple Search Ads
USR_009826,2025-03-22,US,Web Referral
USR_009827,2025-03-11,US,Organic App Store Search
USR_009828,2025-04-25,AU,Organic App Store Search
USR_009829,2025-09-20,JP,Apple Search Ads
USR_009830,2025-05-22,DE,Web Referral
USR_009831,2025-07-26,UK,Apple Search Ads
USR_009832,2025-04-21,US,Apple Search Ads
USR_009833,2025-04-22,DE,Organic App Store Search
USR_009834,2025-02-12,US,Organic App Store Search
USR_009835,2025-05-08,US,Organic App Store Search
USR_009836,2025-07-04,FR,Apple Search Ads
USR_009837,2025-08-17,UK,Organic App Store Search
USR_009838,2025-08-09,US,Organic App Store Search
USR_009839,2025-04-27,US,Apple Search Ads
USR_009840,2025-03-11,US,Web Referral
USR_009841,2025-03-11,CA,Apple Search Ads
USR_009842,2025-04-20,US,Apple Search Ads
USR_009843,2025-05-12,FR,Web Referral
USR_009844,2025-02-25,US,Organic App Store Search
USR_009845,2025-03-30,UK,Organic App Store Search
USR_009846,2025-05-17,US,Apple Search Ads
USR_009847,2025-05-11,US,Organic App Store Search
USR_009848,2025-08-06,CA,Organic App Store Search
USR_009849,2025-06-25,AU,Organic App Store Search
USR_009850,2025-06-20,US,Apple Search Ads
USR_009851,2025-04-10,UK,Organic App Store Search
USR_009852,2025-05-09,DE,Organic App Store Search
USR_009853,2025-02-26,US,Organic App Store Search
USR_009854,2025-06-30,US,Organic App Store Search
USR_009855,2025-09-03,US,Web Referral
USR_009856,2025-05-24,CA,Web Referral
USR_009857,2025-02-20,US,Social Media Campaign
USR_009858,2025-08-06,US,Web Referral
USR_009859,2025-04-14,CA,Organic App Store Search
USR_009860,2025-02-24,JP,Social Media Campaign
USR_009861,2025-09-14,US,Organic App Store Search
USR_009862,2025-06-05,US,Apple Search Ads
USR_009863,2025-02-22,UK,Organic App Store Search
USR_009864,2025-07-06,US,Social Media Campaign
USR_009865,2025-05-30,US,Organic App Store Search
USR_009866,2025-09-21,UK,Organic App Store Search
USR_009867,2025-09-07,FR,Social Media Campaign
USR_009868,2025-07-30,DE,Apple Search Ads
USR_009869,2025-01-25,US,Apple Search Ads
USR_009870,2025-06-01,DE,Apple Search Ads
USR_009871,2025-01-24,US,Organic App Store Search
USR_009872,2025-09-09,US,Apple Search Ads
USR_009873,2025-03-01,FR,Organic App Store Search
USR_009874,2025-03-07,FR,Social Media Campaign
USR_009875,2025-02-22,US,Apple Search Ads
USR_009876,2025-04-16,US,Web Referral
USR_009877,2025-04-06,US,Organic App Store Search
USR_009878,2025-06-25,UK,Organic App Store Search
USR_009879,2025-02-08,FR,Organic App Store Search
USR_009880,2025-06-17,US,Organic App Store Search
USR_009881,2025-02-11,US,Organic App Store Search
USR_009882,2025-04-14,US,Social Media Campaign
USR_009883,2025-07-23,US,Organic App Store Search
USR_009884,2025-01-08,DE,Apple Search Ads
USR_009885,2025-02-12,DE,Organic App Store Search
USR_009886,2025-04-20,US,Organic App Store Search
USR_009887,2025-07-29,US,Apple Search Ads
USR_009888,2025-08-25,US,Social Media Campaign
USR_009889,2025-02-18,UK,Organic App Store Search
USR_009890,2025-04-25,US,Organic App Store Search
USR_009891,2025-06-04,UK,Organic App Store Search
USR_009892,2025-05-17,US,Social Media Campaign
USR_009893,2025-06-16,US,Apple Search Ads
USR_009894,2025-07-18,DE,Web Referral
USR_009895,2025-03-12,US,Organic App Store Search
USR_009896,2025-01-07,DE,Web Referral
USR_009897,2025-07-19,UK,Social Media Campaign
USR_009898,2025-03-08,DE,Social Media Campaign
USR_009899,2025-05-18,US,Organic App Store Search
USR_009900,2025-08-30,AU,Apple Search Ads
USR_009901,2025-08-01,US,Apple Search Ads
USR_009902,2025-06-30,JP,Apple Search Ads
USR_009903,2025-09-11,AU,Organic App Store Search
USR_009904,2025-04-11,US,Apple Search Ads
USR_009905,2025-03-28,US,Web Referral
USR_009906,2025-07-04,FR,Apple Search Ads
USR_009907,2025-04-01,FR,Apple Search Ads
USR_009908,2025-09-05,FR,Apple Search Ads
USR_009909,2025-08-02,DE,Apple Search Ads
USR_009910,2025-09-06,DE,Organic App Store Search
USR_009911,2025-05-06,UK,Organic App Store Search
USR_009912,2025-01-04,US,Social Media Campaign
USR_009913,2025-03-29,US,Organic App Store Search
USR_009914,2025-05-31,CA,Social Media Campaign
USR_009915,2025-06-25,US,Social Media Campaign
USR_009916,2025-07-30,UK,Apple Search Ads
USR_009917,2025-09-16,US,Web Referral
USR_009918,2025-04-01,CA,Organic App Store Search
USR_009919,2025-09-16,US,Organic App Store Search
USR_009920,2025-07-10,UK,Organic App Store Search
USR_009921,2025-03-22,UK,Web Referral
USR_009922,2025-05-18,US,Web Referral
USR_009923,2025-05-06,FR,Organic App Store Search
USR_009924,2025-08-18,UK,Organic App Store Search
USR_009925,2025-01-20,FR,Organic App Store Search
USR_009926,2025-02-18,US,Apple Search Ads
USR_009927,2025-05-15,US,Apple Search Ads
USR_009928,2025-01-29,US,Apple Search Ads
USR_009929,2025-02-17,US,Social Media Campaign
USR_009930,2025-09-26,US,Apple Search Ads
USR_009931,2025-01-03,US,Organic App Store Search
USR_009932,2025-09-15,FR,Organic App Store Search
USR_009933,2025-01-16,FR,Social Media Campaign
USR_009934,2025-04-04,FR,Apple Search Ads
USR_009935,2025-05-14,JP,Organic App Store Search
USR_009936,2025-05-13,UK,Organic App Store Search
USR_009937,2025-02-01,UK,Social Media Campaign
USR_009938,2025-09-26,US,Organic App Store Search
USR_009939,2025-01-25,US,Apple Search Ads
USR_009940,2025-02-28,DE,Apple Search Ads
USR_009941,2025-08-01,FR,Organic App Store Search
USR_009942,2025-06-05,DE,Apple Search Ads
USR_009943,2025-07-29,DE,Organic App Store Search
USR_009944,2025-02-26,US,Organic App Store Search
USR_009945,2025-07-04,UK,Organic App Store Search
USR_009946,2025-02-23,UK,Apple Search Ads
USR_009947,2025-07-28,JP,Social Media Campaign
USR_009948,2025-09-09,FR,Organic App Store Search
USR_009949,2025-04-22,UK,Social Media Campaign
USR_009950,2025-01-06,US,Organic App Store Search
USR_009951,2025-07-10,US,Apple Search Ads
USR_009952,2025-01-13,US,Apple Search Ads
USR_009953,2025-02-13,FR,Apple Search Ads
USR_009954,2025-04-15,US,Organic App Store Search
USR_009955,2025-06-09,US,Organic App Store Search
USR_009956,2025-06-03,US,Organic App Store Search
USR_009957,2025-08-30,FR,Organic App Store Search
USR_009958,2025-06-30,UK,Social Media Campaign
USR_009959,2025-01-14,CA,Organic App Store Search
USR_009960,2025-06-29,US,Organic App Store Search
USR_009961,2025-09-21,US,Organic App Store Search
USR_009962,2025-06-17,US,Apple Search Ads
USR_009963,2025-08-02,DE,Social Media Campaign
USR_009964,2025-05-30,FR,Organic App Store Search
USR_009965,2025-01-16,UK,Organic App Store Search
USR_009966,2025-04-01,US,Social Media Campaign
USR_009967,2025-04-30,DE,Organic App Store Search
USR_009968,2025-09-10,CA,Apple Search Ads
USR_009969,2025-03-01,US,Social Media Campaign
USR_009970,2025-09-23,US,Organic App Store Search
USR_009971,2025-01-31,CA,Organic App Store Search
USR_009972,2025-01-21,UK,Organic App Store Search
USR_009973,2025-08-07,JP,Social Media Campaign
USR_009974,2025-03-22,FR,Apple Search Ads
USR_009975,2025-01-31,US,Organic App Store Search
USR_009976,2025-08-22,AU,Organic App Store Search
USR_009977,2025-02-05,US,Apple Search Ads
USR_009978,2025-05-12,CA,Organic App Store Search
USR_009979,2025-05-12,CA,Organic App Store Search
USR_009980,2025-01-09,UK,Apple Search Ads
USR_009981,2025-01-30,FR,Apple Search Ads
USR_009982,2025-04-25,AU,Organic App Store Search
USR_009983,2025-01-04,FR,Organic App Store Search
USR_009984,2025-08-25,US,Social Media Campaign
USR_009985,2025-01-23,US,Organic App Store Search
USR_009986,2025-01-16,CA,Apple Search Ads
USR_009987,2025-01-22,JP,Apple Search Ads
USR_009988,2025-03-13,US,Organic App Store Search
USR_009989,2025-08-18,US,Apple Search Ads
USR_009990,2025-04-17,US,Organic App Store Search
USR_009991,2025-07-27,UK,Apple Search Ads
USR_009992,2025-07-27,DE,Apple Search Ads
USR_009993,2025-09-20,AU,Social Media Campaign
USR_009994,2025-02-20,JP,Apple Search Ads
USR_009995,2025-03-06,DE,Organic App Store Search
USR_009996,2025-09-22,US,Organic App Store Search
USR_009997,2025-06-24,CA,Organic App Store Search
USR_009998,2025-06-01,CA,Web Referral
USR_009999,2025-09-23,JP,Web Referral
USR_010000,2025-06-12,US,Organic App Store Search
